Tenant id,Device id,IMEI/SN,IMEI2,Service,Current state,Registered at,First active at,Provisioning type,Brand,Model,Last action,Message title,Requester,Last changed,Last checkin,Expiration timestamp,Organization Name,Account Number,Due Date,Amount owed,Days past due
wewow-prod,0000139697775250,353168840100133,,POSTPAID,Active,2026-07-04 14:27:23,2026-07-10 19:34:23,Paytrigger,INFINIX,X6895,Default Activation,"",system@trustonic.com,2026-07-10 19:35:13,2026-07-10 19:47:45,,"city cell","","","",""
wewow-prod,0013937333557010,357524760275501,,POSTPAID,Active,2026-07-17 17:03:36,2026-07-17 17:08:39,KnoxGuard,SAMSUNG,SM-A266M/DS,Default Activation,"",system@trustonic.com,2026-07-17 17:13:38,2026-07-17 17:14:41,,"city cell","","","",""
wewow-prod,0017822634122282,351755483531855,,POSTPAID,Locked,2026-05-30 15:54:00,2026-05-30 15:58:46,KnoxGuard,SAMSUNG,SM-A075M,Lock,"",rcardenas@battycell.com,2026-07-02 19:43:48,2026-07-02 20:00:13,,"city cell","","","",""
wewow-prod,0043077184646260,350558668568093,,POSTPAID,Active,2026-05-26 20:23:39,2026-05-26 20:28:18,KnoxGuard,SAMSUNG,SM-A165M/DS,Send message,"Citycell",rcardenas@battycell.com,2026-07-19 10:25:32,2026-07-19 19:37:39,,"city cell","","","",""
wewow-prod,0079434205158911,357855578435931,,POSTPAID,Active,2026-03-29 10:07:15,2026-03-29 10:22:09,KnoxGuard,SAMSUNG,SM-A165M/DS,Unlock,"",rcardenas@battycell.com,2026-07-13 20:20:50,2026-07-13 20:20:49,,"city cell","","","",""
wewow-prod,0091395669748428,358021350060475,,POSTPAID,Locked,2026-07-06 13:51:17,2026-07-06 13:57:33,Paytrigger,TECNO,KN4,Lock,"",rcardenas@battycell.com,2026-07-19 07:17:52,2026-07-19 07:17:49,,"city cell","","","",""
wewow-prod,0099280265039677,352953411962784,,POSTPAID,Ready For Use,2026-07-14 17:19:39,,KnoxGuard,SAMSUNG,SM-A566E/DS,Register,"",rcardenas@battycell.com,2026-07-14 17:19:39,,,"city cell","","","",""
wewow-prod,0106561618099916,354526456613278,,POSTPAID,Active,2026-03-31 11:35:03,2026-03-31 11:39:36,Motosafe,MOTOROLA,XT2523-8,Unlock,"",rcardenas@battycell.com,2026-07-15 21:31:29,2026-07-15 21:31:29,,"city cell","","","",""
wewow-prod,0122523854736347,358021350050419,,POSTPAID,Active,2026-07-08 18:43:15,2026-07-08 18:47:26,Paytrigger,TECNO,KN4,Default Activation,"",system@trustonic.com,2026-07-08 18:48:31,2026-07-08 19:08:41,,"city cell","","","",""
wewow-prod,0134058711272576,350314670187971,,POSTPAID,Active,2026-04-30 18:40:49,2026-04-30 18:47:48,Paytrigger,TECNO,KM6,Unlock,"",rcardenas@battycell.com,2026-07-17 19:18:43,2026-07-17 19:18:40,,"city cell","","","",""
wewow-prod,0137479657706969,356304132568839,,POSTPAID,Ready For Use,2026-07-10 09:47:25,,Motosafe,MOTOROLA,XT2433-2,Register,"",rcardenas@battycell.com,2026-07-10 09:47:25,,,"city cell","","","",""
wewow-prod,0139807749460323,359055970352523,,POSTPAID,Released,2025-06-22 11:52:11,2025-06-22 11:57:36,Paytrigger,INFINIX,X6881,Release,"",atencion@solopsa.com.mx,2026-07-10 14:32:43,2026-07-10 12:24:56,,"city cell","","","",""
wewow-prod,0181102094912158,352159396819953,,POSTPAID,Locked,2026-03-22 11:54:28,2026-03-22 11:57:53,Motosafe,MOTOROLA,XT2435-2,Lock,"",rcardenas@battycell.com,2026-07-08 02:05:44,2026-07-08 02:05:44,,"city cell","","","",""
wewow-prod,0194664701118992,357592330022778,,POSTPAID,Active,2026-04-18 15:21:31,2026-04-18 15:25:23,Paytrigger,INFINIX,X6885,Send message,"Citycell",rcardenas@battycell.com,2026-07-16 10:19:21,2026-07-16 09:00:09,,"city cell","","","",""
wewow-prod,0200374916022410,358021350063651,,POSTPAID,Active,2026-06-21 14:07:50,2026-06-21 14:12:35,Paytrigger,TECNO,KN4,Send message,"Citycell",rcardenas@battycell.com,2026-07-18 10:25:53,2026-07-18 12:16:26,,"city cell","","","",""
wewow-prod,0200919605419204,354526456734934,,POSTPAID,Active,2025-12-12 17:15:17,2025-12-12 17:19:06,Motosafe,MOTOROLA,XT2523-8,Unlock,"",rcardenas@battycell.com,2026-07-02 16:19:43,2026-07-02 16:19:44,,"city cell","","","",""
wewow-prod,0205427221082808,352859163095030,,POSTPAID,Active,2025-11-23 18:05:31,2025-11-23 18:10:04,KnoxGuard,SAMSUNG,SM-A075M,Unlock,"",rcardenas@battycell.com,2026-07-15 17:34:42,2026-07-16 01:13:24,,"city cell","","","",""
wewow-prod,0237714563313744,357592330502928,,POSTPAID,Locked,2026-05-16 16:58:02,2026-05-16 17:01:00,Paytrigger,INFINIX,X6885,Lock,"",rcardenas@battycell.com,2026-07-05 12:02:35,2026-07-05 12:02:32,,"city cell","","","",""
wewow-prod,0241365188298281,863949070564152,,POSTPAID,Active,2026-03-02 20:05:21,2026-03-02 20:12:33,R-Guard,REALME,RMX3939,Send message,"Citycell",rcardenas@battycell.com,2026-07-13 10:18:56,2026-07-13 11:56:08,,"city cell","","","",""
wewow-prod,0258257437539161,353207808630119,,POSTPAID,Active,2026-07-17 18:40:04,2026-07-17 18:50:07,KnoxGuard,SAMSUNG,SM-A075M,Default Activation,"",system@trustonic.com,2026-07-17 18:52:01,2026-07-17 19:33:07,,"city cell","","","",""
wewow-prod,0291119759312367,357645853149038,,POSTPAID,Ready For Use,2026-07-13 09:12:26,,Paytrigger,INFINIX,X6728,Register,"",rcardenas@battycell.com,2026-07-13 09:12:26,,,"city cell","","","",""
wewow-prod,0302728635228058,357113745068023,,POSTPAID,Active,2026-07-18 11:32:43,2026-07-18 11:36:24,KnoxGuard,SAMSUNG,SM-A075M/DS,Default Activation,"",system@trustonic.com,2026-07-18 11:38:07,2026-07-18 15:10:45,,"city cell","","","",""
wewow-prod,0313450942506620,353207808657278,,POSTPAID,Active,2026-07-18 19:02:58,2026-07-18 19:08:31,KnoxGuard,SAMSUNG,SM-A075M,Default Activation,"",system@trustonic.com,2026-07-18 19:09:38,2026-07-18 19:27:43,,"city cell","","","",""
wewow-prod,0317442895406893,359488350764571,,POSTPAID,Active,2026-01-02 10:50:55,2026-01-02 10:55:19,Motosafe,MOTOROLA,XT2523-2,Unlock,"",rcardenas@battycell.com,2026-07-18 00:50:55,2026-07-18 00:50:55,,"city cell","","","",""
wewow-prod,0336889478502864,358021350204370,,POSTPAID,Active,2026-06-14 13:42:52,2026-06-14 13:46:47,Paytrigger,TECNO,KN4,Send message,"Citycell",rcardenas@battycell.com,2026-07-19 10:28:18,2026-07-19 11:53:56,,"city cell","","","",""
wewow-prod,0338096978871412,353207805579681,,POSTPAID,Active,2026-07-17 18:14:10,2026-07-17 18:20:55,KnoxGuard,SAMSUNG,SM-A075M,Default Activation,"",system@trustonic.com,2026-07-17 18:23:17,2026-07-17 18:22:26,,"city cell","","","",""
wewow-prod,0361810048792857,357592330077723,,POSTPAID,Active,2026-03-28 16:46:46,2026-03-28 16:52:18,Paytrigger,INFINIX,X6885,Unlock,"",rcardenas@battycell.com,2026-07-15 13:55:34,2026-07-15 13:55:30,,"city cell","","","",""
wewow-prod,0366859860532736,351129120642956,,POSTPAID,Active,2026-05-17 14:22:20,2026-05-17 14:27:14,Paytrigger,INFINIX,X6725,Unlock,"",rcardenas@battycell.com,2026-07-14 11:41:39,2026-07-14 11:41:37,,"city cell","","","",""
wewow-prod,0402453954911529,355436690959603,,POSTPAID,Active,2026-03-06 19:10:32,2026-03-06 19:16:16,KnoxGuard,SAMSUNG,SM-A165M,Send message,"Citycell",rcardenas@battycell.com,2026-07-19 10:15:40,2026-07-19 10:13:08,,"city cell","","","",""
wewow-prod,0431257947356828,358812272384443,,POSTPAID,Locked,2025-06-29 10:47:42,2025-06-29 10:48:53,Paytrigger,TECNO,KL4,Lock,"",rcardenas@battycell.com,2026-07-04 18:39:07,2026-07-04 18:39:03,,"city cell","","","",""
wewow-prod,0432332891065495,351129120687118,,POSTPAID,Active,2026-05-23 15:40:27,2026-05-23 15:48:39,Paytrigger,INFINIX,X6725,Unlock,"",rcardenas@battycell.com,2026-07-17 13:27:11,2026-07-17 13:27:07,,"city cell","","","",""
wewow-prod,0441153623288678,357764830015988,,POSTPAID,Active,2026-03-07 11:55:22,2026-03-07 11:58:02,KnoxGuard,SAMSUNG,SM-A266M/DS,Unlock,"",rcardenas@battycell.com,2026-07-18 16:21:52,2026-07-18 16:21:47,,"city cell","","","",""
wewow-prod,0444117751860343,358021350056796,,POSTPAID,Active,2026-06-29 14:57:45,2026-06-29 15:06:19,Paytrigger,TECNO,KN4,Unlock,"",rcardenas@battycell.com,2026-07-16 10:16:13,2026-07-16 10:16:11,,"city cell","","","",""
wewow-prod,0461510250529430,352169183160016,,POSTPAID,Active,2026-01-06 14:07:47,2026-01-06 14:20:04,KnoxGuard,SAMSUNG,SM-A075M/DS,Send message,"Citycell",rcardenas@battycell.com,2026-07-13 10:16:51,2026-07-13 13:01:08,,"city cell","","","",""
wewow-prod,0473988142709001,355174186671867,,POSTPAID,Active,2026-01-05 13:25:24,2026-01-05 13:31:12,KnoxGuard,SAMSUNG,SM-A366E,Send message,"Citycell",rcardenas@battycell.com,2026-07-18 10:08:44,2026-07-18 17:20:03,,"city cell","","","",""
wewow-prod,0487746535226222,358021350053850,,POSTPAID,Active,2026-07-11 14:59:46,2026-07-11 15:06:08,Paytrigger,TECNO,KN4,Unlock,"",rcardenas@battycell.com,2026-07-19 11:20:38,2026-07-19 11:20:35,,"city cell","","","",""
wewow-prod,0491237780046075,350182152982239,,POSTPAID,Locked,2026-01-30 10:55:03,2026-01-30 11:04:44,KnoxGuard,SAMSUNG,SM-A266M,Lock,"",rcardenas@battycell.com,2026-07-14 16:27:21,2026-07-14 22:23:24,,"city cell","","","",""
wewow-prod,0509267778641601,353207808630085,,POSTPAID,Active,2026-07-17 16:50:41,2026-07-17 16:53:22,KnoxGuard,SAMSUNG,SM-A075M,Default Activation,"",system@trustonic.com,2026-07-17 16:55:52,2026-07-17 16:54:40,,"city cell","","","",""
wewow-prod,0514573159675643,350182152820983,,POSTPAID,Active,2025-12-12 17:49:20,2025-12-12 17:54:40,KnoxGuard,SAMSUNG,SM-A266M,Unlock,"",rcardenas@battycell.com,2026-07-17 19:43:54,2026-07-17 19:43:50,,"city cell","","","",""
wewow-prod,0514667321359602,358021350043687,,POSTPAID,Active,2026-07-10 12:47:32,2026-07-10 12:56:33,Paytrigger,TECNO,KN4,Unlock,"",rcardenas@battycell.com,2026-07-18 11:23:28,2026-07-18 11:23:25,,"city cell","","","",""
wewow-prod,0545556877861996,353313362319915,,POSTPAID,Active,2026-03-13 18:27:13,2026-03-13 18:32:14,KnoxGuard,SAMSUNG,SM-A356E,Unlock,"",rcardenas@battycell.com,2026-07-11 10:01:48,2026-07-11 10:02:06,,"city cell","","","",""
wewow-prod,0580357691486989,357764830005963,,POSTPAID,Active,2026-03-08 17:40:54,2026-03-08 18:02:21,KnoxGuard,SAMSUNG,SM-A266M/DS,Unlock,"",rcardenas@battycell.com,2026-07-18 11:03:51,2026-07-18 11:03:48,,"city cell","","","",""
wewow-prod,0584459894923896,353168840015208,,POSTPAID,Active,2026-07-01 17:03:55,2026-07-01 17:10:17,Paytrigger,INFINIX,X6895,Send message,"Citycell",rcardenas@battycell.com,2026-07-14 10:31:14,2026-07-14 11:16:20,,"city cell","","","",""
wewow-prod,0593270808584786,359055974666662,,POSTPAID,Active,2025-02-12 15:22:14,2025-02-12 15:29:22,Paytrigger,INFINIX,X6881,Unlock,"",rcardenas@battycell.com,2026-07-14 19:02:34,2026-07-14 19:02:30,,"city cell","","","",""
wewow-prod,0607839602628937,357592330500872,,POSTPAID,Active,2026-06-07 10:39:51,2026-06-07 10:53:41,Paytrigger,INFINIX,X6885,Send message,"Citycell",rcardenas@battycell.com,2026-07-18 10:22:42,2026-07-18 11:03:02,,"city cell","","","",""
wewow-prod,0608393669092229,353168840029878,,POSTPAID,Active,2026-07-12 08:52:27,2026-07-12 09:00:46,Paytrigger,INFINIX,X6895,Send message,"Citycell",rcardenas@battycell.com,2026-07-18 10:29:18,2026-07-12 09:02:45,,"city cell","","","",""
wewow-prod,0621093033778559,358021350096776,,POSTPAID,Active,2026-06-17 16:25:50,2026-06-17 16:32:23,Paytrigger,TECNO,KN4,Unlock,"",rcardenas@battycell.com,2026-07-18 17:29:39,2026-07-18 17:29:36,,"city cell","","","",""
wewow-prod,0632902291065468,358021350082032,,POSTPAID,Active,2026-07-14 12:39:31,2026-07-14 12:43:51,Paytrigger,TECNO,KN4,Default Activation,"",system@trustonic.com,2026-07-14 12:45:08,2026-07-14 12:52:21,,"city cell","","","",""
wewow-prod,0649978127950446,358021350153882,,POSTPAID,Active,2026-06-14 18:44:25,2026-06-14 18:49:41,Paytrigger,TECNO,KN4,Send message,"Citycell",rcardenas@battycell.com,2026-07-19 10:28:52,2026-07-19 09:28:05,,"city cell","","","",""
wewow-prod,0680336762844014,350829440528907,,POSTPAID,Active,2026-07-05 18:15:48,2026-07-05 18:17:44,Paytrigger,INFINIX,X6887,Send message,"Citycell",rcardenas@battycell.com,2026-07-19 10:33:42,2026-07-19 11:14:46,,"city cell","","","",""
wewow-prod,0682254981982431,358021350090498,,POSTPAID,Active,2026-06-14 13:57:05,2026-06-14 14:02:22,Paytrigger,TECNO,KN4,Unlock,"",rcardenas@battycell.com,2026-07-14 15:47:18,2026-07-14 15:47:13,,"city cell","","","",""
wewow-prod,0682646552241043,352169183160628,,POSTPAID,Active,2026-01-02 12:27:35,2026-01-02 12:32:04,KnoxGuard,SAMSUNG,SM-A075M/DS,Send message,"Citycell",rcardenas@battycell.com,2026-07-15 10:13:16,2026-07-16 04:22:50,,"city cell","","","",""
wewow-prod,0687547218969712,350314670258533,,POSTPAID,Locked,2026-04-22 17:49:36,2026-04-22 17:54:11,Paytrigger,TECNO,KM6,Lock,"",rcardenas@battycell.com,2026-07-19 03:23:37,2026-07-19 03:23:33,,"city cell","","","",""
wewow-prod,0728348418652901,356034163486482,,POSTPAID,Locked,2026-03-14 14:27:16,2026-03-14 14:35:46,KnoxGuard,SAMSUNG,SM-A165M,Lock,"",rcardenas@battycell.com,2026-07-07 01:30:19,2026-07-07 01:30:26,,"city cell","","","",""
wewow-prod,0738548127662694,355913388843802,,POSTPAID,Active,2025-05-19 12:55:27,2025-05-19 13:03:43,Motosafe,MOTOROLA,XT2425-1,Unlock,"",rcardenas@battycell.com,2026-07-17 08:40:12,2026-07-17 08:40:12,,"city cell","","","",""
wewow-prod,0763093798165711,358021350041806,,POSTPAID,Active,2026-06-29 18:00:48,2026-06-29 18:05:47,Paytrigger,TECNO,KN4,Send message,"Citycell",rcardenas@battycell.com,2026-07-17 10:31:35,2026-07-16 23:34:12,,"city cell","","","",""
wewow-prod,0785842878211669,352169181793800,,POSTPAID,Released,2026-01-05 10:38:02,2026-01-05 10:48:14,KnoxGuard,SAMSUNG,SM-A075M/DS,Release,"",rcardenas@battycell.com,2026-07-08 20:27:56,2026-07-07 22:01:58,,"city cell","","","",""
wewow-prod,0805589747773712,350182151355429,,POSTPAID,Active,2025-12-15 19:45:35,2025-12-15 19:51:17,KnoxGuard,SAMSUNG,SM-A266M,Unlock,"",rcardenas@battycell.com,2026-07-19 13:44:08,2026-07-19 13:44:05,,"city cell","","","",""
wewow-prod,0831920515980796,350455581349216,,POSTPAID,Active,2026-02-24 10:42:39,2026-02-24 10:44:54,KnoxGuard,SAMSUNG,SM-A165M/DS,Send message,"Citycell",rcardenas@battycell.com,2026-07-19 10:14:32,2026-07-14 23:14:49,,"city cell","","","",""
wewow-prod,0834194096383335,350314670193748,,POSTPAID,Locked,2026-05-29 11:02:10,2026-05-29 11:07:02,Paytrigger,TECNO,KM6,Lock,"",rcardenas@battycell.com,2026-07-05 02:16:21,2026-07-05 02:16:18,,"city cell","","","",""
wewow-prod,0841726704371688,352169186025174,,POSTPAID,Active,2026-07-18 12:55:05,2026-07-18 13:02:30,KnoxGuard,SAMSUNG,SM-A075M/DS,Default Activation,"",system@trustonic.com,2026-07-18 13:05:23,2026-07-18 13:09:52,,"city cell","","","",""
wewow-prod,0850144103107529,357592330479390,,POSTPAID,Active,2026-06-29 11:22:28,2026-06-29 11:27:05,Paytrigger,INFINIX,X6885,Send message,"Citycell",rcardenas@battycell.com,2026-07-18 10:27:11,2026-07-18 10:34:58,,"city cell","","","",""
wewow-prod,1061632714009036,357113746771864,,POSTPAID,Active,2026-07-18 11:27:47,2026-07-18 11:33:31,KnoxGuard,SAMSUNG,SM-A075M/DS,Default Activation,"",system@trustonic.com,2026-07-18 11:34:57,2026-07-18 11:33:54,,"city cell","","","",""
wewow-prod,0857667660009209,863949070512672,,POSTPAID,Active,2026-02-21 13:56:14,2026-02-21 13:58:22,R-Guard,REALME,RMX3939,Send message,"Citycell",rcardenas@battycell.com,2026-07-19 10:12:54,2026-07-19 11:49:40,,"city cell","","","",""
wewow-prod,0893843748460807,354526456737093,,POSTPAID,Active,2025-12-31 13:02:25,2025-12-31 13:08:58,Motosafe,MOTOROLA,XT2523-8,Send message,"Citycell",rcardenas@battycell.com,2026-07-18 10:07:02,2026-07-18 10:07:03,,"city cell","","","",""
wewow-prod,0910643476093232,350314670275842,,POSTPAID,Active,2026-04-26 17:02:36,2026-04-26 17:22:00,Paytrigger,TECNO,KM6,Send message,"Citycell",rcardenas@battycell.com,2026-07-17 10:22:41,2026-07-17 10:04:38,,"city cell","","","",""
wewow-prod,0941143276484510,350455583674181,,POSTPAID,Active,2026-01-27 16:16:25,2026-01-27 16:21:32,KnoxGuard,SAMSUNG,SM-A165M/DS,Send message,"Citycell",rcardenas@battycell.com,2026-07-13 10:17:54,2026-07-14 04:05:42,,"city cell","","","",""
wewow-prod,0973170752304434,353168840034381,,POSTPAID,Active,2026-07-11 15:42:19,2026-07-11 15:47:05,Paytrigger,INFINIX,X6895,Send message,"Citycell",rcardenas@battycell.com,2026-07-17 10:36:19,2026-07-17 12:24:42,,"city cell","","","",""
wewow-prod,0973914670643773,353168840102584,,POSTPAID,Active,2026-07-18 18:32:39,2026-07-18 18:43:58,Paytrigger,INFINIX,X6895,Default Activation,"",system@trustonic.com,2026-07-18 18:45:09,2026-07-18 19:00:13,,"city cell","","","",""
wewow-prod,0983459502949713,357113742525389,,POSTPAID,Active,2026-07-17 16:26:39,2026-07-17 16:45:25,KnoxGuard,SAMSUNG,SM-A075M/DS,Default Activation,"",system@trustonic.com,2026-07-17 16:45:59,2026-07-17 16:46:45,,"city cell","","","",""
wewow-prod,0990244006426471,358224900228879,,POSTPAID,Active,2026-01-30 18:07:02,2026-01-30 18:12:27,KnoxGuard,SAMSUNG,SM-A176B/DS,Unlock,"",atencion@solopsa.com.mx,2026-07-16 13:22:36,2026-07-16 13:22:37,,"city cell","","","",""
wewow-prod,1000098555987316,353207808630218,,POSTPAID,Active,2026-07-18 08:10:49,2026-07-18 08:32:55,KnoxGuard,SAMSUNG,SM-A075M,Default Activation,"",system@trustonic.com,2026-07-18 08:34:49,2026-07-18 08:40:45,,"city cell","","","",""
wewow-prod,1012270061008716,356034161664205,,POSTPAID,Active,2026-03-30 14:25:37,2026-03-30 14:33:08,KnoxGuard,SAMSUNG,SM-A165M,Send message,"Citycell",rcardenas@battycell.com,2026-07-17 10:59:31,2026-07-17 19:52:09,,"city cell","","","",""
wewow-prod,1020302329164303,350829440524922,,POSTPAID,Active,2026-07-09 18:25:36,2026-07-09 18:31:12,Paytrigger,INFINIX,X6887,Send message,"Citycell",rcardenas@battycell.com,2026-07-17 10:33:45,2026-07-17 12:33:46,,"city cell","","","",""
wewow-prod,1035960980673243,357113746784610,,POSTPAID,Active,2026-07-18 16:57:40,2026-07-18 17:12:31,KnoxGuard,SAMSUNG,SM-A075M/DS,Default Activation,"",system@trustonic.com,2026-07-18 17:13:43,2026-07-18 17:14:27,,"city cell","","","",""
wewow-prod,1038343382064553,356879580943881,,POSTPAID,Active,2025-07-23 18:42:48,2025-07-23 18:51:09,KnoxGuard,SAMSUNG,SM-A166M,Unlock,"",rcardenas@battycell.com,2026-07-02 18:43:30,2026-07-02 18:43:27,,"city cell","","","",""
wewow-prod,1047199692136109,357113742614910,,POSTPAID,Active,2026-07-19 12:31:50,2026-07-19 12:43:29,KnoxGuard,SAMSUNG,SM-A075M/DS,Default Activation,"",system@trustonic.com,2026-07-19 12:44:44,2026-07-19 12:49:38,,"city cell","","","",""
wewow-prod,1058594705359604,357592330035986,,POSTPAID,Active,2026-04-30 13:16:05,2026-04-30 13:18:06,Paytrigger,INFINIX,X6885,Send message,"Citycell",rcardenas@battycell.com,2026-07-19 10:22:20,2026-07-19 11:55:31,,"city cell","","","",""
wewow-prod,1072785640698417,353168840025272,,POSTPAID,Active,2026-07-04 16:14:02,2026-07-04 16:24:20,Paytrigger,INFINIX,X6895,Send message,"Citycell",rcardenas@battycell.com,2026-07-17 10:32:57,2026-07-17 09:34:42,,"city cell","","","",""
wewow-prod,1073692624136980,358021350202283,,POSTPAID,Active,2026-06-13 12:40:35,2026-06-13 12:44:11,Paytrigger,TECNO,KN4,Send message,"Citycell",rcardenas@battycell.com,2026-07-18 10:23:26,2026-07-18 09:53:15,,"city cell","","","",""
wewow-prod,1099796660721183,353207805609272,,POSTPAID,Locked,2026-05-24 14:52:59,2026-05-24 14:57:52,KnoxGuard,SAMSUNG,SM-A075M,Lock,"",rcardenas@battycell.com,2026-07-19 05:13:46,2026-07-19 05:13:40,,"city cell","","","",""
wewow-prod,1120414810219905,355708561100313,,POSTPAID,Active,2026-07-14 18:19:23,2026-07-14 18:25:25,KnoxGuard,SAMSUNG,SM-A576B/DS,Default Activation,"",system@trustonic.com,2026-07-14 18:26:04,2026-07-14 18:30:52,,"city cell","","","",""
wewow-prod,1135022175593630,353002770081189,,POSTPAID,Locked,2026-06-16 14:10:46,2026-06-16 14:15:13,Paytrigger,INFINIX,CM6,Lock,"",rcardenas@battycell.com,2026-07-16 02:36:25,2026-07-16 02:36:20,,"city cell","","","",""
wewow-prod,1167670237940560,352859167241341,,POSTPAID,Released,2025-11-28 19:27:41,2025-11-28 19:35:23,KnoxGuard,SAMSUNG,SM-A075M,Release,"",soporte@solopsa.com.mx,2026-07-11 17:50:08,2026-07-11 05:10:26,,"city cell","","","",""
wewow-prod,1181386827216981,358021350175877,,POSTPAID,Active,2026-06-19 15:04:23,2026-06-19 15:11:13,Paytrigger,TECNO,KN4,Send message,"Citycell",rcardenas@battycell.com,2026-07-16 10:26:53,2026-07-16 09:42:05,,"city cell","","","",""
wewow-prod,1199192424037552,358021350063461,,POSTPAID,Active,2026-06-12 10:44:19,2026-06-12 10:50:53,Paytrigger,TECNO,KN4,Unlock,"",rcardenas@battycell.com,2026-07-13 10:37:17,2026-07-13 10:37:13,,"city cell","","","",""
wewow-prod,1202910935721839,350829440540936,,POSTPAID,Active,2026-07-08 16:03:16,2026-07-08 16:06:58,Paytrigger,INFINIX,X6887,Unlock,"",rcardenas@battycell.com,2026-07-16 18:39:36,2026-07-16 18:39:30,,"city cell","","","",""
wewow-prod,1218226472822047,357592330304937,,POSTPAID,Active,2026-05-26 18:54:48,2026-05-26 19:12:16,Paytrigger,INFINIX,X6885,Send message,"Citycell",rcardenas@battycell.com,2026-07-13 10:29:46,2026-07-10 22:43:44,,"city cell","","","",""
wewow-prod,1236980122184871,357113742566060,,POSTPAID,Ready For Use,2026-07-18 15:55:37,,KnoxGuard,SAMSUNG,SM-A075M/DS,Register,"",rcardenas@battycell.com,2026-07-18 15:55:37,,,"city cell","","","",""
wewow-prod,1266627310638592,358021350064600,,POSTPAID,Active,2026-07-19 18:42:30,2026-07-19 18:46:59,Paytrigger,TECNO,KN4,Default Activation,"",system@trustonic.com,2026-07-19 18:48:01,2026-07-19 19:57:54,,"city cell","","","",""
wewow-prod,1328766405708202,358021350065011,,POSTPAID,Active,2026-06-28 12:06:13,2026-07-15 13:17:09,Paytrigger,TECNO,KN4,Default Activation,"",system@trustonic.com,2026-07-15 13:18:41,2026-07-15 13:20:35,,"city cell","","","",""
wewow-prod,1339767947750030,354526455470019,,POSTPAID,Active,2026-01-05 15:52:24,2026-01-05 16:01:24,Motosafe,MOTOROLA,XT2523-8,Unlock,"",rcardenas@battycell.com,2026-07-08 14:04:53,2026-07-08 14:10:47,,"city cell","","","",""
wewow-prod,1346669524015817,357592330413738,,POSTPAID,Active,2026-07-09 11:52:01,2026-07-09 11:57:52,Paytrigger,INFINIX,X6885,Unlock,"",rcardenas@battycell.com,2026-07-19 12:11:05,2026-07-19 12:11:02,,"city cell","","","",""
wewow-prod,1354947736246142,353181617869780,,POSTPAID,Active,2026-05-15 18:34:26,2026-05-15 18:44:14,KnoxGuard,SAMSUNG,SM-A175F,Send message,"Citycell",rcardenas@battycell.com,2026-07-16 10:23:17,2026-07-16 04:00:23,,"city cell","","","",""
wewow-prod,1370713626128695,353207808656015,,POSTPAID,Active,2026-07-17 18:26:44,2026-07-17 18:37:43,KnoxGuard,SAMSUNG,SM-A075M,Default Activation,"",system@trustonic.com,2026-07-17 18:39:09,2026-07-17 18:40:36,,"city cell","","","",""
wewow-prod,1386397704003755,357592330041240,,POSTPAID,Active,2026-04-28 14:07:57,2026-04-28 14:11:11,Paytrigger,INFINIX,X6885,Unlock,"",rcardenas@battycell.com,2026-07-13 11:23:24,2026-07-13 11:23:22,,"city cell","","","",""
wewow-prod,1443251172803658,350455587144553,,POSTPAID,Active,2026-05-15 16:46:51,2026-05-15 16:55:16,KnoxGuard,SAMSUNG,SM-A165M/DS,Send message,"Citycell",rcardenas@battycell.com,2026-07-18 10:19:21,2026-07-19 04:00:13,,"city cell","","","",""
wewow-prod,1488828202938587,358021350047704,,POSTPAID,Active,2026-06-21 12:51:10,2026-06-21 12:57:00,Paytrigger,TECNO,KN4,Send message,"Citycell",rcardenas@battycell.com,2026-07-18 10:25:12,2026-07-18 06:33:32,,"city cell","","","",""
wewow-prod,1491316464827937,358021350096966,,POSTPAID,Locked,2026-07-10 13:05:19,2026-07-10 13:09:23,Paytrigger,TECNO,KN4,Lock,"",rcardenas@battycell.com,2026-07-18 01:28:23,2026-07-18 01:28:20,,"city cell","","","",""
wewow-prod,1494480335795022,356700840270024,,POSTPAID,Active,2026-07-05 17:55:22,2026-07-05 18:03:27,KnoxGuard,SAMSUNG,SM-A366E/DS,Send message,"Citycell",rcardenas@battycell.com,2026-07-18 10:29:10,2026-07-18 23:02:17,,"city cell","","","",""
wewow-prod,1504422873530461,358812272018082,,POSTPAID,Locked,2025-06-15 13:16:02,2025-06-15 13:20:07,Paytrigger,TECNO,KL4,Lock,"",rcardenas@battycell.com,2026-07-15 14:10:17,2026-07-15 14:10:13,,"city cell","","","",""
wewow-prod,1510010581848300,353168840106882,,POSTPAID,Locked,2026-07-09 17:45:27,2026-07-09 18:51:31,Paytrigger,INFINIX,X6895,Lock,"",rcardenas@battycell.com,2026-07-17 02:37:10,2026-07-17 02:37:06,,"city cell","","","",""
wewow-prod,1529293820443969,350275600296291,,POSTPAID,Locked,2026-05-11 18:42:56,2026-05-11 18:48:39,Paytrigger,TECNO,KM4,Lock,"",rcardenas@battycell.com,2026-07-19 06:21:15,2026-07-19 06:21:10,,"city cell","","","",""
wewow-prod,1533880977798646,358021350127159,,POSTPAID,Released,2026-06-17 16:11:08,2026-07-15 16:28:37,Paytrigger,TECNO,KN4,Release,"",atencion@solopsa.com.mx,2026-07-15 16:38:30,2026-07-15 16:39:44,,"city cell","","","",""
wewow-prod,1534288399269501,358021350197640,,POSTPAID,Locked,2026-06-14 18:22:32,2026-06-14 18:26:53,Paytrigger,TECNO,KN4,Lock,"",rcardenas@battycell.com,2026-07-06 17:23:00,2026-07-06 17:22:55,,"city cell","","","",""
wewow-prod,1535883889115779,358021350060178,,POSTPAID,Ready For Use,2026-07-17 14:08:06,,Paytrigger,TECNO,KN4,Register,"",rcardenas@battycell.com,2026-07-17 14:08:06,,,"city cell","","","",""
wewow-prod,1537485872893436,354715604229661,,POSTPAID,Active,2026-05-26 17:55:23,2026-05-26 18:10:41,KnoxGuard,SAMSUNG,SM-A065M,Send message,"Citycell",rcardenas@battycell.com,2026-07-17 10:55:47,2026-07-12 13:38:06,,"city cell","","","",""
wewow-prod,1557883966856621,353168840093791,,POSTPAID,Active,2026-07-10 18:47:32,2026-07-10 18:56:18,Paytrigger,INFINIX,X6895,Send message,"Citycell",rcardenas@battycell.com,2026-07-16 10:33:46,2026-07-16 09:16:10,,"city cell","","","",""
wewow-prod,1570809674026236,357592330477733,,POSTPAID,Active,2026-07-11 12:50:39,2026-07-11 12:55:53,Paytrigger,INFINIX,X6885,Send message,"Citycell",rcardenas@battycell.com,2026-07-17 10:35:13,2026-07-15 17:05:11,,"city cell","","","",""
wewow-prod,1580775468610349,350275600055937,,POSTPAID,Active,2026-05-12 16:26:24,2026-05-12 16:37:49,Paytrigger,TECNO,KM4,Send message,"Citycell",rcardenas@battycell.com,2026-07-14 10:21:26,2026-07-14 10:37:19,,"city cell","","","",""
wewow-prod,1587325058107960,351129120510542,,POSTPAID,Active,2026-05-06 08:35:50,2026-05-06 08:41:39,Paytrigger,INFINIX,X6725,Unlock,"",rcardenas@battycell.com,2026-07-18 11:59:25,2026-07-18 11:59:21,,"city cell","","","",""
wewow-prod,1618099601027775,350473650841377,,POSTPAID,Active,2026-05-23 14:06:05,2026-05-23 14:10:30,KnoxGuard,SAMSUNG,SM-A176B,Send message,"Citycell",rcardenas@battycell.com,2026-07-14 10:23:54,2026-07-14 16:21:59,,"city cell","","","",""
wewow-prod,1657585725070221,357592330476305,,POSTPAID,Active,2026-07-10 15:34:02,2026-07-10 15:40:06,Paytrigger,INFINIX,X6885,Send message,"Citycell",rcardenas@battycell.com,2026-07-16 10:32:35,2026-07-16 09:50:54,,"city cell","","","",""
wewow-prod,1667323826369347,350314670204388,,POSTPAID,Active,2026-05-29 19:37:16,2026-05-29 19:51:33,Paytrigger,TECNO,KM6,Send message,"Citycell",rcardenas@battycell.com,2026-07-18 10:21:28,2026-07-18 11:24:08,,"city cell","","","",""
wewow-prod,1747978300909132,358021350283184,,POSTPAID,Active,2026-07-19 12:25:31,2026-07-19 12:30:13,Paytrigger,TECNO,KN4,Default Activation,"",system@trustonic.com,2026-07-19 12:30:40,2026-07-19 12:32:46,,"city cell","","","",""
wewow-prod,1792436487717839,353168840021487,,POSTPAID,Active,2026-07-11 15:35:42,2026-07-11 15:47:24,Paytrigger,INFINIX,X6895,Unlock,"",rcardenas@battycell.com,2026-07-19 09:32:42,2026-07-19 09:32:38,,"city cell","","","",""
wewow-prod,1799209026199516,350558668523072,,POSTPAID,Locked,2026-05-30 13:41:40,2026-05-30 13:56:50,KnoxGuard,SAMSUNG,SM-A165M/DS,Lock,"",rcardenas@battycell.com,2026-07-12 01:27:19,2026-07-12 01:27:14,,"city cell","","","",""
wewow-prod,1846634641418195,350558668464723,,POSTPAID,Active,2026-05-22 14:23:10,2026-05-22 14:54:26,KnoxGuard,SAMSUNG,SM-A165M/DS,Unlock,"",rcardenas@battycell.com,2026-07-16 17:20:56,2026-07-16 17:23:54,,"city cell","","","",""
wewow-prod,1849787182558765,353168840028169,,POSTPAID,Active,2026-07-03 17:08:23,2026-07-03 17:14:17,Paytrigger,INFINIX,X6895,Unlock,"",rcardenas@battycell.com,2026-07-18 04:00:24,2026-07-18 04:00:20,,"city cell","","","",""
wewow-prod,1882382029860335,354526456727193,,POSTPAID,Active,2026-03-22 11:52:29,2026-03-22 12:27:17,Motosafe,MOTOROLA,XT2523-8,Unlock,"",rcardenas@battycell.com,2026-07-19 11:45:10,2026-07-19 11:45:11,,"city cell","","","",""
wewow-prod,1891467725159979,352169182729217,,POSTPAID,Active,2026-07-18 16:27:03,2026-07-18 16:34:25,KnoxGuard,SAMSUNG,SM-A075M/DS,Default Activation,"",system@trustonic.com,2026-07-18 16:36:05,2026-07-19 02:48:38,,"city cell","","","",""
wewow-prod,1927564790715463,358021350036525,,POSTPAID,Active,2026-07-17 17:25:37,2026-07-17 17:29:14,Paytrigger,TECNO,KN4,Default Activation,"",system@trustonic.com,2026-07-17 17:29:55,2026-07-17 17:42:40,,"city cell","","","",""
wewow-prod,1942499792109701,352035565721313,,POSTPAID,Active,2025-12-01 11:21:29,2026-07-19 18:05:14,KnoxGuard,SAMSUNG,SM-X115,Default Activation,"",system@trustonic.com,2026-07-19 18:06:01,2026-07-19 18:07:17,,"city cell","","","",""
wewow-prod,1944868475960177,357592330013868,,POSTPAID,Active,2026-03-29 09:51:50,2026-03-29 10:10:40,Paytrigger,INFINIX,X6885,Send message,"Citycell",rcardenas@battycell.com,2026-07-18 10:15:54,2026-07-18 08:39:11,,"city cell","","","",""
wewow-prod,1947951718356595,353313362372690,,POSTPAID,Active,2025-04-26 17:49:11,2025-04-26 17:54:51,KnoxGuard,SAMSUNG,SM-A356E,Unlock,"",rcardenas@battycell.com,2026-07-15 19:27:40,2026-07-15 19:27:35,,"city cell","","","",""
wewow-prod,1950699614692132,863949070266451,,POSTPAID,Active,2026-03-24 18:51:46,2026-03-24 18:58:59,R-Guard,REALME,RMX3939,Send message,"Citycell",rcardenas@battycell.com,2026-07-17 10:17:21,2026-07-17 12:06:23,,"city cell","","","",""
wewow-prod,1953368304590925,353207808643252,,POSTPAID,Active,2026-07-18 11:20:50,2026-07-18 11:27:26,KnoxGuard,SAMSUNG,SM-A075M,Default Activation,"",system@trustonic.com,2026-07-18 11:27:34,2026-07-18 11:33:46,,"city cell","","","",""
wewow-prod,1963260724982730,350275600427250,,POSTPAID,Active,2026-05-10 14:48:23,2026-05-10 14:57:35,Paytrigger,TECNO,KM4,Send message,"Citycell",rcardenas@battycell.com,2026-07-17 10:23:42,2026-07-17 11:54:47,,"city cell","","","",""
wewow-prod,1973210408748139,353168840090292,,POSTPAID,Active,2026-06-28 10:44:25,2026-06-28 10:49:35,Paytrigger,INFINIX,X6895,Send message,"Citycell",rcardenas@battycell.com,2026-07-19 10:31:42,2026-07-19 11:51:05,,"city cell","","","",""
wewow-prod,2003422297882402,357855576321125,,POSTPAID,Active,2026-02-13 18:13:41,2026-02-13 18:20:36,KnoxGuard,SAMSUNG,SM-A165M/DS,Send message,"Citycell",rcardenas@battycell.com,2026-07-13 10:18:27,2026-07-13 13:58:10,,"city cell","","","",""
wewow-prod,2004422772904810,353207808655710,,POSTPAID,Active,2026-07-18 11:02:02,2026-07-18 11:08:16,KnoxGuard,SAMSUNG,SM-A075M,Default Activation,"",system@trustonic.com,2026-07-18 11:09:25,2026-07-19 01:32:37,,"city cell","","","",""
wewow-prod,2024432264556737,350601367100600,,POSTPAID,Active,2026-06-12 19:29:56,2026-06-12 19:34:53,KnoxGuard,SAMSUNG,SM-A266M/DS,Send message,"Citycell",rcardenas@battycell.com,2026-07-19 10:27:14,2026-07-20 03:29:45,,"city cell","","","",""
wewow-prod,2025968058020288,357592330489639,,POSTPAID,Locked,2026-07-04 11:11:35,2026-07-04 11:35:15,Paytrigger,INFINIX,X6885,Lock,"",rcardenas@battycell.com,2026-07-12 06:56:15,2026-07-12 06:56:11,,"city cell","","","",""
wewow-prod,2033854672816305,357113741537724,,POSTPAID,Active,2026-07-19 15:20:02,2026-07-19 15:27:57,KnoxGuard,SAMSUNG,SM-A075M/DS,Default Activation,"",system@trustonic.com,2026-07-19 15:29:05,2026-07-20 00:09:45,,"city cell","","","",""
wewow-prod,2043766794183430,359055974131683,,POSTPAID,Active,2025-04-02 15:23:18,2025-04-02 15:26:22,Paytrigger,INFINIX,X6881,Unlock,"",rcardenas@battycell.com,2026-07-14 07:21:22,2026-07-14 07:21:19,,"city cell","","","",""
wewow-prod,2069159399059250,352433396674399,,POSTPAID,Active,2026-05-03 13:07:46,2026-05-03 13:11:43,Motosafe,MOTOROLA,XT2435-1,Send message,"Citycell",rcardenas@battycell.com,2026-07-16 10:29:00,2026-07-16 10:29:01,,"city cell","","","",""
wewow-prod,2086487337988892,358021350149849,,POSTPAID,Locked,2026-07-02 12:54:37,2026-07-02 13:00:18,Paytrigger,TECNO,KN4,Lock,"",rcardenas@battycell.com,2026-07-18 05:18:20,2026-07-18 05:18:18,,"city cell","","","",""
wewow-prod,2092566341309607,358021350039107,,POSTPAID,Active,2026-06-20 16:36:31,2026-06-20 16:39:06,Paytrigger,TECNO,KN4,Send message,"Citycell",rcardenas@battycell.com,2026-07-17 10:30:03,2026-07-15 19:16:24,,"city cell","","","",""
wewow-prod,2126082921479814,358021350141333,,POSTPAID,Ready For Use,2026-07-18 12:58:10,,Paytrigger,TECNO,KN4,Register,"",rcardenas@battycell.com,2026-07-18 12:58:10,,,"city cell","","","",""
wewow-prod,2127702837870439,357592330471199,,POSTPAID,Active,2026-06-28 18:37:31,2026-06-28 18:41:04,Paytrigger,INFINIX,X6885,Send message,"Citycell",rcardenas@battycell.com,2026-07-18 10:26:13,2026-07-18 09:49:52,,"city cell","","","",""
wewow-prod,2127951976476544,353168840071334,,POSTPAID,Active,2026-07-18 12:13:34,2026-07-18 12:18:34,Paytrigger,INFINIX,X6895,Default Activation,"",system@trustonic.com,2026-07-18 12:19:27,2026-07-18 12:31:48,,"city cell","","","",""
wewow-prod,2135366092089811,354526455336616,,POSTPAID,Active,2025-12-01 15:04:19,2025-12-01 15:11:39,Motosafe,MOTOROLA,XT2523-8,Unlock,"",rcardenas@battycell.com,2026-07-15 16:39:44,2026-07-15 16:39:44,,"city cell","","","",""
wewow-prod,2189765312657913,357617701982498,,POSTPAID,Active,2026-02-21 13:38:50,2026-02-21 13:47:20,KnoxGuard,SAMSUNG,SM-A266M/DS,Send message,"Citycell",rcardenas@battycell.com,2026-07-16 10:14:58,2026-07-16 08:53:04,,"city cell","","","",""
wewow-prod,2199349007434671,350314670191908,,POSTPAID,Active,2026-05-03 12:45:34,2026-05-03 12:50:40,Paytrigger,TECNO,KM6,Send message,"Citycell",rcardenas@battycell.com,2026-07-14 10:20:22,2026-07-14 08:50:38,,"city cell","","","",""
wewow-prod,2219150248292975,356034161520613,,POSTPAID,Active,2026-03-11 17:42:55,2026-03-11 18:06:32,KnoxGuard,SAMSUNG,SM-A165M,Send message,"Citycell",rcardenas@battycell.com,2026-07-18 10:14:21,2026-07-18 20:37:42,,"city cell","","","",""
wewow-prod,2246530898534118,350275600044485,,POSTPAID,Active,2026-05-28 15:18:01,2026-05-28 15:26:31,Paytrigger,TECNO,KM4,Send message,"Citycell",rcardenas@battycell.com,2026-07-16 10:23:37,2026-07-16 05:22:13,,"city cell","","","",""
wewow-prod,2260121725885500,356211839541631,,POSTPAID,Locked,2025-07-03 19:52:30,2025-07-06 14:07:35,Motosafe,MOTOROLA,XT2421-7,Lock,"",rcardenas@battycell.com,2026-07-05 10:36:27,2026-07-05 10:36:27,,"city cell","","","",""
wewow-prod,2272848745414672,358021350064899,,POSTPAID,Active,2026-07-17 11:33:42,2026-07-17 11:38:50,Paytrigger,TECNO,KN4,Unlock,"",rcardenas@battycell.com,2026-07-18 01:29:48,2026-07-18 01:29:44,,"city cell","","","",""
wewow-prod,2273396434772369,863949070231935,,POSTPAID,Active,2026-03-07 12:54:36,2026-03-07 13:01:48,R-Guard,REALME,RMX3939,Send message,"Citycell",rcardenas@battycell.com,2026-07-19 10:14:56,2026-07-19 11:50:34,,"city cell","","","",""
wewow-prod,2285659183105383,353168840102451,,POSTPAID,Active,2026-07-15 14:28:38,2026-07-15 14:36:21,Paytrigger,INFINIX,X6895,Default Activation,"",system@trustonic.com,2026-07-15 14:37:22,2026-07-15 14:37:47,,"city cell","","","",""
wewow-prod,2319162598752624,358021350062364,,POSTPAID,Active,2026-07-01 13:13:20,2026-07-01 13:19:37,Paytrigger,TECNO,KN4,Unlock,"",rcardenas@battycell.com,2026-07-19 11:51:16,2026-07-19 11:51:14,,"city cell","","","",""
wewow-prod,2332620825180246,353401170030699,,POSTPAID,Locked,2025-06-29 10:31:39,2025-06-29 10:40:12,Paytrigger,INFINIX,X6857,Lock,"",rcardenas@battycell.com,2026-07-06 21:13:15,2026-07-06 21:13:11,,"city cell","","","",""
wewow-prod,2370901657548702,356879581082945,,POSTPAID,Locked,2025-04-18 20:20:36,2025-04-18 20:27:50,KnoxGuard,SAMSUNG,SM-A166M,Lock,"",rcardenas@battycell.com,2026-07-13 15:04:17,2026-07-13 15:04:29,,"city cell","","","",""
wewow-prod,2378219010478488,357592330410254,,POSTPAID,Active,2026-07-17 13:05:45,2026-07-17 13:15:13,Paytrigger,INFINIX,X6885,Default Activation,"",system@trustonic.com,2026-07-17 13:16:05,2026-07-17 13:25:22,,"city cell","","","",""
wewow-prod,2400338308249999,350275600440733,,POSTPAID,Active,2026-05-23 18:05:31,2026-05-23 18:09:48,Paytrigger,TECNO,KM4,Unlock,"",rcardenas@battycell.com,2026-07-14 10:55:18,2026-07-14 10:55:15,,"city cell","","","",""
wewow-prod,2426646713658571,352859167234882,,POSTPAID,Active,2025-12-29 15:30:38,2025-12-29 15:38:15,KnoxGuard,SAMSUNG,SM-A075M,Send message,"Citycell",rcardenas@battycell.com,2026-07-17 10:53:47,2026-07-17 18:02:40,,"city cell","","","",""
wewow-prod,2464748250797202,350455587111867,,POSTPAID,Active,2026-05-03 13:07:44,2026-05-03 13:17:30,KnoxGuard,SAMSUNG,SM-A165M/DS,Unlock,"",rcardenas@battycell.com,2026-07-17 17:13:46,2026-07-17 17:13:42,,"city cell","","","",""
wewow-prod,2504111624235659,352433396629914,,POSTPAID,Active,2026-04-16 17:00:36,2026-04-16 17:05:34,Motosafe,MOTOROLA,XT2435-1,Send message,"Citycell",rcardenas@battycell.com,2026-07-16 10:18:08,2026-07-16 10:18:09,,"city cell","","","",""
wewow-prod,2526576814926816,358021350056341,,POSTPAID,Active,2026-07-16 13:41:01,2026-07-17 09:31:16,Paytrigger,TECNO,KN4,Default Activation,"",system@trustonic.com,2026-07-17 09:32:28,2026-07-17 09:32:37,,"city cell","","","",""
wewow-prod,2530544982815324,351129120641644,,POSTPAID,Active,2026-05-29 19:18:35,2026-05-29 19:29:53,Paytrigger,INFINIX,X6725,Unlock,"",rcardenas@battycell.com,2026-07-18 12:55:53,2026-07-18 12:55:50,,"city cell","","","",""
wewow-prod,2539183510934482,357592330410916,,POSTPAID,Active,2026-07-04 13:03:43,2026-07-04 13:05:53,Paytrigger,INFINIX,X6885,Unlock,"",rcardenas@battycell.com,2026-07-16 18:35:41,2026-07-16 18:35:38,,"city cell","","","",""
wewow-prod,2543502602604328,350437737091157,,POSTPAID,Active,2026-01-31 14:56:03,2026-01-31 15:01:35,KnoxGuard,SAMSUNG,SM-A065M/DS,Unlock,"",rcardenas@battycell.com,2026-07-16 14:45:11,2026-07-16 14:45:09,,"city cell","","","",""
wewow-prod,2554487624999191,351129120673605,,POSTPAID,Active,2026-05-29 14:10:53,2026-05-29 14:16:16,Paytrigger,INFINIX,X6725,Unlock,"",rcardenas@battycell.com,2026-07-14 08:01:28,2026-07-14 08:01:25,,"city cell","","","",""
wewow-prod,2583286983062144,357592330469938,,POSTPAID,Active,2026-07-15 17:42:09,2026-07-15 17:46:38,Paytrigger,INFINIX,X6885,Send message,"Citycell",rcardenas@battycell.com,2026-07-18 10:32:26,2026-07-18 10:32:04,,"city cell","","","",""
wewow-prod,2598876784665095,353207808680635,,POSTPAID,Ready For Use,2026-07-12 18:43:14,,KnoxGuard,SAMSUNG,SM-A075M,Register,"",rcardenas@battycell.com,2026-07-12 18:43:14,,,"city cell","","","",""
wewow-prod,2629041279486993,350601365909655,,POSTPAID,Active,2026-03-16 16:22:26,2026-03-16 16:44:51,KnoxGuard,SAMSUNG,SM-A266M/DS,Send message,"Citycell",rcardenas@battycell.com,2026-07-15 10:18:33,2026-07-15 08:26:52,,"city cell","","","",""
wewow-prod,2629585552917935,358021350039644,,POSTPAID,Locked,2026-06-24 15:20:58,2026-06-24 15:25:40,Paytrigger,TECNO,KN4,Lock,"",rcardenas@battycell.com,2026-07-07 10:42:39,2026-07-07 10:42:35,,"city cell","","","",""
wewow-prod,2636856788459684,357592330492948,,POSTPAID,Active,2026-07-01 12:28:07,2026-07-01 12:34:36,Paytrigger,INFINIX,X6885,Send message,"Citycell",rcardenas@battycell.com,2026-07-16 10:28:30,2026-07-16 09:24:39,,"city cell","","","",""
wewow-prod,2658195713609645,358021350303735,,POSTPAID,Active,2026-07-18 17:46:01,2026-07-18 17:52:45,Paytrigger,TECNO,KN4,Default Activation,"",system@trustonic.com,2026-07-18 17:54:05,2026-07-18 18:06:22,,"city cell","","","",""
wewow-prod,2688873344639999,357617702893900,,POSTPAID,Active,2026-06-11 14:27:42,2026-06-11 14:35:33,KnoxGuard,SAMSUNG,SM-A266M/DS,Send message,"Citycell",rcardenas@battycell.com,2026-07-16 10:26:13,2026-07-16 07:39:48,,"city cell","","","",""
wewow-prod,2700435537217781,357592330345229,,POSTPAID,Locked,2026-04-22 14:50:49,2026-04-22 14:55:55,Paytrigger,INFINIX,X6885,Lock,"",rcardenas@battycell.com,2026-07-04 01:55:56,2026-07-04 01:55:51,,"city cell","","","",""
wewow-prod,2721138997133434,350601367095990,,INVENTORY,Idle,,,KnoxGuard,SAMSUNG,SM-A266M/DS,Register,"",rcardenas@battycell.com,2026-07-17 15:35:39,,,"city cell","","","",""
wewow-prod,2754905170779146,358021350055277,,POSTPAID,Locked,2026-06-19 18:18:58,2026-06-19 18:26:42,Paytrigger,TECNO,KN4,Lock,"",rcardenas@battycell.com,2026-07-12 01:30:06,2026-07-12 01:30:02,,"city cell","","","",""
wewow-prod,2755607577764563,359055976666488,,POSTPAID,Active,2025-02-08 17:38:35,2025-03-25 22:01:00,Paytrigger,INFINIX,X6881,Unlock,"",rcardenas@battycell.com,2026-07-15 19:31:50,2026-07-15 19:31:48,,"city cell","","","",""
wewow-prod,2785448226042603,353168840036071,,POSTPAID,Ready For Use,2026-07-18 16:18:08,,Paytrigger,INFINIX,X6895,Register,"",rcardenas@battycell.com,2026-07-18 16:18:08,,,"city cell","","","",""
wewow-prod,2817408127793592,352859166065774,,POSTPAID,Active,2025-12-30 13:23:12,2025-12-30 13:26:18,KnoxGuard,SAMSUNG,SM-A075M,Unlock,"",rcardenas@battycell.com,2026-07-15 17:46:48,2026-07-15 17:46:44,,"city cell","","","",""
wewow-prod,2824488140105776,353207808631265,,POSTPAID,Active,2026-07-17 16:09:32,2026-07-18 15:48:02,KnoxGuard,SAMSUNG,SM-A075M,Default Activation,"",system@trustonic.com,2026-07-18 15:48:55,2026-07-18 16:00:05,,"city cell","","","",""
wewow-prod,2892257265527079,351755485656544,,POSTPAID,Active,2026-03-26 13:44:30,2026-03-26 13:50:51,KnoxGuard,SAMSUNG,SM-A075M,Send message,"Citycell",rcardenas@battycell.com,2026-07-15 10:20:12,2026-07-16 03:48:15,,"city cell","","","",""
wewow-prod,2901391463551153,358021350039214,,POSTPAID,Active,2026-06-17 17:19:04,2026-06-17 17:24:15,Paytrigger,TECNO,KN4,Send message,"Citycell",rcardenas@battycell.com,2026-07-17 10:28:59,2026-07-17 11:08:17,,"city cell","","","",""
wewow-prod,2929464802843589,357617701987802,,POSTPAID,Active,2026-03-30 18:50:02,2026-03-30 18:57:28,KnoxGuard,SAMSUNG,SM-A266M/DS,Unlock,"",rcardenas@battycell.com,2026-07-16 19:04:29,2026-07-16 19:04:26,,"city cell","","","",""
wewow-prod,2929871501077287,358021350062976,,POSTPAID,Active,2026-07-11 09:53:48,2026-07-11 10:03:17,Paytrigger,TECNO,KN4,Send message,"Citycell",rcardenas@battycell.com,2026-07-17 10:34:37,2026-07-12 22:59:52,,"city cell","","","",""
wewow-prod,2951887498492039,358021350037507,,POSTPAID,Active,2026-07-12 18:08:23,2026-07-12 18:12:36,Paytrigger,TECNO,KN4,Send message,"Citycell",rcardenas@battycell.com,2026-07-18 10:31:24,2026-07-17 20:11:06,,"city cell","","","",""
wewow-prod,2952873799160618,353168840028987,,POSTPAID,Locked,2026-07-05 17:02:32,2026-07-05 17:08:59,Paytrigger,INFINIX,X6895,Lock,"",rcardenas@battycell.com,2026-07-13 01:59:14,2026-07-13 01:59:09,,"city cell","","","",""
wewow-prod,2955470683840912,358812272045721,,POSTPAID,Active,2025-06-16 19:17:40,2025-06-16 19:23:06,Paytrigger,TECNO,KL4,Send message,"Citycell",rcardenas@battycell.com,2026-07-19 10:06:19,2026-07-19 09:09:52,,"city cell","","","",""
wewow-prod,2959162684556862,358021350085332,,POSTPAID,Active,2026-07-17 15:39:33,2026-07-17 15:43:28,Paytrigger,TECNO,KN4,Default Activation,"",system@trustonic.com,2026-07-17 15:44:33,2026-07-17 16:13:32,,"city cell","","","",""
wewow-prod,2992731163078322,358021350131631,,POSTPAID,Active,2026-06-10 16:35:05,2026-06-10 16:40:20,Paytrigger,TECNO,KN4,Unlock,"",rcardenas@battycell.com,2026-07-15 21:41:40,2026-07-15 21:41:37,,"city cell","","","",""
wewow-prod,3026055196597926,350314670198606,,POSTPAID,Active,2026-05-29 20:02:15,2026-05-29 20:06:37,Paytrigger,TECNO,KM6,Send message,"Citycell",rcardenas@battycell.com,2026-07-16 10:24:47,2026-07-16 10:38:56,,"city cell","","","",""
wewow-prod,3026367577767695,352433396757673,,POSTPAID,Active,2026-05-04 17:00:32,2026-05-04 17:05:56,Motosafe,MOTOROLA,XT2435-1,Unlock,"",rcardenas@battycell.com,2026-07-16 13:26:08,2026-07-16 13:26:09,,"city cell","","","",""
wewow-prod,3027205018408152,358812272155603,,POSTPAID,Active,2025-06-26 13:16:20,2025-06-26 13:25:54,Paytrigger,TECNO,KL4,Unlock,"",rcardenas@battycell.com,2026-07-19 16:02:18,2026-07-19 16:02:14,,"city cell","","","",""
wewow-prod,3042908375705134,353168840024804,,POSTPAID,Active,2026-07-10 14:10:17,2026-07-10 14:15:29,Paytrigger,INFINIX,X6895,Send message,"Citycell",rcardenas@battycell.com,2026-07-16 10:33:14,2026-07-16 11:00:10,,"city cell","","","",""
wewow-prod,3059966214622651,358976410219231,,POSTPAID,Released,2026-04-16 15:56:22,2026-04-19 16:39:53,Paytrigger,INFINIX,X6886,Release,"",soporte@solopsa.com.mx,2026-07-18 15:05:12,2026-07-18 15:15:55,,"city cell","","","",""
wewow-prod,3076558310927483,359055970290608,,POSTPAID,Active,2025-04-30 13:05:54,2025-04-30 13:10:52,Paytrigger,INFINIX,X6881,Send message,"Citycell",rcardenas@battycell.com,2026-07-15 10:09:52,2026-07-14 20:27:26,,"city cell","","","",""
wewow-prod,3078464969976684,357592330478509,,POSTPAID,Locked,2026-07-07 17:33:03,2026-07-07 17:37:50,Paytrigger,INFINIX,X6885,Lock,"",rcardenas@battycell.com,2026-07-15 07:17:59,2026-07-15 07:17:56,,"city cell","","","",""
wewow-prod,3086933167515948,350792390099040,,POSTPAID,Active,2026-07-06 16:12:03,2026-07-06 16:52:19,Paytrigger,TECNO,LK7k,Unlock,"",rcardenas@battycell.com,2026-07-15 16:04:50,2026-07-15 16:04:46,,"city cell","","","",""
wewow-prod,3092845060768730,353168840093262,,POSTPAID,Active,2026-07-17 12:23:43,2026-07-17 12:29:20,Paytrigger,INFINIX,X6895,Default Activation,"",system@trustonic.com,2026-07-17 12:30:10,2026-07-17 12:44:30,,"city cell","","","",""
wewow-prod,3115348555505999,356072252680037,,POSTPAID,Active,2025-11-29 16:24:41,2025-11-29 16:29:57,Motosafe,MOTOROLA,XT2521-2,Unlock,"",rcardenas@battycell.com,2026-07-15 05:38:59,2026-07-15 05:41:12,,"city cell","","","",""
wewow-prod,3168022770496994,357592330171898,,POSTPAID,Active,2026-07-05 15:23:20,2026-07-05 15:43:34,Paytrigger,INFINIX,X6885,Unlock,"",rcardenas@battycell.com,2026-07-13 11:36:06,2026-07-13 11:36:02,,"city cell","","","",""
wewow-prod,3226018083534318,357592330311510,,INVENTORY,Idle,,,Paytrigger,INFINIX,X6885,Register,"",rcardenas@battycell.com,2026-07-05 16:39:12,,,"city cell","","","",""
wewow-prod,3227488920787405,357592330066379,,POSTPAID,Active,2026-05-14 17:43:28,2026-05-14 17:48:14,Paytrigger,INFINIX,X6885,Send message,"Citycell",rcardenas@battycell.com,2026-07-17 10:23:37,2026-07-17 09:19:22,,"city cell","","","",""
wewow-prod,3239911134831113,350182154166476,,POSTPAID,Active,2026-07-16 10:41:20,2026-07-16 10:51:57,KnoxGuard,SAMSUNG,SM-A266M,Default Activation,"",system@trustonic.com,2026-07-16 10:53:07,2026-07-16 11:08:12,,"city cell","","","",""
wewow-prod,3241017370474225,352169182721784,,POSTPAID,Active,2026-07-18 17:29:40,2026-07-18 17:36:53,KnoxGuard,SAMSUNG,SM-A075M/DS,Default Activation,"",system@trustonic.com,2026-07-18 17:38:16,2026-07-18 17:43:47,,"city cell","","","",""
wewow-prod,3246501165258423,354526456472972,,POSTPAID,Locked,2026-03-04 15:29:09,2026-03-04 16:13:34,Motosafe,MOTOROLA,XT2523-8,Lock,"",rcardenas@battycell.com,2026-07-18 10:57:09,2026-07-18 11:08:28,,"city cell","","","",""
wewow-prod,3273881992579793,352169183173639,,POSTPAID,Active,2025-12-30 15:52:06,2025-12-30 15:55:29,KnoxGuard,SAMSUNG,SM-A075M/DS,Send message,"Citycell",rcardenas@battycell.com,2026-07-19 10:08:37,2026-07-19 18:27:17,,"city cell","","","",""
wewow-prod,3282952650939228,351129120655248,,POSTPAID,Locked,2026-05-23 15:37:15,2026-05-23 15:42:49,Paytrigger,INFINIX,X6725,Lock,"",rcardenas@battycell.com,2026-07-18 01:17:10,2026-07-18 01:17:06,,"city cell","","","",""
wewow-prod,3283995938460977,358021350092395,,POSTPAID,Active,2026-06-18 18:43:35,2026-06-18 18:51:07,Paytrigger,TECNO,KN4,Send message,"Citycell",rcardenas@battycell.com,2026-07-16 10:26:49,2026-07-16 11:30:22,,"city cell","","","",""
wewow-prod,3290042719147182,350275600420750,,POSTPAID,Active,2026-05-16 16:39:49,2026-05-16 16:43:40,Paytrigger,TECNO,KM4,Send message,"Citycell",rcardenas@battycell.com,2026-07-17 10:24:06,2026-07-17 10:48:27,,"city cell","","","",""
wewow-prod,3295906755500567,353168840096026,,POSTPAID,Active,2026-06-29 11:33:42,2026-06-29 11:36:51,Paytrigger,INFINIX,X6895,Unlock,"",rcardenas@battycell.com,2026-07-15 06:57:13,2026-07-15 06:57:11,,"city cell","","","",""
wewow-prod,3302280106352807,351129120481173,,POSTPAID,Active,2026-05-15 11:15:28,2026-05-15 11:21:23,Paytrigger,INFINIX,X6725,Send message,"Citycell",rcardenas@battycell.com,2026-07-17 10:24:11,2026-07-17 11:13:43,,"city cell","","","",""
wewow-prod,3333969706532493,353168840028722,,POSTPAID,Active,2026-07-18 17:53:51,2026-07-18 18:01:27,Paytrigger,INFINIX,X6895,Default Activation,"",system@trustonic.com,2026-07-18 18:02:13,2026-07-18 18:44:28,,"city cell","","","",""
wewow-prod,3337154149390408,358021350054775,,POSTPAID,Active,2026-06-28 19:15:11,2026-06-28 19:19:47,Paytrigger,TECNO,KN4,Send message,"Citycell",rcardenas@battycell.com,2026-07-18 10:26:36,2026-07-18 08:48:54,,"city cell","","","",""
wewow-prod,3343572670640451,358812271420388,,POSTPAID,Active,2025-06-15 15:56:27,2025-06-15 15:59:13,Paytrigger,TECNO,KL4,Unlock,"",rcardenas@battycell.com,2026-07-14 19:13:34,2026-07-14 19:13:31,,"city cell","","","",""
wewow-prod,3361783676537979,351129120686961,,POSTPAID,Active,2026-05-15 17:58:51,2026-05-15 18:07:16,Paytrigger,INFINIX,X6725,Send message,"Citycell",rcardenas@battycell.com,2026-07-16 10:21:56,2026-07-16 10:03:18,,"city cell","","","",""
wewow-prod,3387957980208176,358021350036046,,POSTPAID,Active,2026-07-12 10:14:51,2026-07-12 10:24:42,Paytrigger,TECNO,KN4,Send message,"Citycell",rcardenas@battycell.com,2026-07-18 10:30:51,2026-07-18 11:31:50,,"city cell","","","",""
wewow-prod,3406604403433791,354912640928014,,POSTPAID,Active,2025-03-07 15:36:37,2025-03-07 15:51:24,Paytrigger,INFINIX,X6531,Unlock,"",rcardenas@battycell.com,2026-07-14 15:04:58,2026-07-14 15:17:53,,"city cell","","","",""
wewow-prod,3420331132538263,358812272155629,,POSTPAID,Active,2025-06-18 15:24:51,2025-06-18 15:31:46,Paytrigger,TECNO,KL4,Send message,"Citycell",rcardenas@battycell.com,2026-07-18 10:05:11,2026-07-18 08:56:17,,"city cell","","","",""
wewow-prod,3420395020448198,353168840100208,,POSTPAID,Active,2026-07-06 15:04:34,2026-07-06 15:08:26,Paytrigger,INFINIX,X6895,Unlock,"",rcardenas@battycell.com,2026-07-13 09:58:59,2026-07-13 09:58:55,,"city cell","","","",""
wewow-prod,3422485954644489,351368286727975,,POSTPAID,Locked,2026-03-01 15:14:07,2026-03-01 15:23:22,Motosafe,MOTOROLA,XT2523-2,Lock,"",rcardenas@battycell.com,2026-07-19 08:32:32,2026-07-19 08:34:32,,"city cell","","","",""
wewow-prod,3453032744143282,357592330024378,,POSTPAID,Active,2026-04-22 12:33:36,2026-04-22 12:41:01,Paytrigger,INFINIX,X6885,Unlock,"",rcardenas@battycell.com,2026-07-18 06:05:16,2026-07-18 06:05:14,,"city cell","","","",""
wewow-prod,3466617933654143,350314670183707,,POSTPAID,Active,2026-04-22 19:15:54,2026-05-02 17:46:44,Paytrigger,TECNO,KM6,Send message,"Citycell",rcardenas@battycell.com,2026-07-19 10:22:18,2026-07-19 09:18:03,,"city cell","","","",""
wewow-prod,3487091443522812,350275600245348,,POSTPAID,Active,2026-05-22 19:03:21,2026-05-22 19:09:57,Paytrigger,TECNO,KM4,Unlock,"",rcardenas@battycell.com,2026-07-14 11:39:49,2026-07-14 11:39:47,,"city cell","","","",""
wewow-prod,3491160645468852,350829440482717,,POSTPAID,Active,2026-07-18 10:52:48,2026-07-18 10:58:02,Paytrigger,INFINIX,X6887,Default Activation,"",system@trustonic.com,2026-07-18 10:58:59,2026-07-18 11:11:34,,"city cell","","","",""
wewow-prod,3506237742401681,358021350058842,,POSTPAID,Active,2026-06-24 12:23:28,2026-06-24 12:39:07,Paytrigger,TECNO,KN4,Unlock,"",rcardenas@battycell.com,2026-07-17 06:24:40,2026-07-17 06:24:39,,"city cell","","","",""
wewow-prod,3509290749834746,350601366904077,,POSTPAID,Active,2026-03-20 12:27:48,2026-03-20 12:33:13,KnoxGuard,SAMSUNG,SM-A266M/DS,Send message,"Citycell",rcardenas@battycell.com,2026-07-16 10:17:44,2026-07-16 17:26:19,,"city cell","","","",""
wewow-prod,3520772158535250,352169186020613,,POSTPAID,Active,2026-07-19 13:59:17,2026-07-19 14:04:43,KnoxGuard,SAMSUNG,SM-A075M/DS,Default Activation,"",system@trustonic.com,2026-07-19 14:05:49,2026-07-19 14:11:21,,"city cell","","","",""
wewow-prod,3530830291100330,357592330493755,,POSTPAID,Active,2026-07-19 14:28:52,2026-07-19 14:32:55,Paytrigger,INFINIX,X6885,Default Activation,"",system@trustonic.com,2026-07-19 14:33:32,2026-07-19 14:48:14,,"city cell","","","",""
wewow-prod,3535282419303692,358021350048058,,POSTPAID,Locked,2026-06-26 13:36:17,2026-06-26 13:41:30,Paytrigger,TECNO,KN4,Lock,"",rcardenas@battycell.com,2026-07-19 07:02:38,2026-07-19 07:02:37,,"city cell","","","",""
wewow-prod,3589022808194680,357524760161610,,POSTPAID,Active,2026-06-29 14:53:49,2026-07-10 11:06:53,KnoxGuard,SAMSUNG,SM-A266M/DS,Default Activation,"",system@trustonic.com,2026-07-10 11:10:30,2026-07-10 11:08:27,,"city cell","","","",""
wewow-prod,3602906766528296,350182154171690,,POSTPAID,Active,2026-05-22 18:19:04,2026-05-22 18:24:37,KnoxGuard,SAMSUNG,SM-A266M,Unlock,"",rcardenas@battycell.com,2026-07-18 14:07:09,2026-07-18 14:07:05,,"city cell","","","",""
wewow-prod,3617447449284876,358021350042622,,POSTPAID,Active,2026-07-05 16:59:58,2026-07-05 17:05:45,Paytrigger,TECNO,KN4,Default Activation,"",system@trustonic.com,2026-07-05 17:06:54,2026-07-05 17:08:54,,"city cell","","","",""
wewow-prod,3635446622974831,358021350053090,,POSTPAID,Active,2026-07-12 14:13:46,2026-07-12 14:19:15,Paytrigger,TECNO,KN4,Default Activation,"",system@trustonic.com,2026-07-12 14:20:28,2026-07-12 14:35:35,,"city cell","","","",""
wewow-prod,3636848612034034,358021350052035,,POSTPAID,Active,2026-06-16 16:40:47,2026-06-16 17:17:46,Paytrigger,TECNO,KN4,Unlock,"",rcardenas@battycell.com,2026-07-18 10:11:40,2026-07-18 10:11:37,,"city cell","","","",""
wewow-prod,3655679196518174,353313362330466,,POSTPAID,Active,2026-02-26 15:04:19,2026-02-26 15:12:42,KnoxGuard,SAMSUNG,SM-A356E,Send message,"Citycell",rcardenas@battycell.com,2026-07-13 10:20:17,2026-07-13 17:06:50,,"city cell","","","",""
wewow-prod,3658952484804820,350792529668053,,POSTPAID,Active,2026-03-30 14:31:09,2026-03-30 14:42:00,KnoxGuard,SAMSUNG,SM-A165M/DS,Send message,"Citycell",rcardenas@battycell.com,2026-07-14 10:17:20,2026-07-14 18:47:36,,"city cell","","","",""
wewow-prod,3659063685861728,357592330048344,,POSTPAID,Active,2026-03-28 17:26:06,2026-03-28 17:42:10,Paytrigger,INFINIX,X6885,Send message,"Citycell",rcardenas@battycell.com,2026-07-19 10:18:46,2026-07-19 10:52:29,,"city cell","","","",""
wewow-prod,3665461000202426,354685618434039,,POSTPAID,Active,2026-05-07 13:59:56,2026-05-07 14:09:47,KnoxGuard,SAMSUNG,SM-A065M,Unlock,"",soporte@solopsa.com.mx,2026-07-13 02:42:22,2026-07-13 02:42:16,,"city cell","","","",""
wewow-prod,3672501901849127,350314670273938,,POSTPAID,Active,2026-06-04 12:09:29,2026-06-04 12:13:40,Paytrigger,TECNO,KM6,Send message,"Citycell",rcardenas@battycell.com,2026-07-17 10:26:15,2026-07-17 11:40:13,,"city cell","","","",""
wewow-prod,3685610284159172,353168840102766,,POSTPAID,Locked,2026-07-03 19:17:24,2026-07-03 19:23:46,Paytrigger,INFINIX,X6895,Lock,"",rcardenas@battycell.com,2026-07-11 01:38:46,2026-07-11 01:38:42,,"city cell","","","",""
wewow-prod,3685909661125785,352433395959312,,POSTPAID,Released,2025-11-22 10:43:42,2025-11-22 10:47:56,Motosafe,MOTOROLA,XT2435-1,Release,"",atencion@solopsa.com.mx,2026-07-14 16:21:16,2026-07-14 16:21:17,,"city cell","","","",""
wewow-prod,3688233809675103,350182153441987,,POSTPAID,Active,2025-12-07 10:38:32,2025-12-07 10:42:16,KnoxGuard,SAMSUNG,SM-A266M,Send message,"Citycell",rcardenas@battycell.com,2026-07-17 10:46:54,2026-07-17 16:07:59,,"city cell","","","",""
wewow-prod,3710461171246844,357855572831481,,POSTPAID,Active,2026-01-11 17:50:29,2026-01-11 17:58:06,KnoxGuard,SAMSUNG,SM-A165M/DS,Unlock,"",rcardenas@battycell.com,2026-07-14 12:35:17,2026-07-14 12:35:14,,"city cell","","","",""
wewow-prod,3740604235550552,860367070202017,,POSTPAID,Released,2025-12-23 10:46:41,2025-12-23 10:53:53,R-Guard,REALME,RMX3933,Release,"",rcardenas@battycell.com,2026-07-02 16:17:48,2026-07-02 17:29:19,,"city cell","","","",""
wewow-prod,3757717805455273,350558660401541,,POSTPAID,Locked,2026-02-20 16:51:15,2026-02-20 16:55:21,KnoxGuard,SAMSUNG,SM-A165M/DS,Lock,"",rcardenas@battycell.com,2026-07-19 01:46:47,2026-07-19 03:02:32,,"city cell","","","",""
wewow-prod,3758743136524755,353168840029662,,POSTPAID,Active,2026-06-13 14:31:40,2026-06-13 14:37:22,Paytrigger,INFINIX,X6895,Send message,"Citycell",rcardenas@battycell.com,2026-07-19 10:27:25,2026-07-19 11:05:33,,"city cell","","","",""
wewow-prod,3764784302459280,358021350037317,,POSTPAID,Active,2026-06-13 15:54:25,2026-06-13 15:58:06,Paytrigger,TECNO,KN4,Send message,"Citycell",rcardenas@battycell.com,2026-07-19 10:27:53,2026-07-19 09:38:41,,"city cell","","","",""
wewow-prod,3766739108865009,359456982613532,,POSTPAID,Locked,2025-04-03 14:32:14,2025-04-03 14:41:22,Paytrigger,TECNO,KL5,Lock,"",rcardenas@battycell.com,2026-07-05 00:22:55,2026-07-05 00:22:52,,"city cell","","","",""
wewow-prod,3775356156481603,357645853316900,,INVENTORY,Idle,2026-07-12 14:28:54,,Paytrigger,INFINIX,X6728,Deregister,"",soporte@solopsa.com.mx,2026-07-12 15:08:02,,,"city cell","","","",""
wewow-prod,3798791454495782,353168840090516,,POSTPAID,Active,2026-07-19 12:10:09,2026-07-19 12:15:06,Paytrigger,INFINIX,X6895,Default Activation,"",system@trustonic.com,2026-07-19 12:16:07,2026-07-19 13:54:46,,"city cell","","","",""
wewow-prod,3802721994329937,357592330345419,,POSTPAID,Active,2026-05-15 13:47:14,2026-05-15 13:52:10,Paytrigger,INFINIX,X6885,Send message,"Citycell",rcardenas@battycell.com,2026-07-16 10:21:55,2026-07-16 08:26:42,,"city cell","","","",""
wewow-prod,3808599068346381,352859161043719,,POSTPAID,Active,2025-12-05 15:54:44,2025-12-05 16:00:10,KnoxGuard,SAMSUNG,SM-A075M,Unlock,"",rcardenas@battycell.com,2026-07-15 13:37:37,2026-07-15 13:37:33,,"city cell","","","",""
wewow-prod,3820053701745398,353168840046765,,POSTPAID,Active,2026-07-19 17:39:05,2026-07-19 17:46:17,Paytrigger,INFINIX,X6895,Default Activation,"",system@trustonic.com,2026-07-19 17:47:30,2026-07-19 18:17:40,,"city cell","","","",""
wewow-prod,3829026718272546,359456983766115,,POSTPAID,Active,2025-03-23 15:18:01,2025-03-25 14:13:29,Paytrigger,TECNO,KL5,Unlock,"",rcardenas@battycell.com,2026-07-14 11:05:21,2026-07-14 11:05:16,,"city cell","","","",""
wewow-prod,3830879955016208,350182155214218,,POSTPAID,Active,2026-07-17 15:24:37,2026-07-17 15:52:02,KnoxGuard,SAMSUNG,SM-A266M,Default Activation,"",system@trustonic.com,2026-07-17 15:55:23,2026-07-17 15:54:03,,"city cell","","","",""
wewow-prod,3855168908618926,357113742029119,,POSTPAID,Active,2026-07-18 10:44:36,2026-07-18 10:50:48,KnoxGuard,SAMSUNG,SM-A075M/DS,Default Activation,"",system@trustonic.com,2026-07-18 10:52:17,2026-07-18 10:52:10,,"city cell","","","",""
wewow-prod,3857583592422460,352859165017578,,POSTPAID,Active,2025-12-31 14:01:44,2025-12-31 14:14:43,KnoxGuard,SAMSUNG,SM-A075M,Send message,"Citycell",rcardenas@battycell.com,2026-07-14 10:08:39,2026-07-14 15:37:30,,"city cell","","","",""
wewow-prod,3859861631681864,351755484186642,,POSTPAID,Active,2026-03-07 13:55:21,2026-03-07 14:00:22,KnoxGuard,SAMSUNG,SM-A075M,Send message,"Citycell",rcardenas@battycell.com,2026-07-12 10:16:12,2026-07-12 11:56:05,,"city cell","","","",""
wewow-prod,3887448422632745,358021350040543,,POSTPAID,Locked,2026-06-20 18:15:35,2026-06-20 18:20:16,Paytrigger,TECNO,KN4,Lock,"",rcardenas@battycell.com,2026-07-01 13:00:24,2026-07-01 13:00:22,,"city cell","","","",""
wewow-prod,3891612759454734,357113746788306,,POSTPAID,Active,2026-07-19 15:57:43,2026-07-19 16:02:19,KnoxGuard,SAMSUNG,SM-A075M/DS,Default Activation,"",system@trustonic.com,2026-07-19 16:03:23,2026-07-19 20:39:29,,"city cell","","","",""
wewow-prod,3905504115616511,356034750094533,,POSTPAID,Released,2026-07-04 16:59:13,2026-07-11 17:24:45,Paytrigger,TECNO,CN5c,Release,"",soporte@solopsa.com.mx,2026-07-11 17:31:47,2026-07-11 17:31:44,,"city cell","","","",""
wewow-prod,3956212449119975,353207808679264,,POSTPAID,Active,2026-07-19 14:17:35,2026-07-19 14:23:31,KnoxGuard,SAMSUNG,SM-A075M,Default Activation,"",system@trustonic.com,2026-07-19 14:25:07,2026-07-19 14:25:44,,"city cell","","","",""
wewow-prod,3962840605415901,351755480009699,,POSTPAID,Active,2025-11-26 17:11:54,2025-11-26 17:19:29,KnoxGuard,SAMSUNG,SM-A075M,Send message,"Citycell",rcardenas@battycell.com,2026-07-14 10:07:38,2026-07-14 07:02:15,,"city cell","","","",""
wewow-prod,3989783334546170,350601367125391,,POSTPAID,Active,2026-07-16 15:51:47,2026-07-16 15:58:52,KnoxGuard,SAMSUNG,SM-A266M/DS,Default Activation,"",system@trustonic.com,2026-07-16 16:00:43,2026-07-16 16:12:10,,"city cell","","","",""
wewow-prod,3992363921011679,357113746772524,,POSTPAID,Active,2026-05-29 16:37:21,2026-05-29 16:39:08,KnoxGuard,SAMSUNG,SM-A075M/DS,Unlock,"",rcardenas@battycell.com,2026-07-19 15:24:39,2026-07-19 16:27:53,,"city cell","","","",""
wewow-prod,4031154443006109,865627070118298,,POSTPAID,Active,2026-03-22 14:53:00,2026-03-22 14:57:09,R-Guard,REALME,RMX3930,Unlock,"",rcardenas@battycell.com,2026-07-14 14:02:47,2026-07-14 15:33:27,,"city cell","","","",""
wewow-prod,4033631943425355,353168840036303,,POSTPAID,Active,2026-07-12 17:41:17,2026-07-15 15:55:00,Paytrigger,INFINIX,X6895,Default Activation,"",system@trustonic.com,2026-07-15 15:56:10,2026-07-15 17:18:21,,"city cell","","","",""
wewow-prod,4104247008569495,351368285881732,,POSTPAID,Locked,2026-04-24 14:13:03,2026-04-24 14:18:02,Motosafe,MOTOROLA,XT2523-2,Lock,"",rcardenas@battycell.com,2026-07-13 01:16:30,2026-07-13 01:16:30,,"city cell","","","",""
wewow-prod,4108665277178178,357524760291615,,POSTPAID,Active,2026-07-13 17:17:31,2026-07-13 17:21:20,KnoxGuard,SAMSUNG,SM-A266M/DS,Send message,"Citycell",rcardenas@battycell.com,2026-07-19 10:36:46,2026-07-19 08:47:13,,"city cell","","","",""
wewow-prod,4117169889069714,863949070558576,,POSTPAID,Active,2026-03-24 16:48:28,2026-03-24 16:49:33,R-Guard,REALME,RMX3939,Send message,"Citycell",rcardenas@battycell.com,2026-07-18 10:14:33,2026-07-18 12:10:12,,"city cell","","","",""
wewow-prod,4125660681599995,357764830070876,,POSTPAID,Active,2026-07-07 11:11:03,2026-07-07 11:17:42,KnoxGuard,SAMSUNG,SM-A266M/DS,Unlock,"",rcardenas@battycell.com,2026-07-14 12:08:00,2026-07-14 12:07:56,,"city cell","","","",""
wewow-prod,4126146599654606,353168840106338,,POSTPAID,Active,2026-07-12 15:25:40,2026-07-12 15:29:58,Paytrigger,INFINIX,X6895,Send message,"Citycell",rcardenas@battycell.com,2026-07-18 10:30:45,2026-07-18 10:42:14,,"city cell","","","",""
wewow-prod,4130932438411954,358021350037606,,POSTPAID,Locked,2026-06-22 14:08:26,2026-06-22 14:14:05,Paytrigger,TECNO,KN4,Lock,"",rcardenas@battycell.com,2026-07-08 01:35:00,2026-07-08 01:34:56,,"city cell","","","",""
wewow-prod,4140669230278564,353168840013104,,POSTPAID,Active,2026-07-17 16:25:46,2026-07-17 18:06:27,Paytrigger,INFINIX,X6895,Default Activation,"",system@trustonic.com,2026-07-17 18:07:33,2026-07-17 18:35:14,,"city cell","","","",""
wewow-prod,4144256693258068,357592330013173,,POSTPAID,Active,2026-07-08 18:49:12,2026-07-08 18:59:00,Paytrigger,INFINIX,X6885,Send message,"Citycell",rcardenas@battycell.com,2026-07-16 10:31:41,2026-07-16 10:54:01,,"city cell","","","",""
wewow-prod,4159697850364182,350601367095032,,POSTPAID,Active,2026-06-11 12:02:18,2026-07-16 14:37:24,KnoxGuard,SAMSUNG,SM-A266M/DS,Default Activation,"",system@trustonic.com,2026-07-16 14:38:38,2026-07-16 14:37:16,,"city cell","","","",""
wewow-prod,4159894723141785,354526456348917,,POSTPAID,Active,2026-01-04 18:23:26,2026-01-04 18:38:00,Motosafe,MOTOROLA,XT2523-8,Send message,"Citycell",rcardenas@battycell.com,2026-07-18 11:06:48,2026-07-18 11:06:48,,"city cell","","","",""
wewow-prod,4195605283744629,354526453224079,,POSTPAID,Active,2025-12-22 15:18:55,2025-12-22 15:24:00,Motosafe,MOTOROLA,XT2523-8,Send message,"Citycell",rcardenas@battycell.com,2026-07-19 10:06:53,2026-07-19 10:06:53,,"city cell","","","",""
wewow-prod,4210312933495554,358021350048611,,POSTPAID,Active,2026-07-02 11:42:22,2026-07-02 11:46:52,Paytrigger,TECNO,KN4,Unlock,"",rcardenas@battycell.com,2026-07-18 09:18:07,2026-07-18 09:18:04,,"city cell","","","",""
wewow-prod,4261296409490130,352169185204838,,POSTPAID,Active,2026-07-18 11:49:00,2026-07-18 11:54:04,KnoxGuard,SAMSUNG,SM-A075M/DS,Default Activation,"",system@trustonic.com,2026-07-18 11:55:52,2026-07-18 17:29:59,,"city cell","","","",""
wewow-prod,4263133124054198,357592330487302,,POSTPAID,Active,2026-06-09 11:58:39,2026-06-09 12:04:39,Paytrigger,INFINIX,X6885,Send message,"Citycell",rcardenas@battycell.com,2026-07-13 10:33:17,2026-07-13 10:26:31,,"city cell","","","",""
wewow-prod,4268281717766603,353207805570979,,POSTPAID,Active,2026-07-19 16:04:06,2026-07-19 16:17:46,KnoxGuard,SAMSUNG,SM-A075M,Default Activation,"",system@trustonic.com,2026-07-19 16:18:55,2026-07-19 16:19:54,,"city cell","","","",""
wewow-prod,4275011299335135,358021350141580,,POSTPAID,Active,2026-06-29 11:37:17,2026-06-29 11:47:52,Paytrigger,TECNO,KN4,Unlock,"",rcardenas@battycell.com,2026-07-16 15:45:11,2026-07-16 15:45:09,,"city cell","","","",""
wewow-prod,4281105974635175,353168840059180,,POSTPAID,Active,2026-07-18 18:56:16,2026-07-18 19:02:14,Paytrigger,INFINIX,X6895,Default Activation,"",system@trustonic.com,2026-07-18 19:03:12,2026-07-18 20:16:25,,"city cell","","","",""
wewow-prod,4300476043781462,354526456497011,,POSTPAID,Active,2026-01-11 14:06:41,2026-01-11 14:12:23,Motosafe,MOTOROLA,XT2523-8,Send message,"Citycell",rcardenas@battycell.com,2026-07-19 10:36:52,2026-07-19 10:36:52,,"city cell","","","",""
wewow-prod,4335232363514926,350314670222562,,POSTPAID,Locked,2026-05-05 18:16:35,2026-05-05 18:22:55,Paytrigger,TECNO,KM6,Lock,"",rcardenas@battycell.com,2026-07-11 01:26:05,2026-07-11 01:26:01,,"city cell","","","",""
wewow-prod,4341522633808478,355436690971061,,POSTPAID,Active,2026-03-04 19:41:53,2026-03-04 19:50:09,KnoxGuard,SAMSUNG,SM-A165M,Unlock,"",rcardenas@battycell.com,2026-07-18 10:28:07,2026-07-19 02:47:53,,"city cell","","","",""
wewow-prod,4363482873617770,358021350119859,,POSTPAID,Active,2026-06-21 10:48:41,2026-06-21 10:55:06,Paytrigger,TECNO,KN4,Unlock,"",rcardenas@battycell.com,2026-07-15 20:13:47,2026-07-15 20:13:46,,"city cell","","","",""
wewow-prod,4373684930256749,358021350079723,,POSTPAID,Active,2026-06-13 16:19:15,2026-06-13 16:27:14,Paytrigger,TECNO,KN4,Send message,"Citycell",rcardenas@battycell.com,2026-07-19 10:28:14,2026-07-19 08:57:25,,"city cell","","","",""
wewow-prod,4402351547043845,350901805543530,,POSTPAID,Locked,2026-03-15 11:12:32,2026-03-15 11:23:06,KnoxGuard,SAMSUNG,SM-A175F/DS,Lock,"",rcardenas@battycell.com,2026-07-18 01:49:26,2026-07-18 02:31:14,,"city cell","","","",""
wewow-prod,4433043072585580,350829440455333,,POSTPAID,Active,2026-06-22 13:31:55,2026-06-22 13:37:16,Paytrigger,INFINIX,X6887,Send message,"Citycell",rcardenas@battycell.com,2026-07-19 10:30:35,2026-07-19 08:47:58,,"city cell","","","",""
wewow-prod,4434260958240318,357524760117596,,POSTPAID,Active,2026-03-27 11:50:10,2026-03-27 11:57:48,KnoxGuard,SAMSUNG,SM-A266M/DS,Unlock,"",rcardenas@battycell.com,2026-07-18 10:17:30,2026-07-18 10:22:17,,"city cell","","","",""
wewow-prod,4444536780326470,355708561355578,,POSTPAID,Released,2026-06-07 11:46:29,2026-07-02 09:57:08,KnoxGuard,SAMSUNG,SM-A576B/DS,Release,"",atencion@solopsa.com.mx,2026-07-02 10:08:15,2026-07-02 09:58:32,,"city cell","","","",""
wewow-prod,4446838408525089,356253241903454,,POSTPAID,Active,2026-07-18 10:51:45,2026-07-18 10:58:26,KnoxGuard,SAMSUNG,SM-A075M,Default Activation,"",system@trustonic.com,2026-07-18 10:59:54,2026-07-18 11:04:30,,"city cell","","","",""
wewow-prod,4485783098313988,352859161071561,,POSTPAID,Active,2026-01-02 18:25:43,2026-01-02 18:31:53,KnoxGuard,SAMSUNG,SM-A075M,Send message,"Citycell",rcardenas@battycell.com,2026-07-13 10:15:35,2026-07-13 21:45:26,,"city cell","","","",""
wewow-prod,4494054468260976,352169185217988,,POSTPAID,Active,2026-06-22 19:13:12,2026-07-03 11:15:09,KnoxGuard,SAMSUNG,SM-A075M/DS,Default Activation,"",system@trustonic.com,2026-07-03 11:16:18,2026-07-03 11:16:39,,"city cell","","","",""
wewow-prod,4494235820873057,358021350054353,,POSTPAID,Active,2026-07-14 15:47:43,2026-07-15 11:06:18,Paytrigger,TECNO,KN4,Default Activation,"",system@trustonic.com,2026-07-15 11:07:16,2026-07-15 11:19:39,,"city cell","","","",""
wewow-prod,4495831067975897,357113745067835,,POSTPAID,Active,2026-07-17 20:01:41,2026-07-17 20:08:10,KnoxGuard,SAMSUNG,SM-A075M/DS,Default Activation,"",system@trustonic.com,2026-07-17 20:10:03,2026-07-17 20:10:26,,"city cell","","","",""
wewow-prod,4512606929980082,357592330387585,,POSTPAID,Active,2026-07-11 17:40:09,2026-07-11 17:47:22,Paytrigger,INFINIX,X6885,Send message,"Citycell",rcardenas@battycell.com,2026-07-17 10:36:38,2026-07-17 10:43:35,,"city cell","","","",""
wewow-prod,4515211369032401,353181613253187,,POSTPAID,Active,2025-12-23 16:26:49,2025-12-23 16:38:50,KnoxGuard,SAMSUNG,SM-A175F,Unlock,"",rcardenas@battycell.com,2026-07-14 08:55:00,2026-07-14 09:18:31,,"city cell","","","",""
wewow-prod,4516392869772978,358021350060525,,POSTPAID,Active,2026-07-04 17:53:24,2026-07-04 17:57:33,Paytrigger,TECNO,KN4,Unlock,"",rcardenas@battycell.com,2026-07-14 09:28:32,2026-07-14 09:28:30,,"city cell","","","",""
wewow-prod,4573544712223717,350275600216315,,POSTPAID,Active,2026-06-02 12:15:22,2026-06-02 12:32:32,Paytrigger,TECNO,KM4,Send message,"Citycell",rcardenas@battycell.com,2026-07-18 10:21:57,2026-07-18 10:03:47,,"city cell","","","",""
wewow-prod,4580789143681933,358021350049262,,POSTPAID,Active,2026-07-18 13:57:10,2026-07-18 14:00:49,Paytrigger,TECNO,KN4,Default Activation,"",system@trustonic.com,2026-07-18 14:02:01,2026-07-18 14:26:37,,"city cell","","","",""
wewow-prod,4581107915072108,358021350042127,,POSTPAID,Active,2026-07-04 15:42:23,2026-07-04 15:47:26,Paytrigger,TECNO,KN4,Send message,"Citycell",rcardenas@battycell.com,2026-07-17 10:32:40,2026-07-17 08:51:24,,"city cell","","","",""
wewow-prod,4627835018394296,353168840093536,,POSTPAID,Active,2026-07-14 11:48:01,2026-07-14 12:04:42,Paytrigger,INFINIX,X6895,Default Activation,"",system@trustonic.com,2026-07-14 12:05:55,2026-07-14 12:18:05,,"city cell","","","",""
wewow-prod,4644800155139909,357113741534069,,INVENTORY,Idle,,,KnoxGuard,SAMSUNG,SM-A075M/DS,Register,"",rcardenas@battycell.com,2026-07-18 10:44:40,,,"city cell","","","",""
wewow-prod,4656959533332214,354526456505110,,POSTPAID,Active,2026-03-14 15:28:26,2026-03-14 15:35:53,Motosafe,MOTOROLA,XT2523-8,Unlock,"",rcardenas@battycell.com,2026-07-18 11:21:25,2026-07-18 11:21:26,,"city cell","","","",""
wewow-prod,4658547067192300,357592330045118,,POSTPAID,Active,2026-04-17 15:34:24,2026-04-17 15:39:07,Paytrigger,INFINIX,X6885,Send message,"Citycell",rcardenas@battycell.com,2026-07-16 10:18:59,2026-07-16 12:14:24,,"city cell","","","",""
wewow-prod,4662489610380149,353168840096299,,POSTPAID,Active,2026-07-16 15:36:57,2026-07-16 15:41:43,Paytrigger,INFINIX,X6895,Default Activation,"",system@trustonic.com,2026-07-16 15:43:23,2026-07-16 15:44:58,,"city cell","","","",""
wewow-prod,4703332278617237,357592330039848,,POSTPAID,Active,2026-05-24 15:40:52,2026-05-24 15:47:01,Paytrigger,INFINIX,X6885,Unlock,"",rcardenas@battycell.com,2026-07-15 23:44:01,2026-07-15 23:43:57,,"city cell","","","",""
wewow-prod,4715820301403251,353168840105488,,POSTPAID,Active,2026-07-13 16:32:07,2026-07-13 16:44:30,Paytrigger,INFINIX,X6895,Default Activation,"",system@trustonic.com,2026-07-13 16:45:18,2026-07-13 18:28:12,,"city cell","","","",""
wewow-prod,4740907124094230,359055970277688,,POSTPAID,Active,2025-06-08 17:46:56,2025-06-08 17:55:32,Paytrigger,INFINIX,X6881,Unlock,"",rcardenas@battycell.com,2026-07-15 15:45:36,2026-07-15 15:45:34,,"city cell","","","",""
wewow-prod,4765748427602649,350314670203521,,POSTPAID,Active,2026-05-09 16:22:36,2026-05-09 16:28:55,Paytrigger,TECNO,KM6,Send message,"Citycell",rcardenas@battycell.com,2026-07-13 10:27:47,2026-07-13 10:34:11,,"city cell","","","",""
wewow-prod,4778253519659562,352859169980375,,POSTPAID,Active,2025-11-25 16:04:28,2025-11-25 16:07:50,KnoxGuard,SAMSUNG,SM-A075M,Send message,"Citycell",rcardenas@battycell.com,2026-07-15 10:11:45,2026-07-15 23:48:40,,"city cell","","","",""
wewow-prod,4802410362429187,357592330501714,,POSTPAID,Active,2026-05-24 12:15:33,2026-05-24 12:20:32,Paytrigger,INFINIX,X6885,Send message,"Citycell",rcardenas@battycell.com,2026-07-17 10:25:30,2026-07-17 07:43:58,,"city cell","","","",""
wewow-prod,4859613458031796,353168840023921,,POSTPAID,Active,2026-06-17 18:08:09,2026-06-17 18:14:33,Paytrigger,INFINIX,X6895,Send message,"Citycell",rcardenas@battycell.com,2026-07-14 10:27:37,2026-07-14 10:16:26,,"city cell","","","",""
wewow-prod,4887312434905188,357592330477378,,POSTPAID,Locked,2026-06-30 16:58:45,2026-06-30 17:06:23,Paytrigger,INFINIX,X6885,Lock,"",rcardenas@battycell.com,2026-07-16 13:44:38,2026-07-16 13:44:36,,"city cell","","","",""
wewow-prod,4909725254303446,353181614011634,,POSTPAID,Active,2025-12-23 17:33:24,2025-12-23 17:45:30,KnoxGuard,SAMSUNG,SM-A175F,Unlock,"",rcardenas@battycell.com,2026-07-19 21:46:43,2026-07-19 21:46:36,,"city cell","","","",""
wewow-prod,4914220928602635,352169182729308,,POSTPAID,Active,2026-07-18 15:59:40,2026-07-18 16:15:22,KnoxGuard,SAMSUNG,SM-A075M/DS,Default Activation,"",system@trustonic.com,2026-07-18 16:16:17,2026-07-18 16:22:13,,"city cell","","","",""
wewow-prod,4925953755922835,350314670228965,,POSTPAID,Active,2026-04-18 16:27:19,2026-04-18 16:31:46,Paytrigger,TECNO,KM6,Unlock,"",rcardenas@battycell.com,2026-07-15 07:18:14,2026-07-15 07:18:10,,"city cell","","","",""
wewow-prod,4935432588321033,353168840101461,,POSTPAID,Active,2026-07-18 13:02:51,2026-07-18 13:08:39,Paytrigger,INFINIX,X6895,Default Activation,"",system@trustonic.com,2026-07-18 13:09:32,2026-07-18 13:10:42,,"city cell","","","",""
wewow-prod,4938175755785674,358021350041798,,POSTPAID,Locked,2026-06-16 11:24:09,2026-06-16 11:28:39,Paytrigger,TECNO,KN4,Lock,"",rcardenas@battycell.com,2026-07-05 03:09:00,2026-07-05 03:08:54,,"city cell","","","",""
wewow-prod,4961191865048128,357592330369005,,POSTPAID,Active,2026-05-31 12:00:32,2026-05-31 12:03:15,Paytrigger,INFINIX,X6885,Send message,"Citycell",rcardenas@battycell.com,2026-07-10 10:33:12,2026-07-10 10:34:55,,"city cell","","","",""
wewow-prod,4973919368085583,358021350039115,,POSTPAID,Active,2026-06-12 15:08:35,2026-06-12 15:11:52,Paytrigger,TECNO,KN4,Send message,"Citycell",rcardenas@battycell.com,2026-07-17 10:27:45,2026-07-17 10:19:36,,"city cell","","","",""
wewow-prod,4996640850128005,357592330017422,,POSTPAID,Active,2026-07-12 18:37:30,2026-07-12 18:43:26,Paytrigger,INFINIX,X6885,Send message,"Citycell",rcardenas@battycell.com,2026-07-18 10:31:48,2026-07-18 12:41:19,,"city cell","","","",""
wewow-prod,5040162931491250,357592330073615,,POSTPAID,Locked,2026-03-31 16:40:46,2026-03-31 16:45:33,Paytrigger,INFINIX,X6885,Lock,"",rcardenas@battycell.com,2026-07-19 12:41:23,2026-07-19 12:41:19,,"city cell","","","",""
wewow-prod,5049138015389200,358021350143024,,POSTPAID,Ready For Use,2026-07-14 12:24:41,,Paytrigger,TECNO,KN4,Register,"",rcardenas@battycell.com,2026-07-14 12:24:41,,,"city cell","","","",""
wewow-prod,5060271791514246,357592330028155,,POSTPAID,Active,2026-03-27 12:42:38,2026-03-27 12:47:52,Paytrigger,INFINIX,X6885,Send message,"Citycell",rcardenas@battycell.com,2026-07-17 10:19:00,2026-07-17 08:39:49,,"city cell","","","",""
wewow-prod,5062063034693051,350275600425254,,POSTPAID,Active,2026-05-21 16:58:46,2026-05-21 17:02:44,Paytrigger,TECNO,KM4,Send message,"Citycell",rcardenas@battycell.com,2026-07-16 10:22:37,2026-07-16 11:11:19,,"city cell","","","",""
wewow-prod,5089003323589845,358021350051011,,POSTPAID,Locked,2026-06-23 16:44:34,2026-06-23 16:50:28,Paytrigger,TECNO,KN4,Lock,"",rcardenas@battycell.com,2026-07-17 05:48:52,2026-07-17 05:48:49,,"city cell","","","",""
wewow-prod,5123246336142209,359055976659681,,POSTPAID,Active,2025-03-01 11:12:31,2025-03-01 11:15:43,Paytrigger,INFINIX,X6881,Unlock,"",rcardenas@battycell.com,2026-07-15 16:48:47,2026-07-15 16:48:45,,"city cell","","","",""
wewow-prod,5127978635751617,357592330042156,,POSTPAID,Active,2026-07-13 13:23:07,2026-07-13 13:26:33,Paytrigger,INFINIX,X6885,Send message,"Citycell",rcardenas@battycell.com,2026-07-19 10:35:53,2026-07-19 12:24:26,,"city cell","","","",""
wewow-prod,5128257626354629,357592330361408,,POSTPAID,Active,2026-06-05 16:44:27,2026-06-05 17:01:06,Paytrigger,INFINIX,X6885,Send message,"Citycell",rcardenas@battycell.com,2026-07-17 10:26:29,2026-07-17 12:22:09,,"city cell","","","",""
wewow-prod,5134814845041950,357592330497483,,POSTPAID,Locked,2026-06-12 19:29:53,2026-07-05 16:29:25,Paytrigger,INFINIX,X6885,Lock,"",rcardenas@battycell.com,2026-07-13 01:34:26,2026-07-13 01:42:01,,"city cell","","","",""
wewow-prod,5134977929031260,358021350074401,,POSTPAID,Active,2026-06-20 15:08:18,2026-06-20 15:19:19,Paytrigger,TECNO,KN4,Send message,"Citycell",rcardenas@battycell.com,2026-07-17 10:29:25,2026-07-17 11:29:27,,"city cell","","","",""
wewow-prod,5154763746283770,353207808679363,,POSTPAID,Active,2026-07-18 12:46:40,2026-07-18 12:58:42,KnoxGuard,SAMSUNG,SM-A075M,Default Activation,"",system@trustonic.com,2026-07-18 13:02:18,2026-07-18 13:00:58,,"city cell","","","",""
wewow-prod,5159383373349292,352859161075653,,POSTPAID,Active,2025-12-31 15:29:57,2025-12-31 15:34:05,KnoxGuard,SAMSUNG,SM-A075M,Send message,"Citycell",rcardenas@battycell.com,2026-07-16 10:12:13,2026-07-16 23:46:44,,"city cell","","","",""
wewow-prod,5162553241479396,352433396478452,,POSTPAID,Active,2026-01-02 12:53:44,2026-01-02 13:06:40,Motosafe,MOTOROLA,XT2435-1,Send message,"Citycell",rcardenas@battycell.com,2026-07-13 10:13:21,2026-07-13 10:13:21,,"city cell","","","",""
wewow-prod,5172473864860759,358021350051656,,POSTPAID,Active,2026-07-17 12:09:18,2026-07-17 12:56:51,Paytrigger,TECNO,KN4,Default Activation,"",system@trustonic.com,2026-07-17 12:58:32,2026-07-17 13:10:16,,"city cell","","","",""
wewow-prod,5175378804726405,355811123616931,,POSTPAID,Locked,2025-05-23 16:56:51,2025-05-23 17:10:22,Motosafe,MOTOROLA,XT2521-2,Lock,"",rcardenas@battycell.com,2026-07-12 16:12:27,2026-07-12 16:12:28,,"city cell","","","",""
wewow-prod,5186080739031648,358021350058826,,POSTPAID,Active,2026-07-13 17:31:07,2026-07-13 17:35:53,Paytrigger,TECNO,KN4,Send message,"Citycell",rcardenas@battycell.com,2026-07-19 10:36:17,2026-07-19 11:05:34,,"city cell","","","",""
wewow-prod,5218962081374368,353168840016529,,POSTPAID,Active,2026-06-08 12:19:23,2026-06-08 12:22:58,Paytrigger,INFINIX,X6895,Send message,"Citycell",rcardenas@battycell.com,2026-07-13 10:32:25,2026-07-13 09:14:04,,"city cell","","","",""
wewow-prod,5224490951071008,350275600439750,,POSTPAID,Active,2026-05-11 14:58:13,2026-05-11 15:08:54,Paytrigger,TECNO,KM4,Send message,"Citycell",rcardenas@battycell.com,2026-07-19 10:23:28,2026-07-19 09:51:10,,"city cell","","","",""
wewow-prod,5248982977450781,357113746787944,,POSTPAID,Active,2026-07-18 13:11:18,2026-07-18 13:15:49,KnoxGuard,SAMSUNG,SM-A075M/DS,Default Activation,"",system@trustonic.com,2026-07-18 13:16:04,2026-07-18 13:17:05,,"city cell","","","",""
wewow-prod,5262334536025687,350901806661729,,POSTPAID,Locked,2026-05-23 17:11:50,2026-05-23 17:17:16,KnoxGuard,SAMSUNG,SM-A175F/DS,Lock,"",rcardenas@battycell.com,2026-07-12 01:56:18,2026-07-12 01:56:12,,"city cell","","","",""
wewow-prod,5285968831126731,350275600271096,,POSTPAID,Active,2026-05-25 18:23:46,2026-05-25 18:28:03,Paytrigger,TECNO,KM4,Send message,"Citycell",rcardenas@battycell.com,2026-07-18 10:20:13,2026-07-18 10:40:58,,"city cell","","","",""
wewow-prod,5296005407568480,357592330049359,,POSTPAID,Active,2026-05-03 17:05:37,2026-05-03 17:10:55,Paytrigger,INFINIX,X6885,Send message,"Citycell",rcardenas@battycell.com,2026-07-18 10:18:47,2026-07-18 11:10:24,,"city cell","","","",""
wewow-prod,5309573249992909,358021350144394,,POSTPAID,Active,2026-07-14 15:48:25,2026-07-14 15:53:01,Paytrigger,TECNO,KN4,Unlock,"",rcardenas@battycell.com,2026-07-14 17:35:57,2026-07-14 17:52:16,,"city cell","","","",""
wewow-prod,5310398992757999,867515071228398,,POSTPAID,Active,2025-05-03 11:36:11,2025-05-03 11:40:20,R-Guard,REALME,RMX3834,Unlock,"",rcardenas@battycell.com,2026-07-15 12:53:06,2026-07-15 12:53:03,,"city cell","","","",""
wewow-prod,5326198811163355,353168840107146,,POSTPAID,Active,2026-07-17 12:12:10,2026-07-17 12:25:53,Paytrigger,INFINIX,X6895,Default Activation,"",system@trustonic.com,2026-07-17 12:27:22,2026-07-17 12:39:17,,"city cell","","","",""
wewow-prod,5332892648241307,352859169393801,,POSTPAID,Active,2026-01-07 12:44:33,2026-01-07 12:51:58,KnoxGuard,SAMSUNG,SM-A075M,Send message,"Citycell",rcardenas@battycell.com,2026-07-17 10:49:13,2026-07-17 13:53:23,,"city cell","","","",""
wewow-prod,5340458589672293,359055974508823,,POSTPAID,Released,2025-02-11 10:42:50,2025-02-11 10:57:49,Paytrigger,INFINIX,X6881,Release,"",rcardenas@battycell.com,2026-07-05 14:15:57,2026-07-05 14:19:20,,"city cell","","","",""
wewow-prod,5353547227554696,863949070473297,,POSTPAID,Active,2025-12-21 13:15:03,2025-12-21 13:19:13,R-Guard,REALME,RMX3939,Unlock,"",rcardenas@battycell.com,2026-07-14 22:06:17,2026-07-14 22:06:14,,"city cell","","","",""
wewow-prod,5358579101696895,353168840102212,,POSTPAID,Active,2026-07-06 18:11:26,2026-07-06 18:15:07,Paytrigger,INFINIX,X6895,Send message,"Citycell",rcardenas@battycell.com,2026-07-19 10:33:44,2026-07-19 11:24:29,,"city cell","","","",""
wewow-prod,5373654730311419,352859164840871,,POSTPAID,Locked,2026-04-24 10:55:18,2026-04-24 11:03:39,KnoxGuard,SAMSUNG,SM-A075M,Lock,"",rcardenas@battycell.com,2026-07-18 01:11:23,2026-07-18 01:11:17,,"city cell","","","",""
wewow-prod,5388400165945400,357592330014494,,POSTPAID,Active,2026-05-26 18:58:40,2026-07-05 15:43:28,Paytrigger,INFINIX,X6885,Send message,"Citycell",rcardenas@battycell.com,2026-07-19 10:32:42,2026-07-19 10:46:11,,"city cell","","","",""
wewow-prod,5393514467113396,358021350037770,,POSTPAID,Active,2026-06-28 15:44:19,2026-06-28 15:51:30,Paytrigger,TECNO,KN4,Send message,"Citycell",rcardenas@battycell.com,2026-07-17 10:31:04,2026-07-17 09:50:38,,"city cell","","","",""
wewow-prod,5408212460202160,357526870078568,,POSTPAID,Active,2025-03-31 13:57:02,2025-03-31 14:06:56,Paytrigger,INFINIX,X6532,Send message,"Citycell",rcardenas@battycell.com,2026-07-17 10:07:14,2026-07-17 11:04:39,,"city cell","","","",""
wewow-prod,5410633747618810,350275600419331,,POSTPAID,Locked,2026-05-24 12:50:48,2026-05-24 12:54:32,Paytrigger,TECNO,KM4,Lock,"",rcardenas@battycell.com,2026-07-14 20:36:50,2026-07-14 20:36:48,,"city cell","","","",""
wewow-prod,5439737349117953,865627070249713,,POSTPAID,Locked,2026-03-18 12:57:06,2026-03-18 13:04:18,R-Guard,REALME,RMX3930,Lock,"",rcardenas@battycell.com,2026-07-19 02:12:29,2026-07-19 03:39:30,,"city cell","","","",""
wewow-prod,5451032050338692,354526455325015,,POSTPAID,Active,2025-11-15 13:34:30,2025-11-15 13:46:16,Motosafe,MOTOROLA,XT2523-8,Unlock,"",rcardenas@battycell.com,2026-07-14 15:07:00,2026-07-14 15:07:38,,"city cell","","","",""
wewow-prod,5474742684584292,358021350056325,,POSTPAID,Active,2026-06-22 18:56:58,2026-06-22 19:01:35,Paytrigger,TECNO,KN4,Send message,"Citycell",rcardenas@battycell.com,2026-07-19 10:29:21,2026-07-19 08:44:07,,"city cell","","","",""
wewow-prod,5481333907677839,353181616577467,,POSTPAID,Locked,2026-04-06 11:09:49,2026-04-06 19:00:32,KnoxGuard,SAMSUNG,SM-A175F,Lock message,"Citycell",cmendoza@citycell.mx,2026-07-14 15:45:26,2026-07-14 17:28:48,,"city cell","","","",""
wewow-prod,5506324718683726,350314670193714,,POSTPAID,Active,2026-05-21 14:28:38,2026-05-21 14:39:02,Paytrigger,TECNO,KM6,Send message,"Citycell",rcardenas@battycell.com,2026-07-17 10:23:05,2026-07-17 08:42:29,,"city cell","","","",""
wewow-prod,5532230535512688,350601366226661,,POSTPAID,Active,2026-03-27 16:10:44,2026-03-27 16:25:14,KnoxGuard,SAMSUNG,SM-A266M/DS,Send message,"Citycell",rcardenas@battycell.com,2026-07-16 10:18:09,2026-07-16 19:04:31,,"city cell","","","",""
wewow-prod,5558942567881960,351129120661139,,POSTPAID,Active,2026-05-19 18:33:01,2026-05-19 18:36:35,Paytrigger,INFINIX,X6725,Send message,"Citycell",rcardenas@battycell.com,2026-07-18 10:19:57,2026-07-18 11:15:38,,"city cell","","","",""
wewow-prod,5560189255189593,353181616474129,,POSTPAID,Active,2026-03-15 19:20:30,2026-03-15 19:25:26,KnoxGuard,SAMSUNG,SM-A175F,Unlock,"",rcardenas@battycell.com,2026-07-15 17:20:55,2026-07-15 17:20:49,,"city cell","","","",""
wewow-prod,5576717655791555,356253242452006,,POSTPAID,Active,2026-07-18 12:14:56,2026-07-18 12:23:32,KnoxGuard,SAMSUNG,SM-A075M,Default Activation,"",system@trustonic.com,2026-07-18 12:25:06,2026-07-18 12:56:14,,"city cell","","","",""
wewow-prod,5579639662732244,353207808655736,,POSTPAID,Active,2026-07-17 18:56:27,2026-07-17 19:08:16,KnoxGuard,SAMSUNG,SM-A075M,Default Activation,"",system@trustonic.com,2026-07-17 19:09:37,2026-07-18 04:12:19,,"city cell","","","",""
wewow-prod,5597739416656914,355397370758196,,POSTPAID,Locked,2026-05-18 18:25:17,2026-05-18 18:42:42,KnoxGuard,SAMSUNG,SM-A065M/DS,Lock,"",rcardenas@battycell.com,2026-07-16 00:37:00,2026-07-16 00:53:04,,"city cell","","","",""
wewow-prod,5598795568543963,357113746772029,,POSTPAID,Active,2026-07-19 15:24:04,2026-07-19 15:30:29,KnoxGuard,SAMSUNG,SM-A075M/DS,Default Activation,"",system@trustonic.com,2026-07-19 15:31:33,2026-07-19 19:21:06,,"city cell","","","",""
wewow-prod,5609162777185420,357524760274215,,POSTPAID,Active,2026-07-10 17:36:15,2026-07-10 17:40:20,KnoxGuard,SAMSUNG,SM-A266M/DS,Unlock,"",rcardenas@battycell.com,2026-07-18 07:33:29,2026-07-18 07:33:28,,"city cell","","","",""
wewow-prod,5627243647612702,357592330380358,,POSTPAID,Active,2026-07-10 14:19:12,2026-07-10 14:26:33,Paytrigger,INFINIX,X6885,Default Activation,"",system@trustonic.com,2026-07-10 14:27:44,2026-07-10 14:39:44,,"city cell","","","",""
wewow-prod,5630420658452722,352422853001253,,POSTPAID,Active,2025-07-03 18:21:11,2025-07-03 18:30:30,Motosafe,MOTOROLA,XT2421-12,Unlock,"",rcardenas@battycell.com,2026-07-14 21:37:49,2026-07-14 21:37:54,,"city cell","","","",""
wewow-prod,5641927784433878,358021350085530,,POSTPAID,Active,2026-07-19 12:42:50,2026-07-19 12:49:41,Paytrigger,TECNO,KN4,Unlock,"",soporte@solopsa.com.mx,2026-07-19 17:28:04,2026-07-19 17:28:01,,"city cell","","","",""
wewow-prod,5658217933544411,356796260163830,,POSTPAID,Active,2026-04-03 12:30:45,2026-04-03 12:41:09,KnoxGuard,SAMSUNG,SM-A566E,Unlock,"",rcardenas@battycell.com,2026-07-14 06:48:47,2026-07-14 06:48:42,,"city cell","","","",""
wewow-prod,5663736654013071,353207808653210,,POSTPAID,Active,2026-07-19 14:47:48,2026-07-19 14:54:58,KnoxGuard,SAMSUNG,SM-A075M,Default Activation,"",system@trustonic.com,2026-07-19 14:55:57,2026-07-19 14:56:44,,"city cell","","","",""
wewow-prod,5668643664604595,353168840113094,,POSTPAID,Active,2026-07-11 12:47:09,2026-07-11 12:49:15,Paytrigger,INFINIX,X6895,Send message,"Citycell",rcardenas@battycell.com,2026-07-17 10:35:10,2026-07-17 09:13:09,,"city cell","","","",""
wewow-prod,5673479400340233,350275600096212,,POSTPAID,Locked,2026-04-30 14:33:06,2026-04-30 14:34:31,Paytrigger,TECNO,KM4,Lock,"",rcardenas@battycell.com,2026-07-08 01:30:42,2026-07-08 01:30:38,,"city cell","","","",""
wewow-prod,5675846212637463,350473650230050,,POSTPAID,Active,2026-02-10 15:27:51,2026-02-10 16:39:04,KnoxGuard,SAMSUNG,SM-A176B,Send message,"Citycell",rcardenas@battycell.com,2026-07-19 10:11:56,2026-07-19 20:49:26,,"city cell","","","",""
wewow-prod,5691403265468021,350558663670969,,POSTPAID,Active,2026-05-11 10:41:04,2026-05-11 10:46:02,KnoxGuard,SAMSUNG,SM-A165M/DS,Send message,"Citycell",rcardenas@battycell.com,2026-07-19 10:23:23,2026-07-19 22:01:19,,"city cell","","","",""
wewow-prod,5709900822136132,357592330494712,,POSTPAID,Active,2026-06-28 13:15:57,2026-06-28 13:19:19,Paytrigger,INFINIX,X6885,Send message,"Citycell",rcardenas@battycell.com,2026-07-11 10:30:16,2026-07-11 12:00:54,,"city cell","","","",""
wewow-prod,5719684244255023,357443191238964,,POSTPAID,Released,2026-04-22 14:39:27,2026-07-05 14:55:37,KnoxGuard,SAMSUNG,SM-A576B,Release,"",soporte@solopsa.com.mx,2026-07-05 17:13:20,2026-07-05 14:56:43,,"city cell","","","",""
wewow-prod,5724146838562465,351129120648862,,POSTPAID,Locked,2026-05-05 12:13:46,2026-05-15 18:40:05,Paytrigger,INFINIX,X6725,Lock,"",rcardenas@battycell.com,2026-07-15 18:01:22,2026-07-15 18:01:18,,"city cell","","","",""
wewow-prod,5731146464252167,353181616493913,,POSTPAID,Active,2026-03-21 18:47:16,2026-03-21 18:57:32,KnoxGuard,SAMSUNG,SM-A175F,Send message,"Citycell",rcardenas@battycell.com,2026-07-19 10:17:59,2026-07-19 14:20:02,,"city cell","","","",""
wewow-prod,5742917085946071,357592330412375,,POSTPAID,Locked,2026-05-28 15:57:07,2026-05-28 16:03:35,Paytrigger,INFINIX,X6885,Lock,"",rcardenas@battycell.com,2026-07-14 01:28:35,2026-07-14 01:28:32,,"city cell","","","",""
wewow-prod,5751493789917645,350829440516639,,POSTPAID,Active,2026-07-19 17:09:45,2026-07-19 17:15:43,Paytrigger,INFINIX,X6887,Default Activation,"",system@trustonic.com,2026-07-19 17:16:29,2026-07-19 17:42:34,,"city cell","","","",""
wewow-prod,5801327074483547,350699739936735,,POSTPAID,Active,2025-06-16 16:25:58,2025-06-16 16:31:28,Motosafe,MOTOROLA,XT2427-1,Send message,"Citycell",rcardenas@battycell.com,2026-07-12 10:03:52,2026-07-12 10:03:53,,"city cell","","","",""
wewow-prod,5819753520753085,358021350057745,,POSTPAID,Ready For Use,2026-07-16 16:27:04,,Paytrigger,TECNO,KN4,Register,"",rcardenas@battycell.com,2026-07-16 16:27:04,,,"city cell","","","",""
wewow-prod,5827399596326626,863949070238591,,POSTPAID,Active,2026-03-31 16:11:53,2026-03-31 16:19:05,R-Guard,REALME,RMX3939,Send message,"Citycell",rcardenas@battycell.com,2026-07-14 10:17:01,2026-07-14 11:50:41,,"city cell","","","",""
wewow-prod,5832689818944589,358021350042960,,POSTPAID,Ready For Use,2026-07-17 11:06:12,,Paytrigger,TECNO,KN4,Register,"",rcardenas@battycell.com,2026-07-17 11:06:12,,,"city cell","","","",""
wewow-prod,5833880241629259,351755485656346,,INVENTORY,Idle,,,KnoxGuard,SAMSUNG,SM-A075M,Register,"",rcardenas@battycell.com,2026-07-17 18:06:31,,,"city cell","","","",""
wewow-prod,5920484867700287,353168840033821,,POSTPAID,Active,2026-06-26 18:35:03,2026-06-26 18:41:01,Paytrigger,INFINIX,X6895,Unlock,"",rcardenas@battycell.com,2026-07-16 06:07:01,2026-07-16 06:06:58,,"city cell","","","",""
wewow-prod,5941519140870671,357617702907296,,POSTPAID,Active,2026-07-17 12:04:21,2026-07-17 12:25:54,KnoxGuard,SAMSUNG,SM-A266M/DS,Default Activation,"",system@trustonic.com,2026-07-17 12:26:21,2026-07-17 17:31:46,,"city cell","","","",""
wewow-prod,5943371536246032,357617701431769,,POSTPAID,Active,2026-03-07 15:23:30,2026-03-07 15:27:14,KnoxGuard,SAMSUNG,SM-A266M/DS,Send message,"Citycell",rcardenas@battycell.com,2026-07-18 10:13:36,2026-07-18 18:54:08,,"city cell","","","",""
wewow-prod,5960992695132342,357592330312658,,POSTPAID,Active,2026-04-21 10:49:34,2026-04-21 10:57:30,Paytrigger,INFINIX,X6885,Unlock,"",rcardenas@battycell.com,2026-07-14 15:14:36,2026-07-14 15:21:34,,"city cell","","","",""
wewow-prod,6000211746878026,350601366965664,,POSTPAID,Released,2026-04-04 18:19:31,2026-05-17 19:21:40,KnoxGuard,SAMSUNG,SM-A266M/DS,Release,"",soporte@solopsa.com.mx,2026-07-03 15:48:28,2026-07-03 15:45:47,,"city cell","","","",""
wewow-prod,6014089176424311,358021350041038,,POSTPAID,Active,2026-07-12 14:55:59,2026-07-12 15:02:54,Paytrigger,TECNO,KN4,Default Activation,"",system@trustonic.com,2026-07-12 15:03:54,2026-07-12 15:05:36,,"city cell","","","",""
wewow-prod,6060791600240108,358224900515911,,POSTPAID,Active,2026-04-18 13:13:04,2026-04-18 13:17:36,KnoxGuard,SAMSUNG,SM-A176B/DS,Send message,"Citycell",rcardenas@battycell.com,2026-07-19 10:20:15,2026-07-20 02:46:19,,"city cell","","","",""
wewow-prod,6069280280083254,352169182722402,,POSTPAID,Active,2026-07-17 18:03:25,2026-07-17 18:04:22,KnoxGuard,SAMSUNG,SM-A075M/DS,Default Activation,"",system@trustonic.com,2026-07-17 18:05:58,2026-07-17 18:18:16,,"city cell","","","",""
wewow-prod,6087435132998878,353168840030488,,POSTPAID,Active,2026-07-12 15:56:07,2026-07-12 16:00:36,Paytrigger,INFINIX,X6895,Send message,"Citycell",rcardenas@battycell.com,2026-07-18 10:31:12,2026-07-18 10:29:35,,"city cell","","","",""
wewow-prod,6091431545873107,357524760275519,,POSTPAID,Locked,2026-07-10 12:15:27,2026-07-10 12:20:40,KnoxGuard,SAMSUNG,SM-A266M/DS,Lock,"",rcardenas@battycell.com,2026-07-18 01:28:19,2026-07-18 01:28:14,,"city cell","","","",""
wewow-prod,6100870655803416,351129120515996,,POSTPAID,Active,2026-05-24 13:57:15,2026-05-24 14:08:05,Paytrigger,INFINIX,X6725,Unlock,"",rcardenas@battycell.com,2026-07-17 08:53:49,2026-07-17 08:53:46,,"city cell","","","",""
wewow-prod,6112482350756684,350829440514089,,POSTPAID,Active,2026-07-15 19:05:36,2026-07-15 19:09:11,Paytrigger,INFINIX,X6887,Default Activation,"",system@trustonic.com,2026-07-15 19:10:29,2026-07-15 19:32:45,,"city cell","","","",""
wewow-prod,6141208180644500,358021350167189,,POSTPAID,Active,2026-06-21 13:40:47,2026-06-21 13:44:19,Paytrigger,TECNO,KN4,Unlock,"",rcardenas@battycell.com,2026-07-14 20:26:57,2026-07-14 20:26:54,,"city cell","","","",""
wewow-prod,6158513029291493,350829440428462,,POSTPAID,Active,2026-07-14 12:45:44,2026-07-14 12:49:55,Paytrigger,INFINIX,X6887,Default Activation,"",system@trustonic.com,2026-07-14 12:50:59,2026-07-14 13:43:20,,"city cell","","","",""
wewow-prod,6161549934151865,350314670184663,,POSTPAID,Active,2026-04-28 16:58:27,2026-04-28 17:03:13,Paytrigger,TECNO,KM6,Send message,"Citycell",rcardenas@battycell.com,2026-07-16 10:20:47,2026-07-16 08:12:05,,"city cell","","","",""
wewow-prod,6163647795125311,358224900565098,,POSTPAID,Active,2025-12-24 15:59:40,2025-12-24 16:03:05,KnoxGuard,SAMSUNG,SM-A176B/DS,Send message,"Citycell",rcardenas@battycell.com,2026-07-19 10:07:37,2026-07-19 07:05:13,,"city cell","","","",""
wewow-prod,6163789921568280,355174184848061,,POSTPAID,Active,2026-02-08 18:59:52,2026-02-08 19:07:52,KnoxGuard,SAMSUNG,SM-A366E,Unlock,"",rcardenas@battycell.com,2026-07-15 19:10:52,2026-07-15 19:44:25,,"city cell","","","",""
wewow-prod,6172898096527042,356211839245910,,POSTPAID,Active,2025-11-29 12:26:28,2025-11-29 12:30:51,Motosafe,MOTOROLA,XT2421-7,Unlock,"",rcardenas@battycell.com,2026-07-19 10:18:59,2026-07-19 10:19:00,,"city cell","","","",""
wewow-prod,6178006658482141,353168840017691,,POSTPAID,Active,2026-07-08 18:33:49,2026-07-08 18:39:19,Paytrigger,INFINIX,X6895,Unlock,"",rcardenas@battycell.com,2026-07-17 12:55:16,2026-07-17 12:55:12,,"city cell","","","",""
wewow-prod,6179790061235788,357113742511421,,POSTPAID,Active,2026-07-18 12:10:51,2026-07-18 12:18:39,KnoxGuard,SAMSUNG,SM-A075M/DS,Default Activation,"",system@trustonic.com,2026-07-18 12:20:58,2026-07-18 12:30:40,,"city cell","","","",""
wewow-prod,6180251863126574,355811124993016,,POSTPAID,Active,2026-03-08 15:37:50,2026-03-08 15:45:24,Motosafe,MOTOROLA,XT2521-2,Unlock,"",rcardenas@battycell.com,2026-07-19 19:49:07,2026-07-19 19:49:07,,"city cell","","","",""
wewow-prod,6200950354591916,357592330501680,,POSTPAID,Locked,2026-05-30 18:48:49,2026-05-30 18:52:40,Paytrigger,INFINIX,X6885,Lock,"",rcardenas@battycell.com,2026-07-12 02:36:33,2026-07-12 02:36:30,,"city cell","","","",""
wewow-prod,6234803092234259,352500200445107,,POSTPAID,Released,2025-07-09 09:06:08,2025-10-25 11:44:43,Paytrigger,INFINIX,X6531,Release,"",soporte@solopsa.com.mx,2026-07-05 14:18:05,2026-07-05 14:18:34,,"city cell","","","",""
wewow-prod,6240149850940334,355708561511238,,POSTPAID,Active,2026-06-20 18:16:32,2026-06-20 18:26:14,KnoxGuard,SAMSUNG,SM-A576B/DS,Send message,"Citycell",rcardenas@battycell.com,2026-07-17 11:04:54,2026-07-18 01:27:15,,"city cell","","","",""
wewow-prod,6269797401146005,352422853477917,,POSTPAID,Active,2025-07-30 13:03:07,2026-07-15 18:49:12,Motosafe,MOTOROLA,XT2421-12,Default Activation,"",system@trustonic.com,2026-07-15 18:49:13,2026-07-15 18:49:13,,"city cell","","","",""
wewow-prod,6313381271564392,352433396750553,,POSTPAID,Active,2026-01-04 12:08:34,2026-01-04 12:11:52,Motosafe,MOTOROLA,XT2435-1,Unlock,"",rcardenas@battycell.com,2026-07-17 21:19:47,2026-07-17 21:19:47,,"city cell","","","",""
wewow-prod,6339106916357070,358021350041954,,POSTPAID,Active,2026-06-24 19:42:58,2026-06-24 19:45:44,Paytrigger,TECNO,KN4,Unlock,"",rcardenas@battycell.com,2026-07-17 13:07:51,2026-07-17 13:07:49,,"city cell","","","",""
wewow-prod,6372041705221308,358021350203299,,POSTPAID,Locked,2026-07-14 09:34:22,2026-07-14 09:41:42,Paytrigger,TECNO,KN4,Lock,"",rcardenas@battycell.com,2026-07-19 19:21:07,2026-07-19 19:21:04,,"city cell","","","",""
wewow-prod,6402011495975873,357592330474672,,POSTPAID,Locked,2026-07-02 10:55:32,2026-07-02 11:05:26,Paytrigger,INFINIX,X6885,Lock,"",rcardenas@battycell.com,2026-07-14 21:35:17,2026-07-14 21:35:14,,"city cell","","","",""
wewow-prod,6441657743301806,358021350126029,,POSTPAID,Active,2026-06-15 16:56:32,2026-06-15 17:00:40,Paytrigger,TECNO,KN4,Send message,"Citycell",rcardenas@battycell.com,2026-07-17 10:27:59,2026-07-17 09:51:48,,"city cell","","","",""
wewow-prod,6448973992949931,357113744957291,,POSTPAID,Active,2026-07-18 17:44:08,2026-07-19 13:37:52,KnoxGuard,SAMSUNG,SM-A075M/DS,Default Activation,"",system@trustonic.com,2026-07-19 13:38:20,2026-07-20 00:21:54,,"city cell","","","",""
wewow-prod,6450469806261789,358021350159467,,POSTPAID,Active,2026-07-15 15:20:52,2026-07-15 15:32:57,Paytrigger,TECNO,KN4,Default Activation,"",system@trustonic.com,2026-07-15 15:34:56,2026-07-15 15:49:27,,"city cell","","","",""
wewow-prod,6461395048038450,357524760280097,,POSTPAID,Active,2026-07-12 16:11:25,2026-07-12 16:35:10,KnoxGuard,SAMSUNG,SM-A266M/DS,Send message,"Citycell",rcardenas@battycell.com,2026-07-16 10:33:03,2026-07-16 18:09:14,,"city cell","","","",""
wewow-prod,6470955389712186,350455586290233,,POSTPAID,Active,2026-05-28 16:02:27,2026-05-28 16:08:12,KnoxGuard,SAMSUNG,SM-A165M/DS,Send message,"Citycell",rcardenas@battycell.com,2026-07-18 10:20:52,2026-07-19 02:58:06,,"city cell","","","",""
wewow-prod,6493430217928312,357592330473310,,POSTPAID,Active,2026-06-13 19:12:52,2026-06-13 19:18:32,Paytrigger,INFINIX,X6885,Send message,"Citycell",rcardenas@battycell.com,2026-07-18 10:23:53,2026-07-18 11:04:42,,"city cell","","","",""
wewow-prod,6509930203246982,358021350052142,,POSTPAID,Active,2026-07-17 18:58:58,2026-07-17 19:02:58,Paytrigger,TECNO,KN4,Default Activation,"",system@trustonic.com,2026-07-17 19:03:45,2026-07-17 19:22:08,,"city cell","","","",""
wewow-prod,6543015901814111,350275600234599,,POSTPAID,Locked,2026-05-21 17:16:16,2026-05-21 17:22:37,Paytrigger,TECNO,KM4,Lock,"",rcardenas@battycell.com,2026-07-19 05:17:48,2026-07-19 05:17:46,,"city cell","","","",""
wewow-prod,6549269634929369,352169186009137,,POSTPAID,Active,2026-07-18 13:14:45,2026-07-18 13:30:24,KnoxGuard,SAMSUNG,SM-A075M/DS,Default Activation,"",system@trustonic.com,2026-07-18 13:34:49,2026-07-18 14:31:45,,"city cell","","","",""
wewow-prod,6576982644196228,354526459298838,,POSTPAID,Active,2025-12-28 12:21:13,2025-12-28 12:33:57,Motosafe,MOTOROLA,XT2523-8,Unlock,"",rcardenas@battycell.com,2026-07-13 11:06:17,2026-07-13 22:16:14,,"city cell","","","",""
wewow-prod,6594477832638820,355436690985871,,POSTPAID,Active,2026-02-26 14:14:46,2026-02-26 14:20:37,KnoxGuard,SAMSUNG,SM-A165M,Send message,"Citycell",rcardenas@battycell.com,2026-07-15 10:17:10,2026-07-15 07:30:15,,"city cell","","","",""
wewow-prod,6596067438014652,357592330486262,,POSTPAID,Active,2026-07-03 17:11:25,2026-07-03 17:15:24,Paytrigger,INFINIX,X6885,Unlock,"",rcardenas@battycell.com,2026-07-18 19:50:37,2026-07-18 19:50:34,,"city cell","","","",""
wewow-prod,6602312906458218,351641244504680,,POSTPAID,Active,2026-07-17 13:53:24,2026-07-18 07:27:28,KnoxGuard,SAMSUNG,SM-A055M/DS,Default Activation,"",system@trustonic.com,2026-07-18 07:28:35,2026-07-18 07:36:12,,"city cell","","","",""
wewow-prod,6620587840801178,351129120671054,,POSTPAID,Active,2026-05-31 18:13:01,2026-05-31 18:17:39,Paytrigger,INFINIX,X6725,Unlock,"",rcardenas@battycell.com,2026-07-15 15:42:22,2026-07-15 15:42:20,,"city cell","","","",""
wewow-prod,6645760801636622,357592330472833,,POSTPAID,Active,2026-07-03 15:06:27,2026-07-04 11:57:53,Paytrigger,INFINIX,X6885,Unlock,"",rcardenas@battycell.com,2026-07-19 08:39:17,2026-07-19 08:39:12,,"city cell","","","",""
wewow-prod,6652517694896664,358021350049064,,POSTPAID,Ready For Use,2026-07-09 12:58:09,,Paytrigger,TECNO,KN4,Register,"",rcardenas@battycell.com,2026-07-09 12:58:09,,,"city cell","","","",""
wewow-prod,6666415791461093,358021350096628,,POSTPAID,Active,2026-06-27 12:50:22,2026-06-27 12:54:23,Paytrigger,TECNO,KN4,Send message,"Citycell",rcardenas@battycell.com,2026-07-18 10:26:26,2026-07-18 09:04:09,,"city cell","","","",""
wewow-prod,6668305368170910,350901806646621,,POSTPAID,Active,2026-05-23 20:27:40,2026-05-23 20:35:11,KnoxGuard,SAMSUNG,SM-A175F/DS,Send message,"Citycell",rcardenas@battycell.com,2026-07-18 10:20:37,2026-07-19 04:19:08,,"city cell","","","",""
wewow-prod,6702585577071174,353181613810754,,POSTPAID,Active,2026-01-07 21:23:35,2026-01-07 21:27:17,KnoxGuard,SAMSUNG,SM-A175F,Send message,"Citycell",rcardenas@battycell.com,2026-07-18 10:09:17,2026-07-19 03:55:15,,"city cell","","","",""
wewow-prod,6706473138644761,865627070120518,,POSTPAID,Locked,2026-03-26 15:38:57,2026-03-26 15:43:08,R-Guard,REALME,RMX3930,Lock,"",rcardenas@battycell.com,2026-07-19 01:55:13,2026-07-19 03:41:32,,"city cell","","","",""
wewow-prod,6717181913327664,359055976678764,,POSTPAID,Active,2025-02-17 19:03:29,2025-02-17 19:19:43,Paytrigger,INFINIX,X6881,Unlock,"",rcardenas@battycell.com,2026-07-01 13:10:16,2026-07-01 13:10:14,,"city cell","","","",""
wewow-prod,6720041307868004,352169186008899,,POSTPAID,Active,2026-07-18 16:18:09,2026-07-18 16:25:23,KnoxGuard,SAMSUNG,SM-A075M/DS,Default Activation,"",system@trustonic.com,2026-07-18 16:25:58,2026-07-18 16:27:23,,"city cell","","","",""
wewow-prod,6729472668968763,352422853424794,,POSTPAID,Locked,2025-07-14 14:07:02,2025-07-14 14:13:57,Motosafe,MOTOROLA,XT2421-12,Lock,"",rcardenas@battycell.com,2026-07-07 23:09:17,2026-07-07 23:09:31,,"city cell","","","",""
wewow-prod,6739216776524199,350314670185116,,POSTPAID,Active,2026-04-23 15:22:34,2026-05-30 11:31:30,Paytrigger,TECNO,KM6,Send message,"Citycell",rcardenas@battycell.com,2026-07-13 10:31:52,2026-07-13 12:02:08,,"city cell","","","",""
wewow-prod,6755732972570112,357592330388104,,POSTPAID,Active,2026-07-04 17:25:04,2026-07-04 17:28:13,Paytrigger,INFINIX,X6885,Default Activation,"",system@trustonic.com,2026-07-04 17:29:22,2026-07-04 17:45:53,,"city cell","","","",""
wewow-prod,6757975296795333,350829440504965,,POSTPAID,Active,2026-07-05 14:54:06,2026-07-05 15:05:08,Paytrigger,INFINIX,X6887,Send message,"Citycell",rcardenas@battycell.com,2026-07-19 10:33:15,2026-07-19 11:05:16,,"city cell","","","",""
wewow-prod,6771773190674012,353181615486306,,POSTPAID,Active,2026-01-04 18:06:12,2026-01-04 18:12:43,KnoxGuard,SAMSUNG,SM-A175F,Send message,"Citycell",rcardenas@battycell.com,2026-07-18 10:08:26,2026-07-18 19:26:39,,"city cell","","","",""
wewow-prod,6771895780551596,355436690962797,,POSTPAID,Active,2026-03-06 17:47:46,2026-03-06 17:54:12,KnoxGuard,SAMSUNG,SM-A165M,Unlock,"",rcardenas@battycell.com,2026-07-18 20:22:24,2026-07-18 20:22:20,,"city cell","","","",""
wewow-prod,6811968427955131,358021350062521,,POSTPAID,Locked,2026-06-23 18:52:08,2026-06-23 18:58:51,Paytrigger,TECNO,KN4,Lock,"",rcardenas@battycell.com,2026-07-19 07:52:42,2026-07-19 07:52:40,,"city cell","","","",""
wewow-prod,6813515415459095,357592330483228,,POSTPAID,Active,2026-06-13 10:16:01,2026-06-13 10:22:06,Paytrigger,INFINIX,X6885,Send message,"Citycell",rcardenas@battycell.com,2026-07-18 10:22:56,2026-07-18 09:45:46,,"city cell","","","",""
wewow-prod,6851446600583371,355913388568045,,POSTPAID,Active,2025-05-25 18:22:36,2025-05-25 18:38:53,Motosafe,MOTOROLA,XT2425-1,Unlock,"",rcardenas@battycell.com,2026-07-13 17:30:11,2026-07-13 17:30:12,,"city cell","","","",""
wewow-prod,6854154093564309,351129120665353,,POSTPAID,Active,2026-05-26 12:50:58,2026-05-26 12:56:29,Paytrigger,INFINIX,X6725,Send message,"Citycell",rcardenas@battycell.com,2026-07-13 10:29:14,2026-07-13 11:38:09,,"city cell","","","",""
wewow-prod,6860535419844917,350829440416699,,POSTPAID,Released,2026-07-10 17:00:44,2026-07-17 09:44:12,Paytrigger,INFINIX,X6887,Release,"",atencion@solopsa.com.mx,2026-07-17 09:57:21,2026-07-17 13:29:04,,"city cell","","","",""
wewow-prod,6863180461812943,358021350037374,,POSTPAID,Active,2026-07-14 14:13:35,2026-07-14 14:19:10,Paytrigger,TECNO,KN4,Default Activation,"",system@trustonic.com,2026-07-14 14:20:04,2026-07-14 14:45:06,,"city cell","","","",""
wewow-prod,6880014114327407,352169185216303,,POSTPAID,Active,2026-07-18 15:40:12,2026-07-18 15:45:55,KnoxGuard,SAMSUNG,SM-A075M/DS,Default Activation,"",system@trustonic.com,2026-07-18 15:46:56,2026-07-18 15:49:50,,"city cell","","","",""
wewow-prod,6890508143772859,350473650901247,,POSTPAID,Active,2026-02-04 16:03:08,2026-02-04 16:15:32,KnoxGuard,SAMSUNG,SM-A176B,Unlock,"",rcardenas@battycell.com,2026-07-14 23:02:32,2026-07-14 23:08:33,,"city cell","","","",""
wewow-prod,6898346232168818,357592330304747,,POSTPAID,Ready For Use,2026-07-13 09:15:34,,Paytrigger,INFINIX,X6885,Register,"",rcardenas@battycell.com,2026-07-13 09:15:34,,,"city cell","","","",""
wewow-prod,6921041225714394,357592330017794,,POSTPAID,Active,2026-04-18 12:16:25,2026-04-18 12:21:51,Paytrigger,INFINIX,X6885,Unlock,"",rcardenas@battycell.com,2026-07-14 13:43:47,2026-07-14 13:43:44,,"city cell","","","",""
wewow-prod,6939104659006706,357645853239581,,POSTPAID,Active,2026-07-02 11:21:53,2026-07-09 18:49:27,Paytrigger,INFINIX,X6728,Unlock,"",rcardenas@battycell.com,2026-07-18 11:49:49,2026-07-18 11:49:44,,"city cell","","","",""
wewow-prod,6969801316309597,350275600285146,,POSTPAID,Ready For Use,2026-07-14 16:28:20,,Paytrigger,TECNO,KM4,Register,"",rcardenas@battycell.com,2026-07-14 16:28:20,,,"city cell","","","",""
wewow-prod,6973779259857058,351368282338652,,POSTPAID,Active,2026-03-03 12:34:10,2026-03-03 12:43:53,Motosafe,MOTOROLA,XT2523-2,Unlock,"",rcardenas@battycell.com,2026-07-17 10:53:11,2026-07-17 15:25:58,,"city cell","","","",""
wewow-prod,6976804819437891,350601367008357,,POSTPAID,Active,2026-07-16 10:53:22,2026-07-16 11:01:31,KnoxGuard,SAMSUNG,SM-A266M/DS,Default Activation,"",system@trustonic.com,2026-07-16 11:03:06,2026-07-16 11:03:09,,"city cell","","","",""
wewow-prod,6982112249354701,357617702885807,,POSTPAID,Active,2026-06-17 16:26:27,2026-06-17 16:33:04,KnoxGuard,SAMSUNG,SM-A266M/DS,Send message,"Citycell",rcardenas@battycell.com,2026-07-14 10:27:55,2026-07-14 22:34:26,,"city cell","","","",""
wewow-prod,7020268818248245,352169186024748,,POSTPAID,Active,2026-07-19 14:13:50,2026-07-19 14:19:18,KnoxGuard,SAMSUNG,SM-A075M/DS,Default Activation,"",system@trustonic.com,2026-07-19 14:20:44,2026-07-19 16:32:07,,"city cell","","","",""
wewow-prod,7043888765743740,357617701780660,,POSTPAID,Locked,2026-07-04 16:49:59,2026-07-04 16:54:22,KnoxGuard,SAMSUNG,SM-A266M/DS,Lock,"",rcardenas@battycell.com,2026-07-12 06:53:04,2026-07-12 23:23:39,,"city cell","","","",""
wewow-prod,7067290477405970,357592330482840,,POSTPAID,Active,2026-06-08 12:02:17,2026-06-08 12:05:41,Paytrigger,INFINIX,X6885,Unlock,"",rcardenas@battycell.com,2026-07-17 12:43:34,2026-07-17 12:43:32,,"city cell","","","",""
wewow-prod,7113239943700916,350275600248474,,POSTPAID,Active,2026-05-29 14:19:29,2026-05-29 14:27:14,Paytrigger,TECNO,KM4,Unlock,"",rcardenas@battycell.com,2026-07-14 13:31:05,2026-07-14 13:31:02,,"city cell","","","",""
wewow-prod,7127125722106622,358021350044982,,POSTPAID,Locked,2026-07-05 13:50:00,2026-07-05 14:10:18,Paytrigger,TECNO,KN4,Lock,"",rcardenas@battycell.com,2026-07-14 04:48:55,2026-07-14 04:48:50,,"city cell","","","",""
wewow-prod,7150006057113672,355708561355289,,POSTPAID,Active,2026-06-08 16:13:46,2026-06-12 13:02:37,KnoxGuard,SAMSUNG,SM-A576B/DS,Send message,"Citycell",rcardenas@battycell.com,2026-07-19 10:27:21,2026-07-19 10:36:55,,"city cell","","","",""
wewow-prod,7157538424713980,350829440524823,,POSTPAID,Active,2026-07-02 21:18:08,2026-07-02 21:22:44,Paytrigger,INFINIX,X6887,Send message,"Citycell",rcardenas@battycell.com,2026-07-15 10:30:35,2026-07-15 11:41:42,,"city cell","","","",""
wewow-prod,7176839902099173,353168840012510,,POSTPAID,Active,2026-07-17 18:36:53,2026-07-17 18:46:12,Paytrigger,INFINIX,X6895,Default Activation,"",system@trustonic.com,2026-07-17 18:47:25,2026-07-17 19:24:37,,"city cell","","","",""
wewow-prod,7199012529602206,358021350062067,,POSTPAID,Released,2026-07-11 12:56:59,2026-07-11 13:03:05,Paytrigger,TECNO,KN4,Release,"",soporte@solopsa.com.mx,2026-07-11 18:52:59,2026-07-11 18:53:39,,"city cell","","","",""
wewow-prod,7239590190448453,350792390095261,,POSTPAID,Active,2026-06-12 17:29:56,2026-06-12 17:41:29,Paytrigger,TECNO,LK7k,Unlock,"",rcardenas@battycell.com,2026-07-19 12:05:40,2026-07-19 12:05:37,,"city cell","","","",""
wewow-prod,7274015237223788,358021350102319,,POSTPAID,Active,2026-06-10 19:30:54,2026-06-10 20:00:48,Paytrigger,TECNO,KN4,Send message,"Citycell",rcardenas@battycell.com,2026-07-18 10:23:05,2026-07-18 04:00:08,,"city cell","","","",""
wewow-prod,7281248880652433,350275600306744,,POSTPAID,Locked,2026-05-05 18:23:29,2026-05-05 18:32:02,Paytrigger,TECNO,KM4,Lock,"",rcardenas@battycell.com,2026-07-14 01:25:59,2026-07-14 01:25:54,,"city cell","","","",""
wewow-prod,7301221629769487,352169186025166,,POSTPAID,Active,2026-07-18 14:19:12,2026-07-18 14:25:32,KnoxGuard,SAMSUNG,SM-A075M/DS,Default Activation,"",system@trustonic.com,2026-07-18 14:25:56,2026-07-18 19:52:43,,"city cell","","","",""
wewow-prod,7332013725034256,350699737597851,,POSTPAID,Locked,2025-07-09 17:52:47,2025-07-09 17:57:34,Motosafe,MOTOROLA,XT2427-1,Lock,"",rcardenas@battycell.com,2026-07-01 00:39:02,2026-07-01 00:41:06,,"city cell","","","",""
wewow-prod,7353211237634486,350997430117237,,POSTPAID,Active,2026-07-17 12:57:58,2026-07-17 13:02:36,KnoxGuard,SAMSUNG,SM-A366E/DS,Default Activation,"",system@trustonic.com,2026-07-17 13:06:11,2026-07-17 19:21:09,,"city cell","","","",""
wewow-prod,7363974658878027,350314670222489,,POSTPAID,Active,2026-04-26 16:14:39,2026-04-26 16:26:12,Paytrigger,TECNO,KM6,Unlock,"",rcardenas@battycell.com,2026-07-16 09:28:34,2026-07-16 09:28:32,,"city cell","","","",""
wewow-prod,7381599086973642,353181618495999,,POSTPAID,Active,2026-05-18 13:31:55,2026-05-18 13:41:54,KnoxGuard,SAMSUNG,SM-A175F,Send message,"Citycell",rcardenas@battycell.com,2026-07-13 10:29:09,2026-07-13 11:38:44,,"city cell","","","",""
wewow-prod,7391827066523029,358021350184523,,POSTPAID,Locked,2026-06-11 12:42:30,2026-06-11 12:45:06,Paytrigger,TECNO,KN4,Lock,"",rcardenas@battycell.com,2026-07-18 09:44:47,2026-07-18 09:44:44,,"city cell","","","",""
wewow-prod,7409845752966206,351755481614679,,POSTPAID,Active,2025-12-12 12:37:05,2025-12-12 12:42:20,KnoxGuard,SAMSUNG,SM-A075M,Unlock,"",rcardenas@battycell.com,2026-07-18 11:00:03,2026-07-18 10:59:58,,"city cell","","","",""
wewow-prod,7429295895231882,353168840099905,,POSTPAID,Locked,2026-07-11 13:22:31,2026-07-11 13:27:18,Paytrigger,INFINIX,X6895,Lock,"",rcardenas@battycell.com,2026-07-19 06:37:50,2026-07-19 06:37:47,,"city cell","","","",""
wewow-prod,7443135105644722,350275600377927,,POSTPAID,Active,2026-05-22 13:29:46,2026-05-22 13:33:46,Paytrigger,TECNO,KM4,Send message,"Citycell",rcardenas@battycell.com,2026-07-13 10:28:51,2026-07-13 12:16:57,,"city cell","","","",""
wewow-prod,7464141431177154,350275600251155,,POSTPAID,Active,2026-05-10 19:22:50,2026-05-10 19:29:19,Paytrigger,TECNO,KM4,Unlock,"",rcardenas@battycell.com,2026-07-17 21:08:24,2026-07-17 21:08:21,,"city cell","","","",""
wewow-prod,7464224432770611,358021350160622,,POSTPAID,Active,2026-07-07 11:16:58,2026-07-07 11:21:51,Paytrigger,TECNO,KN4,Send message,"Citycell",rcardenas@battycell.com,2026-07-13 10:38:10,2026-07-13 11:19:22,,"city cell","","","",""
wewow-prod,7466705527467849,357524760275683,,POSTPAID,Active,2026-07-09 16:04:31,2026-07-09 16:10:40,KnoxGuard,SAMSUNG,SM-A266M/DS,Unlock,"",rcardenas@battycell.com,2026-07-17 09:37:29,2026-07-17 19:23:50,,"city cell","","","",""
wewow-prod,7487741637161687,353207808711737,,POSTPAID,Active,2026-07-17 16:21:33,2026-07-18 18:13:46,KnoxGuard,SAMSUNG,SM-A075M,Default Activation,"",system@trustonic.com,2026-07-18 18:15:26,2026-07-18 23:11:37,,"city cell","","","",""
wewow-prod,7493525627345008,357592330396495,,POSTPAID,Active,2026-07-15 13:46:47,2026-07-15 13:51:58,Paytrigger,INFINIX,X6885,Default Activation,"",system@trustonic.com,2026-07-15 13:53:14,2026-07-15 14:55:29,,"city cell","","","",""
wewow-prod,7495591623988315,350314670054890,,POSTPAID,Active,2026-05-16 17:09:52,2026-05-16 17:12:47,Paytrigger,TECNO,KM6,Send message,"Citycell",rcardenas@battycell.com,2026-07-13 10:27:48,2026-07-13 10:34:34,,"city cell","","","",""
wewow-prod,7495930854063706,351247482139237,,POSTPAID,Active,2026-07-18 12:40:18,2026-07-18 12:45:28,KnoxGuard,SAMSUNG,SM-A366E/DS,Default Activation,"",system@trustonic.com,2026-07-18 12:46:10,2026-07-18 13:25:42,,"city cell","","","",""
wewow-prod,7502370963424241,350275600247450,,POSTPAID,Active,2026-05-31 15:22:53,2026-05-31 15:29:05,Paytrigger,TECNO,KM4,Unlock,"",rcardenas@battycell.com,2026-07-13 14:17:30,2026-07-13 14:17:28,,"city cell","","","",""
wewow-prod,7542733396603135,350558668511515,,POSTPAID,Active,2026-05-20 17:12:12,2026-05-20 17:18:11,KnoxGuard,SAMSUNG,SM-A165M/DS,Send message,"Citycell",rcardenas@battycell.com,2026-07-14 10:23:36,2026-07-14 10:26:52,,"city cell","","","",""
wewow-prod,7551993136144434,353952620453857,,POSTPAID,Active,2026-01-08 19:11:58,2026-01-08 19:14:53,KnoxGuard,SAMSUNG,SM-A175F/DS,Unlock,"",rcardenas@battycell.com,2026-07-15 20:48:46,2026-07-15 20:48:42,,"city cell","","","",""
wewow-prod,7554241822128277,350547990073328,,POSTPAID,Locked,2025-04-15 15:24:12,2025-04-15 15:29:23,Paytrigger,TECNO,KL6,Lock,"",rcardenas@battycell.com,2026-07-18 01:53:10,2026-07-18 01:53:07,,"city cell","","","",""
wewow-prod,7579242685208645,356034750083601,,POSTPAID,Ready For Use,2026-07-06 17:25:00,,Paytrigger,TECNO,CN5c,Register,"",rcardenas@battycell.com,2026-07-06 17:25:00,,,"city cell","","","",""
wewow-prod,7593569732976516,357592330348306,,POSTPAID,Locked,2026-05-19 12:51:38,2026-05-19 12:55:18,Paytrigger,INFINIX,X6885,Lock,"",rcardenas@battycell.com,2026-07-04 10:55:28,2026-07-04 10:55:23,,"city cell","","","",""
wewow-prod,7627553801307359,352859165070494,,POSTPAID,Active,2025-12-21 15:05:23,2025-12-21 15:13:43,KnoxGuard,SAMSUNG,SM-A075M,Send message,"Citycell",rcardenas@battycell.com,2026-07-16 10:12:11,2026-07-17 01:35:23,,"city cell","","","",""
wewow-prod,7643673460988701,353207808679355,,POSTPAID,Active,2026-07-19 12:06:49,2026-07-19 12:13:33,KnoxGuard,SAMSUNG,SM-A075M,Default Activation,"",system@trustonic.com,2026-07-19 12:14:58,2026-07-19 12:15:57,,"city cell","","","",""
wewow-prod,7677285756677197,358021350280263,,POSTPAID,Active,2026-07-19 13:43:58,2026-07-19 13:51:11,Paytrigger,TECNO,KN4,Default Activation,"",system@trustonic.com,2026-07-19 13:52:29,2026-07-19 14:01:11,,"city cell","","","",""
wewow-prod,7693029049841842,358021350039131,,POSTPAID,Active,2026-06-27 12:04:04,2026-06-27 12:10:14,Paytrigger,TECNO,KN4,Unlock,"",rcardenas@battycell.com,2026-07-19 17:27:43,2026-07-19 17:27:39,,"city cell","","","",""
wewow-prod,7701734381650960,352096320151444,,POSTPAID,Active,2025-05-30 15:42:04,2025-05-30 15:49:09,Paytrigger,INFINIX,X6880,Unlock,"",rcardenas@battycell.com,2026-07-14 07:55:39,2026-07-14 07:55:37,,"city cell","","","",""
wewow-prod,7702177640141092,357592330493102,,POSTPAID,Active,2026-07-04 18:49:50,2026-07-04 18:51:43,Paytrigger,INFINIX,X6885,Send message,"Citycell",rcardenas@battycell.com,2026-07-17 10:32:58,2026-07-17 10:05:36,,"city cell","","","",""
wewow-prod,7734841196300458,353168840095002,,POSTPAID,Active,2026-07-12 09:14:16,2026-07-12 09:21:41,Paytrigger,INFINIX,X6895,Send message,"Citycell",rcardenas@battycell.com,2026-07-16 10:34:09,2026-07-16 09:52:39,,"city cell","","","",""
wewow-prod,7736642161096509,350182154159521,,POSTPAID,Active,2026-07-10 12:13:15,2026-07-10 12:27:14,KnoxGuard,SAMSUNG,SM-A266M,Send message,"Citycell",rcardenas@battycell.com,2026-07-17 11:07:37,2026-07-17 07:01:46,,"city cell","","","",""
wewow-prod,7746697875581683,353168840106718,,POSTPAID,Active,2026-07-19 11:16:45,2026-07-19 11:19:14,Paytrigger,INFINIX,X6895,Default Activation,"",system@trustonic.com,2026-07-19 11:20:03,2026-07-19 11:20:59,,"city cell","","","",""
wewow-prod,7761215253143219,350558668559043,,POSTPAID,Active,2026-05-28 16:12:28,2026-05-28 16:18:06,KnoxGuard,SAMSUNG,SM-A165M/DS,Unlock,"",rcardenas@battycell.com,2026-07-15 19:21:09,2026-07-15 19:21:06,,"city cell","","","",""
wewow-prod,7763053815290861,350275600360113,,POSTPAID,Active,2026-05-19 11:20:59,2026-05-19 11:24:44,Paytrigger,TECNO,KM4,Send message,"Citycell",rcardenas@battycell.com,2026-07-19 10:24:37,2026-07-19 11:47:48,,"city cell","","","",""
wewow-prod,7788148227016784,357113741410583,,POSTPAID,Active,2026-07-18 09:17:02,2026-07-18 09:22:04,KnoxGuard,SAMSUNG,SM-A075M/DS,Default Activation,"",system@trustonic.com,2026-07-18 09:23:29,2026-07-18 09:23:21,,"city cell","","","",""
wewow-prod,7790647247329934,354499631054489,,POSTPAID,Locked,2026-04-17 19:15:23,2026-04-17 19:25:00,KnoxGuard,SAMSUNG,SM-A175F,Lock,"",rcardenas@battycell.com,2026-07-05 01:51:41,2026-07-05 01:51:34,,"city cell","","","",""
wewow-prod,7790727277671499,358021350041335,,POSTPAID,Active,2026-07-09 12:19:43,2026-07-09 12:25:40,Paytrigger,TECNO,KN4,Unlock,"",rcardenas@battycell.com,2026-07-19 09:43:51,2026-07-19 09:43:48,,"city cell","","","",""
wewow-prod,7831975258295928,358021350112557,,POSTPAID,Active,2026-07-15 15:05:46,2026-07-15 15:17:47,Paytrigger,TECNO,KN4,Default Activation,"",system@trustonic.com,2026-07-15 15:18:54,2026-07-15 15:26:06,,"city cell","","","",""
wewow-prod,7835615165285413,350314670208108,,POSTPAID,Active,2026-04-18 19:55:36,2026-04-18 20:00:37,Paytrigger,TECNO,KM6,Send message,"Citycell",rcardenas@battycell.com,2026-07-18 10:17:19,2026-07-18 05:03:25,,"city cell","","","",""
wewow-prod,7851380442835048,352500200449885,,POSTPAID,Released,2025-06-16 13:48:12,2025-06-16 13:55:53,Paytrigger,INFINIX,X6531,Release,"",rcardenas@battycell.com,2026-07-04 09:55:08,2026-07-04 10:53:44,,"city cell","","","",""
wewow-prod,7866536443556884,358812271534980,,POSTPAID,Active,2025-04-11 10:41:50,2025-04-11 10:48:03,Paytrigger,TECNO,KL4,Send message,"Citycell",rcardenas@battycell.com,2026-07-17 10:07:13,2026-07-17 09:34:04,,"city cell","","","",""
wewow-prod,7890387288808896,350829440446076,,POSTPAID,Active,2026-07-18 13:21:23,2026-07-18 13:37:59,Paytrigger,INFINIX,X6887,Default Activation,"",system@trustonic.com,2026-07-18 13:38:37,2026-07-18 14:14:37,,"city cell","","","",""
wewow-prod,7894225269622386,358021350046326,,POSTPAID,Active,2026-06-14 14:25:53,2026-06-14 14:29:59,Paytrigger,TECNO,KN4,Send message,"Citycell",rcardenas@battycell.com,2026-07-12 10:31:09,2026-07-12 00:11:10,,"city cell","","","",""
wewow-prod,7901991945921190,358812272371580,,POSTPAID,Released,2025-07-10 15:45:26,2025-07-10 15:53:04,Paytrigger,TECNO,KL4,Release,"",rcardenas@battycell.com,2026-07-15 13:20:43,2026-07-15 13:35:35,,"city cell","","","",""
wewow-prod,7906761690670428,358021350043216,,POSTPAID,Locked,2026-07-08 13:31:04,2026-07-08 13:36:58,Paytrigger,TECNO,KN4,Lock,"",rcardenas@battycell.com,2026-07-18 02:48:52,2026-07-18 02:48:47,,"city cell","","","",""
wewow-prod,7907151858022247,352859165793095,,POSTPAID,Active,2025-12-19 14:42:43,2025-12-19 14:54:48,KnoxGuard,SAMSUNG,SM-A075M,Send message,"Citycell",rcardenas@battycell.com,2026-07-16 10:10:16,2026-07-16 22:12:49,,"city cell","","","",""
wewow-prod,7918138962333109,356034750064288,,POSTPAID,Ready For Use,2026-07-09 11:45:15,,Paytrigger,TECNO,CN5c,Register,"",rcardenas@battycell.com,2026-07-09 11:45:15,,,"city cell","","","",""
wewow-prod,7924339006034703,350829440499513,,POSTPAID,Active,2026-07-03 12:16:28,2026-07-03 12:22:10,Paytrigger,INFINIX,X6887,Send message,"Citycell",rcardenas@battycell.com,2026-07-16 10:29:26,2026-07-07 10:02:51,,"city cell","","","",""
wewow-prod,7960962019766595,352042192482087,,POSTPAID,Active,2025-07-06 12:48:07,2026-07-03 15:35:28,KnoxGuard,SAMSUNG,SM-A165M/DS,Default Activation,"",system@trustonic.com,2026-07-03 15:35:52,2026-07-03 15:45:14,,"city cell","","","",""
wewow-prod,7971112898286944,354499630183669,,POSTPAID,Active,2026-04-17 15:59:45,2026-04-17 16:05:45,KnoxGuard,SAMSUNG,SM-A175F,Send message,"Citycell",rcardenas@battycell.com,2026-07-18 10:16:36,2026-07-19 03:01:52,,"city cell","","","",""
wewow-prod,7982281201730982,353168840014904,,POSTPAID,Active,2026-07-02 15:04:53,2026-07-02 15:11:15,Paytrigger,INFINIX,X6895,Default Activation,"",system@trustonic.com,2026-07-02 15:12:02,2026-07-02 15:14:29,,"city cell","","","",""
wewow-prod,7984368777436540,358021350053066,,POSTPAID,Active,2026-06-27 16:40:57,2026-06-27 16:48:01,Paytrigger,TECNO,KN4,Send message,"Citycell",rcardenas@battycell.com,2026-07-19 10:31:28,2026-07-19 09:48:24,,"city cell","","","",""
wewow-prod,7986883069231806,352500200124025,,POSTPAID,Active,2025-06-02 13:42:36,2025-06-02 13:48:27,Paytrigger,INFINIX,X6531,Unlock,"",rcardenas@battycell.com,2026-07-16 23:07:26,2026-07-16 23:07:22,,"city cell","","","",""
wewow-prod,8056130056741649,352159396934950,,POSTPAID,Active,2025-12-29 19:52:31,2025-12-29 19:59:38,Motosafe,MOTOROLA,XT2435-2,Send message,"Citycell",rcardenas@battycell.com,2026-07-13 10:13:34,2026-07-13 10:13:35,,"city cell","","","",""
wewow-prod,8071511305140637,357592330496543,,POSTPAID,Locked,2026-06-01 19:57:54,2026-06-01 20:02:13,Paytrigger,INFINIX,X6885,Lock,"",rcardenas@battycell.com,2026-07-08 01:53:21,2026-07-08 01:53:18,,"city cell","","","",""
wewow-prod,8101366207418671,358021350052100,,POSTPAID,Active,2026-06-25 17:41:37,2026-06-25 18:03:02,Paytrigger,TECNO,KN4,Send message,"Citycell",rcardenas@battycell.com,2026-07-15 10:29:06,2026-07-15 10:20:22,,"city cell","","","",""
wewow-prod,8103321208244057,350275600068450,,POSTPAID,Active,2026-05-29 19:12:14,2026-05-29 19:14:59,Paytrigger,TECNO,KM4,Unlock,"",rcardenas@battycell.com,2026-07-14 00:54:11,2026-07-14 00:54:05,,"city cell","","","",""
wewow-prod,8112512477751605,357592330017992,,POSTPAID,Active,2026-05-02 19:10:02,2026-05-02 19:13:42,Paytrigger,INFINIX,X6885,Unlock,"",rcardenas@battycell.com,2026-07-19 17:09:26,2026-07-19 17:09:24,,"city cell","","","",""
wewow-prod,8113203541802069,352169182722568,,POSTPAID,Active,2026-07-18 09:32:51,2026-07-18 09:47:14,KnoxGuard,SAMSUNG,SM-A075M/DS,Default Activation,"",system@trustonic.com,2026-07-18 09:48:23,2026-07-18 10:23:14,,"city cell","","","",""
wewow-prod,8133234797746969,350829440452124,,POSTPAID,Active,2026-07-05 15:10:36,2026-07-05 15:25:49,Paytrigger,INFINIX,X6887,Send message,"Citycell",rcardenas@battycell.com,2026-07-19 10:33:00,2026-07-19 11:50:22,,"city cell","","","",""
wewow-prod,8157835182010383,358021350035501,,POSTPAID,Active,2026-06-13 12:53:58,2026-06-13 13:09:36,Paytrigger,TECNO,KN4,Unlock,"",rcardenas@battycell.com,2026-07-14 11:48:52,2026-07-14 11:48:49,,"city cell","","","",""
wewow-prod,8161645024845673,358021350049031,,POSTPAID,Active,2026-06-15 14:09:11,2026-06-15 14:22:34,Paytrigger,TECNO,KN4,Unlock,"",rcardenas@battycell.com,2026-07-19 20:27:15,2026-07-19 20:27:12,,"city cell","","","",""
wewow-prod,8173628056437650,357524760113116,,POSTPAID,Active,2026-06-08 12:19:37,2026-06-08 12:26:35,KnoxGuard,SAMSUNG,SM-A266M/DS,Unlock,"",rcardenas@battycell.com,2026-07-16 08:22:27,2026-07-16 08:22:44,,"city cell","","","",""
wewow-prod,8210023387369331,355811122723134,,POSTPAID,Released,2025-06-14 18:42:02,2025-06-14 18:46:56,Motosafe,MOTOROLA,XT2521-2,Release,"",soporte@solopsa.com.mx,2026-07-14 15:01:58,2026-07-14 15:01:58,,"city cell","","","",""
wewow-prod,8217820760710343,350558668511499,,POSTPAID,Active,2026-06-28 12:13:58,2026-07-06 15:08:40,KnoxGuard,SAMSUNG,SM-A165M/DS,Default Activation,"",system@trustonic.com,2026-07-06 15:10:25,2026-07-06 15:08:36,,"city cell","","","",""
wewow-prod,8231429633939261,350792390133765,,POSTPAID,Active,2026-07-17 11:10:32,2026-07-17 11:14:26,Paytrigger,TECNO,LK7k,Default Activation,"",system@trustonic.com,2026-07-17 11:15:39,2026-07-17 11:27:49,,"city cell","","","",""
wewow-prod,8236681620724802,356034161844989,,POSTPAID,Active,2026-03-11 13:59:16,2026-03-11 14:08:43,KnoxGuard,SAMSUNG,SM-A165M,Unlock,"",system@trustonic.com,2026-07-14 11:26:31,2026-07-14 11:22:00,,"city cell","","","",""
wewow-prod,8243680937195831,351641240255972,,POSTPAID,Active,2026-02-13 11:08:33,2026-02-13 11:11:17,KnoxGuard,SAMSUNG,SM-A055M/DS,Unlock,"",rcardenas@battycell.com,2026-07-16 20:56:55,2026-07-16 20:57:00,,"city cell","","","",""
wewow-prod,8253535028544151,350829440487054,,POSTPAID,Active,2026-07-05 18:14:44,2026-07-16 13:39:52,Paytrigger,INFINIX,X6887,Default Activation,"",system@trustonic.com,2026-07-16 13:41:01,2026-07-16 14:12:38,,"city cell","","","",""
wewow-prod,8270454632070807,350314670226779,,POSTPAID,Active,2026-05-15 18:27:39,2026-05-15 18:33:39,Paytrigger,TECNO,KM6,Unlock,"",rcardenas@battycell.com,2026-07-13 11:22:38,2026-07-13 11:22:31,,"city cell","","","",""
wewow-prod,8291511950958089,351368286100512,,POSTPAID,Active,2026-06-03 14:55:12,2026-06-03 14:59:26,Motosafe,MOTOROLA,XT2523-2,Send message,"Citycell",rcardenas@battycell.com,2026-07-14 19:59:59,2026-07-15 01:12:46,,"city cell","","","",""
wewow-prod,8307013407849315,353207805571399,,POSTPAID,Active,2026-07-19 14:50:07,2026-07-19 14:58:46,KnoxGuard,SAMSUNG,SM-A075M,Default Activation,"",system@trustonic.com,2026-07-19 15:00:00,2026-07-19 15:01:05,,"city cell","","","",""
wewow-prod,8307324085679511,350829440486080,,POSTPAID,Active,2026-07-16 13:23:05,2026-07-16 13:26:45,Paytrigger,INFINIX,X6887,Default Activation,"",system@trustonic.com,2026-07-16 13:27:44,2026-07-16 14:50:55,,"city cell","","","",""
wewow-prod,8328406927971240,358021350069153,,POSTPAID,Active,2026-06-12 19:43:09,2026-06-12 19:50:52,Paytrigger,TECNO,KN4,Send message,"Citycell",rcardenas@battycell.com,2026-07-16 10:25:19,2026-07-16 12:11:53,,"city cell","","","",""
wewow-prod,8332524713302453,353002770223476,,POSTPAID,Active,2026-07-03 08:44:23,2026-07-03 08:56:40,Paytrigger,INFINIX,CM6,Unlock,"",rcardenas@battycell.com,2026-07-18 07:04:23,2026-07-18 07:04:22,,"city cell","","","",""
wewow-prod,8355833533012543,357592330061180,,POSTPAID,Active,2026-07-09 15:04:54,2026-07-09 15:08:15,Paytrigger,INFINIX,X6885,Unlock,"",rcardenas@battycell.com,2026-07-17 12:43:17,2026-07-17 12:43:12,,"city cell","","","",""
wewow-prod,8373364122114779,358021350046078,,POSTPAID,Active,2026-07-14 19:38:16,2026-07-14 19:49:39,Paytrigger,TECNO,KN4,Default Activation,"",system@trustonic.com,2026-07-14 19:50:36,2026-07-14 20:10:41,,"city cell","","","",""
wewow-prod,8384698318695340,350290619809745,,POSTPAID,Active,2025-05-28 17:32:12,2025-05-28 17:41:34,KnoxGuard,SAMSUNG,SM-A057M/DS,Unlock,"",rcardenas@battycell.com,2026-07-18 14:37:51,2026-07-18 14:43:52,,"city cell","","","",""
wewow-prod,8395596974130192,353207808623510,,POSTPAID,Active,2026-07-17 17:49:33,2026-07-17 17:58:25,KnoxGuard,SAMSUNG,SM-A075M,Default Activation,"",system@trustonic.com,2026-07-17 17:59:43,2026-07-17 18:04:52,,"city cell","","","",""
wewow-prod,8435766957285613,351755480025745,,POSTPAID,Active,2025-11-27 10:43:36,2025-11-27 10:48:15,KnoxGuard,SAMSUNG,SM-A075M,Send message,"Citycell",rcardenas@battycell.com,2026-07-10 10:07:29,2026-07-10 18:30:11,,"city cell","","","",""
wewow-prod,8470525456681066,352500200345703,,POSTPAID,Active,2025-07-14 17:49:37,2025-07-14 17:55:35,Paytrigger,INFINIX,X6531,Unlock,"",rcardenas@battycell.com,2026-07-19 16:10:08,2026-07-19 16:10:01,,"city cell","","","",""
wewow-prod,8472467862428412,357592330028940,,POSTPAID,Active,2026-05-04 15:44:51,2026-05-04 15:50:03,Paytrigger,INFINIX,X6885,Send message,"Citycell",rcardenas@battycell.com,2026-07-15 10:23:11,2026-07-15 06:16:00,,"city cell","","","",""
wewow-prod,8477947276451359,353207808722452,,POSTPAID,Ready For Use,2026-07-19 15:50:57,,KnoxGuard,SAMSUNG,SM-A075M,Register,"",rcardenas@battycell.com,2026-07-19 15:50:57,,,"city cell","","","",""
wewow-prod,8508154799968314,352953411968856,,INVENTORY,Idle,2026-07-12 10:41:11,,KnoxGuard,SAMSUNG,SM-A566E/DS,Deregister,"",soporte@solopsa.com.mx,2026-07-17 18:12:05,,,"city cell","","","",""
wewow-prod,8527175369237685,358021350059261,,POSTPAID,Active,2026-07-05 16:29:53,2026-07-05 16:35:16,Paytrigger,TECNO,KN4,Unlock,"",rcardenas@battycell.com,2026-07-16 00:15:07,2026-07-16 00:15:49,,"city cell","","","",""
wewow-prod,8527350227764127,352859169397984,,POSTPAID,Active,2025-12-20 11:13:53,2025-12-20 11:19:44,KnoxGuard,SAMSUNG,SM-A075M,Unlock,"",rcardenas@battycell.com,2026-07-04 09:32:26,2026-07-04 13:45:58,,"city cell","","","",""
wewow-prod,8529801554221119,353168840036295,,POSTPAID,Ready For Use,2026-07-18 13:48:04,,Paytrigger,INFINIX,X6895,Register,"",rcardenas@battycell.com,2026-07-18 13:48:04,,,"city cell","","","",""
wewow-prod,8575119411053292,358224900553185,,POSTPAID,Active,2025-11-28 17:30:19,2025-11-28 17:36:23,KnoxGuard,SAMSUNG,SM-A176B/DS,Send message,"Citycell",rcardenas@battycell.com,2026-07-18 10:07:07,2026-07-18 21:19:09,,"city cell","","","",""
wewow-prod,8593497980236045,358021350179598,,POSTPAID,Active,2026-06-17 18:18:12,2026-06-17 18:24:27,Paytrigger,TECNO,KN4,Unlock,"",rcardenas@battycell.com,2026-07-15 12:55:28,2026-07-15 12:55:24,,"city cell","","","",""
wewow-prod,8600265478980223,353485921738312,,POSTPAID,Active,2026-07-17 17:36:26,2026-07-17 17:41:26,KnoxGuard,SAMSUNG,SM-A366E/DS,Default Activation,"",system@trustonic.com,2026-07-17 17:43:17,2026-07-17 17:42:51,,"city cell","","","",""
wewow-prod,8613887752418709,355811123370091,,POSTPAID,Active,2025-12-22 17:52:53,2025-12-22 18:04:35,Motosafe,MOTOROLA,XT2521-2,Unlock,"",rcardenas@battycell.com,2026-07-17 09:53:49,2026-07-17 23:36:41,,"city cell","","","",""
wewow-prod,8631066990591277,353181616472792,,POSTPAID,Active,2026-02-28 16:42:26,2026-02-28 16:52:46,KnoxGuard,SAMSUNG,SM-A175F,Send message,"Citycell",rcardenas@battycell.com,2026-07-15 10:17:23,2026-07-15 07:56:29,,"city cell","","","",""
wewow-prod,8642809481456365,358021350052761,,POSTPAID,Active,2026-06-22 15:52:32,2026-06-22 16:17:55,Paytrigger,TECNO,KN4,Unlock,"",rcardenas@battycell.com,2026-07-14 19:01:30,2026-07-14 19:01:26,,"city cell","","","",""
wewow-prod,8645232050481104,352042195256710,,POSTPAID,Active,2026-03-30 13:24:18,2026-03-30 13:35:13,KnoxGuard,SAMSUNG,SM-A165M/DS,Send message,"Citycell",rcardenas@battycell.com,2026-07-16 10:18:26,2026-07-10 14:10:03,,"city cell","","","",""
wewow-prod,8664762538015737,355436691485426,,POSTPAID,Active,2026-03-08 15:46:10,2026-03-08 15:53:51,KnoxGuard,SAMSUNG,SM-A165M,Send message,"Citycell",rcardenas@battycell.com,2026-07-12 10:16:14,2026-07-12 21:50:42,,"city cell","","","",""
wewow-prod,8675608682515401,350792390081899,,POSTPAID,Active,2026-07-15 17:57:50,2026-07-15 18:05:57,Paytrigger,TECNO,LK7k,Default Activation,"",system@trustonic.com,2026-07-15 18:07:46,2026-07-15 19:13:01,,"city cell","","","",""
wewow-prod,8676562888771030,355811124995672,,POSTPAID,Locked,2026-02-27 14:21:23,2026-02-27 14:45:35,Motosafe,MOTOROLA,XT2521-2,Lock,"",rcardenas@battycell.com,2026-07-17 02:06:32,2026-07-17 02:06:32,,"city cell","","","",""
wewow-prod,8680959914293351,357764830027991,,POSTPAID,Active,2026-07-17 12:00:31,2026-07-17 12:34:01,KnoxGuard,SAMSUNG,SM-A266M/DS,Default Activation,"",system@trustonic.com,2026-07-17 12:36:05,2026-07-17 12:35:23,,"city cell","","","",""
wewow-prod,8699470250552717,350314670067074,,POSTPAID,Active,2026-04-29 18:52:09,2026-04-29 18:56:11,Paytrigger,TECNO,KM6,Send message,"Citycell",rcardenas@battycell.com,2026-07-13 10:24:52,2026-07-13 11:46:01,,"city cell","","","",""
wewow-prod,8716178130276816,357592330078143,,POSTPAID,Ready For Use,2026-07-09 15:02:45,,Paytrigger,INFINIX,X6885,Register,"",rcardenas@battycell.com,2026-07-09 15:02:45,,,"city cell","","","",""
wewow-prod,8758006827810656,351641240658639,,POSTPAID,Active,2026-01-10 17:03:26,2026-01-10 17:15:07,KnoxGuard,SAMSUNG,SM-A055M/DS,Unlock,"",rcardenas@battycell.com,2026-07-16 16:39:30,2026-07-16 16:39:25,,"city cell","","","",""
wewow-prod,8772976516878890,353207808657310,,POSTPAID,Active,2026-07-18 19:35:41,2026-07-18 19:41:12,KnoxGuard,SAMSUNG,SM-A075M,Default Activation,"",system@trustonic.com,2026-07-18 19:42:30,2026-07-18 19:42:19,,"city cell","","","",""
wewow-prod,8835983421744621,358021350054833,,POSTPAID,Active,2026-06-10 18:26:13,2026-06-10 18:37:18,Paytrigger,TECNO,KN4,Unlock,"",atencion@solopsa.com.mx,2026-07-15 11:07:15,2026-07-15 11:07:12,,"city cell","","","",""
wewow-prod,8839263487541527,354102941472405,,POSTPAID,Locked,2025-04-16 14:55:58,2025-04-16 14:58:51,Motosafe,MOTOROLA,XT2425-1,Lock,"",rcardenas@battycell.com,2026-07-11 00:27:38,2026-07-11 00:30:02,,"city cell","","","",""
wewow-prod,8861779009122911,357592330370805,,POSTPAID,Active,2026-04-20 14:52:46,2026-04-20 15:18:12,Paytrigger,INFINIX,X6885,Unlock,"",rcardenas@battycell.com,2026-07-16 08:07:12,2026-07-16 08:07:09,,"city cell","","","",""
wewow-prod,8870228272234493,355811124823411,,POSTPAID,Active,2026-03-04 20:29:08,2026-03-04 20:37:05,Motosafe,MOTOROLA,XT2521-2,Unlock,"",rcardenas@battycell.com,2026-07-18 20:03:59,2026-07-18 20:03:59,,"city cell","","","",""
wewow-prod,8908185172845542,357592330474482,,POSTPAID,Active,2026-07-02 15:59:48,2026-07-02 16:03:18,Paytrigger,INFINIX,X6885,Send message,"Citycell",rcardenas@battycell.com,2026-07-15 10:30:34,2026-07-15 08:39:38,,"city cell","","","",""
wewow-prod,8964204805383172,358021350049460,,POSTPAID,Locked,2026-06-17 16:27:49,2026-06-17 17:05:32,Paytrigger,TECNO,KN4,Lock,"",rcardenas@battycell.com,2026-07-02 02:32:49,2026-07-02 02:32:47,,"city cell","","","",""
wewow-prod,8987449017605379,357592330065728,,POSTPAID,Active,2026-04-15 12:10:14,2026-04-16 11:06:07,Paytrigger,INFINIX,X6885,Unlock,"",rcardenas@battycell.com,2026-07-18 17:05:55,2026-07-18 17:05:52,,"city cell","","","",""
wewow-prod,9003672147846446,352169186180466,,POSTPAID,Active,2026-05-25 11:51:34,2026-05-25 11:57:48,KnoxGuard,SAMSUNG,SM-A075M/DS,Send message,"Citycell",rcardenas@battycell.com,2026-07-14 10:24:21,2026-07-14 12:49:57,,"city cell","","","",""
wewow-prod,9043924561394911,353168840034696,,POSTPAID,Active,2026-07-16 17:43:10,2026-07-16 17:49:25,Paytrigger,INFINIX,X6895,Default Activation,"",system@trustonic.com,2026-07-16 17:50:59,2026-07-16 17:50:51,,"city cell","","","",""
wewow-prod,9049304977394996,352169181626299,,POSTPAID,Locked,2026-02-14 15:14:57,2026-02-14 15:20:22,KnoxGuard,SAMSUNG,SM-A075M/DS,Lock,"",rcardenas@battycell.com,2026-07-11 13:42:43,2026-07-11 18:30:52,,"city cell","","","",""
wewow-prod,9066719693240053,357592330080594,,POSTPAID,Locked,2026-04-18 16:37:06,2026-04-18 16:40:48,Paytrigger,INFINIX,X6885,Lock,"",rcardenas@battycell.com,2026-07-06 02:20:44,2026-07-06 02:20:42,,"city cell","","","",""
wewow-prod,9071340838970028,358021350074690,,POSTPAID,Active,2026-07-08 11:41:06,2026-07-08 11:45:56,Paytrigger,TECNO,KN4,Send message,"Citycell",rcardenas@battycell.com,2026-07-17 10:33:13,2026-07-17 12:05:47,,"city cell","","","",""
wewow-prod,9075736081483974,355174186263269,,POSTPAID,Active,2025-12-19 21:25:11,2025-12-19 21:33:30,KnoxGuard,SAMSUNG,SM-A366E,Unlock,"",rcardenas@battycell.com,2026-07-16 17:56:42,2026-07-16 17:56:37,,"city cell","","","",""
wewow-prod,9097507392096244,357113742614522,,POSTPAID,Active,2026-07-19 15:00:37,2026-07-19 15:05:44,KnoxGuard,SAMSUNG,SM-A075M/DS,Default Activation,"",system@trustonic.com,2026-07-19 15:06:06,2026-07-19 15:06:49,,"city cell","","","",""
wewow-prod,9136283916824382,357592330478533,,POSTPAID,Active,2026-07-12 17:45:46,2026-07-12 17:49:30,Paytrigger,INFINIX,X6885,Send message,"Citycell",rcardenas@battycell.com,2026-07-18 10:31:13,2026-07-18 09:22:21,,"city cell","","","",""
wewow-prod,9138154870424709,354526456462197,,POSTPAID,Locked,2025-12-05 19:36:54,2025-12-05 19:42:22,Motosafe,MOTOROLA,XT2523-8,Lock,"",rcardenas@battycell.com,2026-07-05 03:12:46,2026-07-05 03:50:07,,"city cell","","","",""
wewow-prod,9153550880698309,358021350046599,,POSTPAID,Active,2026-07-10 18:36:07,2026-07-16 20:14:49,Paytrigger,TECNO,KN4,Default Activation,"",system@trustonic.com,2026-07-16 20:15:47,2026-07-16 21:31:08,,"city cell","","","",""
wewow-prod,9164946197601509,350547990073526,,POSTPAID,Active,2025-03-21 11:01:05,2025-03-21 11:21:55,Paytrigger,TECNO,KL6,Send message,"Citycell",rcardenas@battycell.com,2026-07-14 10:05:42,2026-07-14 11:23:29,,"city cell","","","",""
wewow-prod,9167195587813946,358021350065466,,POSTPAID,Active,2026-07-11 12:43:47,2026-07-17 12:10:35,Paytrigger,TECNO,KN4,Unlock,"",rcardenas@battycell.com,2026-07-18 01:30:18,2026-07-18 01:30:15,,"city cell","","","",""
wewow-prod,9190982116324762,357592330042701,,POSTPAID,Active,2026-04-17 14:22:40,2026-04-17 14:29:05,Paytrigger,INFINIX,X6885,Send message,"Citycell",rcardenas@battycell.com,2026-07-16 10:18:59,2026-07-16 10:26:12,,"city cell","","","",""
wewow-prod,9197995768444045,352859163104246,,POSTPAID,Active,2025-12-06 14:54:43,2025-12-06 14:58:56,KnoxGuard,SAMSUNG,SM-A075M,Send message,"Citycell",rcardenas@battycell.com,2026-07-17 10:47:38,2026-07-17 04:51:08,,"city cell","","","",""
wewow-prod,9230003086980763,357113745067744,,POSTPAID,Ready For Use,2026-07-18 11:27:40,,KnoxGuard,SAMSUNG,SM-A075M/DS,Register,"",rcardenas@battycell.com,2026-07-18 11:27:40,,,"city cell","","","",""
wewow-prod,9231919917193792,353207805570797,,POSTPAID,Active,2026-07-18 11:42:51,2026-07-18 11:49:49,KnoxGuard,SAMSUNG,SM-A075M,Default Activation,"",system@trustonic.com,2026-07-18 11:51:30,2026-07-18 11:51:34,,"city cell","","","",""
wewow-prod,9234379449373610,358021350065276,,POSTPAID,Active,2026-06-13 14:26:26,2026-06-13 14:35:19,Paytrigger,TECNO,KN4,Unlock,"",rcardenas@battycell.com,2026-07-07 20:00:31,2026-07-07 20:00:28,,"city cell","","","",""
wewow-prod,9251996028862135,863949070247014,,POSTPAID,Active,2026-02-20 18:41:08,2026-02-20 18:45:20,R-Guard,REALME,RMX3939,Unlock,"",rcardenas@battycell.com,2026-07-14 11:12:43,2026-07-14 12:48:19,,"city cell","","","",""
wewow-prod,9281908512369813,352169185208359,,POSTPAID,Active,2026-07-18 17:36:36,2026-07-18 17:42:25,KnoxGuard,SAMSUNG,SM-A075M/DS,Default Activation,"",system@trustonic.com,2026-07-18 17:43:36,2026-07-18 17:44:28,,"city cell","","","",""
wewow-prod,9283953925617603,355397372171323,,POSTPAID,Active,2026-01-02 18:30:30,2026-01-02 18:37:28,KnoxGuard,SAMSUNG,SM-A065M/DS,Send message,"Citycell",rcardenas@battycell.com,2026-07-19 10:08:55,2026-07-19 16:02:53,,"city cell","","","",""
wewow-prod,9290409555528354,353207808686855,,POSTPAID,Active,2026-07-18 15:39:37,2026-07-18 15:50:17,KnoxGuard,SAMSUNG,SM-A075M,Default Activation,"",system@trustonic.com,2026-07-18 15:51:51,2026-07-18 15:52:19,,"city cell","","","",""
wewow-prod,9297593175601274,350275600353209,,POSTPAID,Active,2026-05-19 15:02:11,2026-05-19 15:08:59,Paytrigger,TECNO,KM4,Unlock,"",rcardenas@battycell.com,2026-07-14 15:32:44,2026-07-14 15:32:41,,"city cell","","","",""
wewow-prod,9313286407209549,351129120642758,,POSTPAID,Active,2026-05-16 13:06:36,2026-05-16 13:11:49,Paytrigger,INFINIX,X6725,Unlock,"",rcardenas@battycell.com,2026-07-14 12:33:25,2026-07-14 12:33:23,,"city cell","","","",""
wewow-prod,9314852185226978,357592330365714,,POSTPAID,Active,2026-05-10 10:40:50,2026-05-10 10:45:15,Paytrigger,INFINIX,X6885,Send message,"Citycell",rcardenas@battycell.com,2026-07-14 10:21:22,2026-07-14 09:31:39,,"city cell","","","",""
wewow-prod,9323465237505001,358021350064139,,POSTPAID,Active,2026-06-17 18:30:09,2026-06-17 18:42:49,Paytrigger,TECNO,KN4,Unlock,"",rcardenas@battycell.com,2026-07-17 20:03:58,2026-07-17 20:03:54,,"city cell","","","",""
wewow-prod,9330361975259141,353168840103129,,POSTPAID,Active,2026-07-12 14:49:55,2026-07-12 14:53:47,Paytrigger,INFINIX,X6895,Send message,"Citycell",rcardenas@battycell.com,2026-07-18 10:30:52,2026-07-18 11:35:43,,"city cell","","","",""
wewow-prod,9335198615670360,350314670200485,,POSTPAID,Locked,2026-05-17 18:00:27,2026-05-17 18:10:48,Paytrigger,TECNO,KM6,Lock,"",rcardenas@battycell.com,2026-07-19 05:11:28,2026-07-19 05:11:26,,"city cell","","","",""
wewow-prod,9353192038809149,357592330270252,,POSTPAID,Active,2026-07-10 17:33:58,2026-07-10 17:39:25,Paytrigger,INFINIX,X6885,Unlock,"",rcardenas@battycell.com,2026-07-18 17:07:09,2026-07-18 17:07:06,,"city cell","","","",""
wewow-prod,9354279904653797,350275600328540,,POSTPAID,Active,2026-05-31 11:49:13,2026-05-31 11:52:05,Paytrigger,TECNO,KM4,Send message,"Citycell",rcardenas@battycell.com,2026-07-13 10:31:20,2026-07-13 09:32:56,,"city cell","","","",""
wewow-prod,9374037240482248,353168840025793,,POSTPAID,Active,2026-07-18 13:05:45,2026-07-18 13:27:06,Paytrigger,INFINIX,X6895,Default Activation,"",system@trustonic.com,2026-07-18 13:28:29,2026-07-18 13:27:02,,"city cell","","","",""
wewow-prod,9387785768092595,355174186917526,,POSTPAID,Active,2025-12-21 14:01:16,2025-12-21 14:07:28,KnoxGuard,SAMSUNG,SM-A366E,Send message,"Citycell",rcardenas@battycell.com,2026-07-13 10:14:24,2026-07-13 20:07:34,,"city cell","","","",""
wewow-prod,9393255152913744,357592330501375,,POSTPAID,Locked,2026-05-29 15:49:01,2026-05-29 15:54:42,Paytrigger,INFINIX,X6885,Lock,"",rcardenas@battycell.com,2026-07-09 14:16:09,2026-07-09 14:16:05,,"city cell","","","",""
wewow-prod,9414600253705056,358021350061333,,POSTPAID,Active,2026-06-23 17:18:41,2026-06-23 17:26:39,Paytrigger,TECNO,KN4,Send message,"Citycell",rcardenas@battycell.com,2026-07-14 10:29:27,2026-07-14 08:58:59,,"city cell","","","",""
wewow-prod,9416462368468700,358021350088476,,POSTPAID,Active,2026-06-25 17:07:57,2026-06-26 12:58:28,Paytrigger,TECNO,KN4,Unlock,"",rcardenas@battycell.com,2026-07-16 11:12:29,2026-07-16 11:12:26,,"city cell","","","",""
wewow-prod,9422955141542390,352169181618478,,POSTPAID,Active,2026-02-21 10:45:22,2026-02-21 10:59:49,KnoxGuard,SAMSUNG,SM-A075M/DS,Send message,"Citycell",rcardenas@battycell.com,2026-07-19 10:22:23,2026-07-19 06:28:46,,"city cell","","","",""
wewow-prod,9432434210861649,863949070239375,,POSTPAID,Active,2026-03-22 13:30:38,2026-03-22 13:37:51,R-Guard,REALME,RMX3939,Send message,"Citycell",rcardenas@battycell.com,2026-07-13 10:21:29,2026-07-13 11:59:13,,"city cell","","","",""
wewow-prod,9464434291134335,354526455515250,,POSTPAID,Locked,2026-03-25 13:34:56,2026-03-25 13:46:10,Motosafe,MOTOROLA,XT2523-8,Lock,"",rcardenas@battycell.com,2026-07-17 02:12:22,2026-07-17 02:12:22,,"city cell","","","",""
wewow-prod,9498595564541443,353181613131227,,POSTPAID,Active,2026-01-07 13:22:44,2026-01-09 17:34:17,KnoxGuard,SAMSUNG,SM-A175F,Send message,"Citycell",rcardenas@battycell.com,2026-07-11 10:06:17,2026-07-12 04:15:11,,"city cell","","","",""
wewow-prod,9507035645494116,353181613117416,,POSTPAID,Locked,2026-02-21 18:07:07,2026-02-21 18:17:36,KnoxGuard,SAMSUNG,SM-A175F,Lock,"",rcardenas@battycell.com,2026-07-06 01:09:12,2026-07-06 01:09:04,,"city cell","","","",""
wewow-prod,9695851213617365,358021350082867,,POSTPAID,Active,2026-07-12 18:21:12,2026-07-12 18:27:54,Paytrigger,TECNO,KN4,Send message,"Citycell",rcardenas@battycell.com,2026-07-18 10:31:31,2026-07-17 11:13:19,,"city cell","","","",""
wewow-prod,9508665580590719,352433395212076,,POSTPAID,Active,2026-02-25 17:52:49,2026-02-25 17:55:55,Motosafe,MOTOROLA,XT2435-1,Unlock,"",rcardenas@battycell.com,2026-07-16 08:58:15,2026-07-16 08:59:20,,"city cell","","","",""
wewow-prod,9525254817157278,350275600137081,,POSTPAID,Active,2026-04-30 18:26:09,2026-04-30 18:32:50,Paytrigger,TECNO,KM4,Send message,"Citycell",rcardenas@battycell.com,2026-07-13 10:26:31,2026-07-13 10:37:49,,"city cell","","","",""
wewow-prod,9539697576085153,357855572442560,,POSTPAID,Locked,2025-12-21 12:33:49,2025-12-21 12:39:02,KnoxGuard,SAMSUNG,SM-A165M/DS,Lock,"",rcardenas@battycell.com,2026-07-19 00:57:03,2026-07-19 01:00:25,,"city cell","","","",""
wewow-prod,9544840116112202,351129120443066,,POSTPAID,Active,2026-05-30 16:54:38,2026-05-30 16:58:12,Paytrigger,INFINIX,X6725,Send message,"Citycell",rcardenas@battycell.com,2026-07-19 10:25:44,2026-07-19 10:40:40,,"city cell","","","",""
wewow-prod,9596874298611765,350829440417028,,POSTPAID,Ready For Use,2026-07-17 16:08:37,,Paytrigger,INFINIX,X6887,Register,"",rcardenas@battycell.com,2026-07-17 16:08:37,,,"city cell","","","",""
wewow-prod,9625141576343418,354825499335265,,POSTPAID,Locked,2025-12-13 15:52:43,2025-12-13 15:58:55,Motosafe,MOTOROLA,G04S,Lock,"",rcardenas@battycell.com,2026-07-10 11:23:29,2026-07-10 11:23:29,,"city cell","","","",""
wewow-prod,9663111956629600,357592330084349,,POSTPAID,Active,2026-05-06 15:51:39,2026-05-06 15:57:05,Paytrigger,INFINIX,X6885,Unlock,"",rcardenas@battycell.com,2026-07-15 18:31:10,2026-07-15 18:31:08,,"city cell","","","",""
wewow-prod,9680156920981178,354526453147171,,POSTPAID,Active,2026-03-15 12:35:28,2026-03-15 12:38:34,Motosafe,MOTOROLA,XT2523-8,Send message,"Citycell",rcardenas@battycell.com,2026-07-18 10:39:15,2026-07-18 10:39:17,,"city cell","","","",""
wewow-prod,9703417079326104,351129120649209,,POSTPAID,Active,2026-05-31 14:34:39,2026-05-31 14:38:53,Paytrigger,INFINIX,X6725,Send message,"Citycell",rcardenas@battycell.com,2026-07-12 10:28:31,2026-07-12 10:38:21,,"city cell","","","",""
wewow-prod,9711004294534445,358021350041053,,POSTPAID,Active,2026-07-18 12:05:59,2026-07-18 12:12:53,Paytrigger,TECNO,KN4,Default Activation,"",system@trustonic.com,2026-07-18 12:14:28,2026-07-18 12:50:34,,"city cell","","","",""
wewow-prod,9738761979916224,357592330027496,,POSTPAID,Active,2026-05-02 15:54:27,2026-05-02 15:58:10,Paytrigger,INFINIX,X6885,Unlock,"",rcardenas@battycell.com,2026-07-01 17:04:51,2026-07-01 17:04:47,,"city cell","","","",""
wewow-prod,9741498332989083,350601366919968,,POSTPAID,Released,2026-07-05 15:02:17,2026-07-05 15:08:03,KnoxGuard,SAMSUNG,SM-A266M/DS,Release,"",rcardenas@battycell.com,2026-07-15 11:45:34,2026-07-14 15:46:41,,"city cell","","","",""
wewow-prod,9742131413756190,353168840052672,,POSTPAID,Active,2026-07-18 13:25:51,2026-07-18 13:31:13,Paytrigger,INFINIX,X6895,Default Activation,"",system@trustonic.com,2026-07-18 13:32:07,2026-07-18 15:19:46,,"city cell","","","",""
wewow-prod,9749372395556119,351129120674504,,POSTPAID,Released,2026-05-14 16:12:18,2026-05-20 15:22:00,Paytrigger,INFINIX,X6725,Release,"",soporte@solopsa.com.mx,2026-07-05 10:33:31,2026-07-05 10:38:23,,"city cell","","","",""
wewow-prod,9756072984840225,358021350134833,,POSTPAID,Ready For Use,2026-07-13 16:39:20,,Paytrigger,TECNO,KN4,Register,"",rcardenas@battycell.com,2026-07-13 16:39:20,,,"city cell","","","",""
wewow-prod,9782008637339377,357592330025300,,POSTPAID,Active,2026-04-18 16:07:00,2026-04-18 16:10:37,Paytrigger,INFINIX,X6885,Send message,"Citycell",rcardenas@battycell.com,2026-07-19 10:20:18,2026-07-19 09:54:48,,"city cell","","","",""
wewow-prod,9785495194138538,358021350038737,,POSTPAID,Active,2026-07-03 18:09:39,2026-07-03 18:49:54,Paytrigger,TECNO,KN4,Send message,"Citycell",rcardenas@battycell.com,2026-07-16 10:30:32,2026-07-16 11:53:37,,"city cell","","","",""
wewow-prod,9793630179683615,352500200356163,,POSTPAID,Active,2025-06-30 11:06:44,2025-06-30 11:12:16,Paytrigger,INFINIX,X6531,Unlock,"",rcardenas@battycell.com,2026-07-14 12:25:50,2026-07-14 12:25:48,,"city cell","","","",""
wewow-prod,9794222060111773,357592330281796,,POSTPAID,Active,2026-06-28 16:07:12,2026-06-28 16:11:55,Paytrigger,INFINIX,X6885,Send message,"Citycell",rcardenas@battycell.com,2026-07-19 10:31:57,2026-07-19 11:12:07,,"city cell","","","",""
wewow-prod,9811902392758072,354499633350273,,POSTPAID,Active,2026-05-19 13:04:18,2026-05-19 13:15:36,KnoxGuard,SAMSUNG,SM-A175F,Send message,"Citycell",rcardenas@battycell.com,2026-07-14 10:22:48,2026-07-08 10:24:14,,"city cell","","","",""
wewow-prod,9825713794624108,352953411381159,,POSTPAID,Active,2026-06-18 13:11:12,2026-06-18 13:19:39,KnoxGuard,SAMSUNG,SM-A566E/DS,Send message,"Citycell",rcardenas@battycell.com,2026-07-15 10:28:34,2026-07-15 13:13:42,,"city cell","","","",""
wewow-prod,9832534922008200,352953411962719,,POSTPAID,Ready For Use,2026-07-01 17:09:54,,KnoxGuard,SAMSUNG,SM-A566E/DS,Register,"",rcardenas@battycell.com,2026-07-01 17:09:54,,,"city cell","","","",""
wewow-prod,9853912022364493,356034750160235,,POSTPAID,Active,2026-07-08 17:54:05,2026-07-08 17:56:36,Paytrigger,TECNO,CN5c,Unlock,"",rcardenas@battycell.com,2026-07-16 05:41:26,2026-07-16 05:41:21,,"city cell","","","",""
wewow-prod,9876012888227011,357592330031902,,POSTPAID,Active,2026-05-23 12:05:15,2026-05-23 12:34:55,Paytrigger,INFINIX,X6885,Unlock,"",rcardenas@battycell.com,2026-07-16 16:21:49,2026-07-16 16:21:47,,"city cell","","","",""
wewow-prod,9888799517887309,350275600286946,,POSTPAID,Active,2026-05-16 18:47:22,2026-05-16 18:51:31,Paytrigger,TECNO,KM4,Unlock,"",rcardenas@battycell.com,2026-07-17 20:38:16,2026-07-17 20:38:14,,"city cell","","","",""
wewow-prod,9917453074910050,352500200275728,,POSTPAID,Active,2025-06-12 16:58:39,2025-06-12 17:06:22,Paytrigger,INFINIX,X6531,Unlock,"",rcardenas@battycell.com,2026-07-14 06:11:43,2026-07-14 06:11:40,,"city cell","","","",""
wewow-prod,9961627133065707,353207808683472,,POSTPAID,Active,2026-07-18 13:22:59,2026-07-18 13:32:41,KnoxGuard,SAMSUNG,SM-A075M,Default Activation,"",system@trustonic.com,2026-07-18 13:36:09,2026-07-18 13:34:47,,"city cell","","","",""
wewow-prod,9963175837117497,351129120674678,,POSTPAID,Locked,2026-05-22 13:04:25,2026-05-22 13:13:56,Paytrigger,INFINIX,X6725,Lock,"",rcardenas@battycell.com,2026-07-07 10:45:50,2026-07-07 10:45:46,,"city cell","","","",""
wewow-prod,9965586717624637,350601367095917,,POSTPAID,Active,2026-07-11 16:16:22,2026-07-11 16:19:22,KnoxGuard,SAMSUNG,SM-A266M/DS,Send message,"Citycell",rcardenas@battycell.com,2026-07-17 11:08:00,2026-07-12 22:37:12,,"city cell","","","",""
wewow-prod,9980425809701788,351129120647625,,POSTPAID,Locked,2026-05-29 19:14:54,2026-05-29 19:18:57,Paytrigger,INFINIX,X6725,Lock,"",rcardenas@battycell.com,2026-07-18 01:19:22,2026-07-18 01:19:15,,"city cell","","","",""
wewow-prod,9983255814405861,358021350036277,,POSTPAID,Active,2026-06-27 17:11:08,2026-06-27 17:24:13,Paytrigger,TECNO,KN4,Send message,"Citycell",rcardenas@battycell.com,2026-07-17 10:30:48,2026-07-17 05:38:57,,"city cell","","","",""
wewow-prod,9999625799891353,352042192834238,,POSTPAID,Active,2026-01-29 13:39:02,2026-01-29 13:45:29,KnoxGuard,SAMSUNG,SM-A165M/DS,Unlock,"",rcardenas@battycell.com,2026-07-08 17:40:10,2026-07-08 17:39:54,,"city cell","","","",""
