Tenant id,Device id,IMEI/SN,IMEI2,Service,Current state,Registered at,First active at,Provisioning type,Brand,Model,Last action,Message title,Requester,Last changed,Last checkin,Expiration timestamp,Organization Name,Account Number,Due Date,Amount owed,Days past due
credimasbcs-prod,0005225127900038,355436691649922,,PREPAID,Active,2026-05-15 10:29:32,2026-05-15 10:39:37,KnoxGuard,SAMSUNG,SM-A165M,Reload,"",bardha.korqaj@tenton.co,2026-07-17 15:32:23,2026-07-19 15:32:14,2026-07-24 16:42:11,"Credimas","","","",""
credimasbcs-prod,0041763206488213,351755483397729,,PREPAID,Active,2026-06-15 18:27:32,2026-06-15 18:32:28,KnoxGuard,SAMSUNG,SM-A075M,Reload,"",bardha.korqaj@tenton.co,2026-07-14 13:17:00,2026-07-15 17:00:11,2026-07-28 12:20:26,"Credimas","","","",""
credimasbcs-prod,0043253711604526,351755482498627,,PREPAID,Active,2026-07-04 11:36:39,2026-07-04 11:42:59,KnoxGuard,SAMSUNG,SM-A075M,Unlock,"",bardha.korqaj@tenton.co,2026-07-13 14:37:39,2026-07-15 14:38:48,2026-07-20 14:36:31,"Credimas","","","",""
credimasbcs-prod,0053990749239492,351755484096130,,PREPAID,Active,2026-06-06 14:12:24,2026-06-06 14:19:07,KnoxGuard,SAMSUNG,SM-A075M,Unlock,"",bardha.korqaj@tenton.co,2026-07-19 15:59:50,2026-07-19 15:59:22,2026-07-26 15:58:56,"Credimas","","","",""
credimasbcs-prod,0054140501070603,356214264305290,,PREPAID,Locked,2026-07-12 12:33:56,2026-07-12 12:52:16,Motosafe,MOTOROLA,XT2363-1,Lock,"",system@trustonic.com,2026-07-19 13:10:41,2026-07-19 03:05:41,2026-07-19 12:56:39,"Credimas","","","",""
credimasbcs-prod,0063300528219231,352041714107362,,PREPAID,Locked,2026-06-18 14:47:30,2026-06-18 14:52:50,KnoxGuard,SAMSUNG,SM-A366E/DS,Lock,"",system@trustonic.com,2026-07-18 16:40:36,2026-07-18 16:40:06,2026-07-18 16:28:32,"Credimas","","","",""
credimasbcs-prod,0064104881877778,353485921416513,,PREPAID,Active,2026-06-25 19:28:39,2026-06-25 19:32:59,KnoxGuard,SAMSUNG,SM-A366E/DS,Reload,"",bardha.korqaj@tenton.co,2026-07-13 15:53:32,2026-07-16 03:35:30,2026-07-23 19:38:52,"Credimas","","","",""
credimasbcs-prod,0068415925234033,351755482886250,,PREPAID,Active,2026-07-18 20:47:41,2026-07-18 20:53:35,KnoxGuard,SAMSUNG,SM-A075M,Reload,"",bardha.korqaj@tenton.co,2026-07-18 21:01:26,2026-07-18 21:01:01,2026-07-25 21:00:22,"Credimas","","","",""
credimasbcs-prod,0079516681691468,353417142462976,,PREPAID,Locked,2026-07-05 17:38:25,2026-07-05 17:42:37,Motosafe,MOTOROLA,XT2333-1,Lock,"",system@trustonic.com,2026-07-12 17:55:34,2026-07-12 22:04:13,2026-07-12 17:51:27,"Credimas","","","",""
credimasbcs-prod,0084900605173217,355250250486638,,PREPAID,Active,2026-06-13 20:18:57,2026-06-13 20:22:25,KnoxGuard,SAMSUNG,SM-A566E/DS,Reload,"",bardha.korqaj@tenton.co,2026-07-18 19:55:29,2026-07-19 19:55:21,2026-07-25 20:35:09,"Credimas","","","",""
credimasbcs-prod,0103772772052046,351755484219328,,PREPAID,Locked,2026-05-30 16:08:25,2026-05-30 16:28:38,KnoxGuard,SAMSUNG,SM-A075M,Lock,"",system@trustonic.com,2026-07-18 16:40:39,2026-07-18 16:35:24,2026-07-18 16:35:11,"Credimas","","","",""
credimasbcs-prod,0109839737598106,350792390036885,,PREPAID,Active,2026-07-07 14:36:02,2026-07-07 14:38:18,G-LOCK,TECNO,LK7k,Reload,"",bardha.korqaj@tenton.co,2026-07-14 14:22:24,2026-07-15 14:22:38,2026-07-21 14:42:24,"Credimas","","","",""
credimasbcs-prod,0116524061770874,353417142462992,,PREPAID,Active,2026-07-13 19:10:21,2026-07-13 19:18:29,Motosafe,MOTOROLA,XT2333-1,Reload,"",bardha.korqaj@tenton.co,2026-07-13 19:29:52,2026-07-15 23:36:10,2026-07-20 19:29:41,"Credimas","","","",""
credimasbcs-prod,0126387633826568,357764830089652,,PREPAID,Active,2026-04-25 16:44:57,2026-04-25 16:49:04,KnoxGuard,SAMSUNG,SM-A266M/DS,Reload,"",bardha.korqaj@tenton.co,2026-07-19 08:06:48,2026-07-19 08:05:19,2026-07-26 13:32:27,"Credimas","","","",""
credimasbcs-prod,0127561763551068,353181616144458,,PREPAID,Active,2026-05-23 17:47:29,2026-05-23 17:49:25,KnoxGuard,SAMSUNG,SM-A175F,Reload,"",bardha.korqaj@tenton.co,2026-07-15 07:27:44,2026-07-16 07:28:02,2026-07-22 10:06:37,"Credimas","","","",""
credimasbcs-prod,0148889067695311,353485921657975,,PREPAID,Active,2026-06-25 19:19:06,2026-06-25 19:22:14,KnoxGuard,SAMSUNG,SM-A366E/DS,Reload,"",bardha.korqaj@tenton.co,2026-07-09 14:24:26,2026-07-12 16:11:47,2026-07-23 12:59:57,"Credimas","","","",""
credimasbcs-prod,0164917287924571,351755482880543,,PREPAID,Active,2026-07-03 11:43:54,2026-07-03 11:49:07,KnoxGuard,SAMSUNG,SM-A075M,Reload,"",bardha.korqaj@tenton.co,2026-07-17 11:32:38,2026-07-17 15:02:28,2026-07-24 14:26:05,"Credimas","","","",""
credimasbcs-prod,0165945805339089,351755482868316,,PREPAID,Active,2026-05-10 13:36:16,2026-05-10 13:39:11,KnoxGuard,SAMSUNG,SM-A075M,Reload,"",bardha.korqaj@tenton.co,2026-07-19 15:36:21,2026-07-19 15:35:30,2026-07-27 20:21:55,"Credimas","","","",""
credimasbcs-prod,0166638482285238,351247485539458,,PREPAID,Active,2026-07-11 10:39:32,2026-07-11 10:42:57,KnoxGuard,SAMSUNG,SM-A366E/DS,Reload,"",bardha.korqaj@tenton.co,2026-07-18 05:18:21,2026-07-20 05:18:26,2026-07-25 10:55:26,"Credimas","","","",""
credimasbcs-prod,0184448194255667,355436691401043,,PREPAID,Active,2026-07-12 13:08:00,2026-07-12 13:14:41,KnoxGuard,SAMSUNG,SM-A165M,Unlock,"",bardha.korqaj@tenton.co,2026-07-19 14:35:24,2026-07-19 14:35:01,2026-07-26 14:33:47,"Credimas","","","",""
credimasbcs-prod,0186448011089234,351460455012915,,PREPAID,Locked,2026-06-22 13:34:08,2026-06-22 13:40:06,KnoxGuard,SAMSUNG,SM-A156M/DSN,Lock,"",system@trustonic.com,2026-07-06 13:55:44,2026-07-06 12:49:16,2026-07-06 13:54:24,"Credimas","","","",""
credimasbcs-prod,0194919065983337,355436691311036,,PREPAID,Active,2026-04-22 17:26:37,2026-04-22 17:32:27,KnoxGuard,SAMSUNG,SM-A165M,Unlock,"",bardha.korqaj@tenton.co,2026-07-18 19:53:28,2026-07-19 19:53:43,2026-07-25 19:52:07,"Credimas","","","",""
credimasbcs-prod,0212832163473093,351460450516274,,PREPAID,Locked,2026-05-10 18:22:24,2026-05-10 18:26:02,KnoxGuard,SAMSUNG,SM-A156M/DSN,Lock,"",system@trustonic.com,2026-07-09 16:10:35,2026-07-08 17:43:00,2026-07-09 16:04:06,"Credimas","","","",""
credimasbcs-prod,0224588635248908,359679326522859,,PREPAID,Active,2026-06-14 13:06:53,2026-06-14 13:07:52,Motosafe,MOTOROLA,XT2343-1,Unlock,"",bardha.korqaj@tenton.co,2026-07-19 18:37:02,2026-07-19 23:50:55,2026-07-26 18:36:56,"Credimas","","","",""
credimasbcs-prod,0225081398412147,351755484203249,,PREPAID,Active,2026-06-08 12:05:48,2026-06-08 12:10:43,KnoxGuard,SAMSUNG,SM-A075M,Reload,"",bardha.korqaj@tenton.co,2026-07-19 13:25:39,2026-07-19 23:09:35,2026-07-27 12:16:39,"Credimas","","","",""
credimasbcs-prod,0226263889271773,351755483157362,,PREPAID,Active,2026-04-28 19:17:57,2026-04-28 19:22:10,KnoxGuard,SAMSUNG,SM-A075M,Unlock,"",bardha.korqaj@tenton.co,2026-07-16 23:14:39,2026-07-19 08:23:23,2026-07-23 23:13:18,"Credimas","","","",""
credimasbcs-prod,0232534319429952,356034168519337,,PREPAID,Active,2026-05-08 16:27:32,2026-05-08 16:31:34,KnoxGuard,SAMSUNG,SM-A165M,Reload,"",bardha.korqaj@tenton.co,2026-07-17 15:25:21,2026-07-19 15:24:47,2026-07-24 16:59:07,"Credimas","","","",""
credimasbcs-prod,0236282024661552,355436691784232,,PREPAID,Active,2026-07-06 20:40:24,2026-07-06 20:45:01,KnoxGuard,SAMSUNG,SM-A165M,Unlock,"",bardha.korqaj@tenton.co,2026-07-15 19:34:40,2026-07-15 19:34:16,2026-07-22 19:33:07,"Credimas","","","",""
credimasbcs-prod,0252902013917685,354944600069075,,PREPAID,Active,2026-06-04 10:51:34,2026-06-04 10:55:44,G-LOCK,INFINIX,X6730B,Reload,"",bardha.korqaj@tenton.co,2026-07-17 09:42:05,2026-07-19 09:42:41,2026-07-24 16:50:33,"Credimas","","","",""
credimasbcs-prod,0255938468662091,353485921420226,,PREPAID,Locked,2026-07-04 19:33:40,2026-07-04 19:35:47,KnoxGuard,SAMSUNG,SM-A366E/DS,Lock,"",bardha.korqaj@tenton.co,2026-07-06 17:04:55,2026-07-04 19:42:13,2026-07-06 17:03:31,"Credimas","","","",""
credimasbcs-prod,0277372129296183,351755483258376,,PREPAID,Active,2026-05-31 16:06:16,2026-05-31 16:10:49,KnoxGuard,SAMSUNG,SM-A075M,Reload,"",bardha.korqaj@tenton.co,2026-07-18 17:54:44,2026-07-18 17:54:15,2026-07-26 18:07:43,"Credimas","","","",""
credimasbcs-prod,0286604971541080,355436691641051,,PREPAID,Active,2026-04-23 17:19:51,2026-04-23 17:29:18,KnoxGuard,SAMSUNG,SM-A165M,Reload,"",bardha.korqaj@tenton.co,2026-07-17 18:04:27,2026-07-19 18:35:19,2026-07-24 18:53:46,"Credimas","","","",""
credimasbcs-prod,0300966905429352,353417142469880,,PREPAID,Active,2026-06-27 11:58:06,2026-06-27 12:33:51,Motosafe,MOTOROLA,XT2333-1,Reload,"",bardha.korqaj@tenton.co,2026-07-17 13:52:04,2026-07-19 08:07:13,2026-07-25 17:29:11,"Credimas","","","",""
credimasbcs-prod,0307935213760533,350792390119061,,PREPAID,Active,2026-07-05 15:59:32,2026-07-05 16:01:51,G-LOCK,TECNO,LK7k,Unlock,"",bardha.korqaj@tenton.co,2026-07-19 19:21:21,2026-07-19 19:21:22,2026-07-26 19:20:17,"Credimas","","","",""
credimasbcs-prod,0310179082338226,353417142470094,,PREPAID,Active,2026-07-16 10:17:41,2026-07-16 10:35:09,Motosafe,MOTOROLA,XT2333-1,Reload,"",bardha.korqaj@tenton.co,2026-07-17 20:51:06,2026-07-17 20:51:56,2026-07-19 18:41:24,"Credimas","","","",""
credimasbcs-prod,0317225687544972,351755483249821,,PREPAID,Active,2026-06-01 12:29:18,2026-06-01 12:36:45,KnoxGuard,SAMSUNG,SM-A075M,Reload,"",bardha.korqaj@tenton.co,2026-07-12 13:55:08,2026-07-12 13:54:39,2026-07-20 14:07:09,"Credimas","","","",""
credimasbcs-prod,0339696598411851,354499630095947,,PREPAID,Locked,2026-05-30 18:46:23,2026-05-30 18:54:52,KnoxGuard,SAMSUNG,SM-A175F,Lock,"",system@trustonic.com,2026-07-04 21:55:36,2026-06-29 21:44:09,2026-07-04 21:43:13,"Credimas","","","",""
credimasbcs-prod,0349386836086520,351755482925876,,PREPAID,Active,2026-06-05 21:12:54,2026-06-05 21:16:24,KnoxGuard,SAMSUNG,SM-A075M,Unlock,"",bardha.korqaj@tenton.co,2026-07-19 10:52:10,2026-07-19 10:51:57,2026-07-26 10:50:41,"Credimas","","","",""
credimasbcs-prod,0360994599392048,357617700566250,,PREPAID,Active,2026-07-12 15:41:46,2026-07-12 15:42:22,KnoxGuard,SAMSUNG,SM-A266M/DS,Reload,"",bardha.korqaj@tenton.co,2026-07-18 20:42:20,2026-07-19 20:42:55,2026-07-26 16:07:38,"Credimas","","","",""
credimasbcs-prod,0372579837978125,351755484097591,,PREPAID,Active,2026-05-28 13:30:46,2026-05-28 13:34:14,KnoxGuard,SAMSUNG,SM-A075M,Reload,"",bardha.korqaj@tenton.co,2026-07-17 17:27:42,2026-07-19 14:39:10,2026-07-24 18:06:17,"Credimas","","","",""
credimasbcs-prod,0373212736564123,357764830027363,,PREPAID,Active,2026-04-28 17:45:39,2026-04-28 17:52:28,KnoxGuard,SAMSUNG,SM-A266M/DS,Reload,"",bardha.korqaj@tenton.co,2026-07-14 21:51:28,2026-07-16 00:26:37,2026-07-21 23:15:14,"Credimas","","","",""
credimasbcs-prod,0385666445810135,352041715015465,,PREPAID,Active,2026-07-01 19:48:27,2026-07-01 19:51:27,KnoxGuard,SAMSUNG,SM-A366E/DS,Reload,"",bardha.korqaj@tenton.co,2026-07-15 17:54:01,2026-07-15 21:26:42,2026-07-22 19:55:44,"Credimas","","","",""
credimasbcs-prod,0386266298928320,353417142468353,,PREPAID,Active,2026-07-03 17:03:27,2026-07-03 17:12:26,Motosafe,MOTOROLA,XT2333-1,Reload,"",bardha.korqaj@tenton.co,2026-07-17 14:07:27,2026-07-19 14:11:19,2026-07-24 17:17:51,"Credimas","","","",""
credimasbcs-prod,0397144923503642,355436691779554,,PREPAID,Active,2026-05-01 19:01:59,2026-05-01 19:11:16,KnoxGuard,SAMSUNG,SM-A165M,Unlock,"",bardha.korqaj@tenton.co,2026-07-17 20:11:06,2026-07-19 20:21:29,2026-07-24 20:09:34,"Credimas","","","",""
credimasbcs-prod,0414120602895291,351755484936517,,PREPAID,Active,2026-06-09 13:42:07,2026-06-09 13:47:48,KnoxGuard,SAMSUNG,SM-A075M,Reload,"",bardha.korqaj@tenton.co,2026-07-13 13:15:58,2026-07-15 13:15:11,2026-07-21 14:05:16,"Credimas","","","",""
credimasbcs-prod,0419135824273179,355913382757644,,PREPAID,Active,2026-07-07 19:11:47,2026-07-07 19:17:17,Motosafe,MOTOROLA,XT2425-1,Reload,"",bardha.korqaj@tenton.co,2026-07-18 14:21:17,2026-07-19 15:45:54,2026-07-28 19:31:04,"Credimas","","","",""
credimasbcs-prod,0436798564014403,862118080925248,,PREPAID,Locked,2026-06-28 18:45:22,2026-06-28 19:26:23,G-LOCK,HONOR,LGN-LX3,Lock,"",bardha.korqaj@tenton.co,2026-07-06 08:26:11,2026-07-06 08:26:12,2026-06-30 17:20:57,"Credimas","","","",""
credimasbcs-prod,0441192848060144,356034165862854,,PREPAID,Locked,2026-07-18 15:42:57,2026-07-18 15:47:05,KnoxGuard,SAMSUNG,SM-A165M,Lock,"",bardha.korqaj@tenton.co,2026-07-19 20:01:00,2026-07-19 15:58:55,2026-07-19 19:59:50,"Credimas","","","",""
credimasbcs-prod,0483560604434684,351755482903675,,PREPAID,Active,2026-04-22 19:33:02,2026-04-22 19:35:17,KnoxGuard,SAMSUNG,SM-A075M,Reload,"",bardha.korqaj@tenton.co,2026-07-16 12:34:13,2026-07-19 19:20:36,2026-07-23 18:27:25,"Credimas","","","",""
credimasbcs-prod,0518985247794313,353417142468114,,PREPAID,Active,2026-06-14 19:08:34,2026-06-14 19:19:29,Motosafe,MOTOROLA,XT2333-1,Unlock,"",bardha.korqaj@tenton.co,2026-07-16 17:35:56,2026-07-19 15:53:57,2026-07-23 17:34:18,"Credimas","","","",""
credimasbcs-prod,0522438000405693,350525790823449,,PREPAID,Active,2026-05-15 20:00:15,2026-05-15 20:00:59,KnoxGuard,SAMSUNG,SM-A166M/DS,Unlock,"",bardha.korqaj@tenton.co,2026-07-13 21:19:12,2026-07-15 21:20:43,2026-07-20 21:18:09,"Credimas","","","",""
credimasbcs-prod,0533038429691810,862118080926881,,PREPAID,Active,2026-06-20 19:42:05,2026-06-20 19:52:40,G-LOCK,HONOR,LGN-LX3,Unlock,"",bardha.korqaj@tenton.co,2026-07-15 13:44:33,2026-07-15 13:44:33,2026-07-22 13:44:27,"Credimas","","","",""
credimasbcs-prod,0535305228653157,351755484097286,,PREPAID,Active,2026-05-30 17:30:27,2026-05-30 17:37:39,KnoxGuard,SAMSUNG,SM-A075M,Reload,"",bardha.korqaj@tenton.co,2026-07-12 15:11:18,2026-07-12 15:11:05,2026-07-25 18:39:17,"Credimas","","","",""
credimasbcs-prod,0589859433328463,351755483437590,,PREPAID,Active,2026-05-16 18:21:55,2026-05-16 18:28:23,KnoxGuard,SAMSUNG,SM-A075M,Unlock,"",bardha.korqaj@tenton.co,2026-07-14 08:27:09,2026-07-16 08:40:57,2026-07-21 08:26:11,"Credimas","","","",""
credimasbcs-prod,0603950287387768,354696573754410,,PREPAID,Active,2026-07-18 19:15:56,2026-07-18 19:20:13,Motosafe,MOTOROLA,XT2333-1,Reload,"",bardha.korqaj@tenton.co,2026-07-18 19:28:50,2026-07-20 02:07:14,2026-07-25 19:26:15,"Credimas","","","",""
credimasbcs-prod,0605650171660238,359679326460779,,PREPAID,Active,2026-07-04 13:19:15,2026-07-04 13:23:12,Motosafe,MOTOROLA,XT2343-1,Reload,"",bardha.korqaj@tenton.co,2026-07-17 22:44:11,2026-07-20 03:49:08,2026-07-25 13:30:53,"Credimas","","","",""
credimasbcs-prod,0610667768557957,355708562803733,355769802803735,INVENTORY,Idle,,,KnoxGuard,SAMSUNG,SM-A576B/DS,Register,"",supervisor@credimas.com.mx,2026-07-18 18:30:45,,,"Credimas","","","",""
credimasbcs-prod,0611308602008239,352000538680095,,PREPAID,Active,2026-07-15 12:17:52,2026-07-15 12:19:26,Motosafe,MOTOROLA,XT2341-2,Unlock,"",bardha.korqaj@tenton.co,2026-07-17 11:43:56,2026-07-19 09:23:40,2026-07-22 12:26:08,"Credimas","","","",""
credimasbcs-prod,0611986559899713,862118080934349,,PREPAID,Active,2026-06-02 15:26:39,2026-06-02 15:31:20,G-LOCK,HONOR,LGN-LX3,Reload,"",bardha.korqaj@tenton.co,2026-07-13 15:44:43,2026-07-14 15:46:16,2026-07-22 14:43:02,"Credimas","","","",""
credimasbcs-prod,0638880799871004,356034165921957,,PREPAID,Active,2026-07-10 16:59:00,2026-07-10 17:06:40,KnoxGuard,SAMSUNG,SM-A165M,Reload,"",bardha.korqaj@tenton.co,2026-07-13 15:30:13,2026-07-15 15:29:38,2026-07-24 17:14:07,"Credimas","","","",""
credimasbcs-prod,0641266204983397,356034166296623,,PREPAID,Active,2026-07-06 16:19:42,2026-07-06 16:27:41,KnoxGuard,SAMSUNG,SM-A165M,Reload,"",bardha.korqaj@tenton.co,2026-07-13 15:29:56,2026-07-15 15:29:37,2026-07-20 16:39:23,"Credimas","","","",""
credimasbcs-prod,0650013801767601,355436691781683,,PREPAID,Active,2026-06-20 20:40:10,2026-06-20 20:41:42,KnoxGuard,SAMSUNG,SM-A165M,Unlock,"",bardha.korqaj@tenton.co,2026-07-19 17:14:31,2026-07-20 02:29:41,2026-07-26 17:13:32,"Credimas","","","",""
credimasbcs-prod,0656888897607653,353181615773703,,PREPAID,Active,2026-07-07 13:45:37,2026-07-07 13:50:44,KnoxGuard,SAMSUNG,SM-A175F,Unlock,"",bardha.korqaj@tenton.co,2026-07-14 18:14:38,2026-07-15 18:12:51,2026-07-21 18:10:47,"Credimas","","","",""
credimasbcs-prod,0659340816969481,351755483392985,,PREPAID,Active,2026-06-02 18:26:27,2026-06-02 18:32:45,KnoxGuard,SAMSUNG,SM-A075M,Unlock,"",bardha.korqaj@tenton.co,2026-07-15 12:20:18,2026-07-15 12:19:43,2026-07-22 12:19:09,"Credimas","","","",""
credimasbcs-prod,0668551230143709,357764830058699,,PREPAID,Active,2026-06-09 14:42:27,2026-06-09 14:43:20,KnoxGuard,SAMSUNG,SM-A266M/DS,Unlock,"",bardha.korqaj@tenton.co,2026-07-15 19:34:06,2026-07-15 19:33:25,2026-07-22 19:31:40,"Credimas","","","",""
credimasbcs-prod,0705256584515585,351755483251553,,PREPAID,Active,2026-06-06 14:59:17,2026-06-06 15:03:29,KnoxGuard,SAMSUNG,SM-A075M,Unlock,"",bardha.korqaj@tenton.co,2026-07-18 19:35:49,2026-07-19 19:35:21,2026-07-25 19:34:54,"Credimas","","","",""
credimasbcs-prod,0713202718635016,351755483246884,,PREPAID,Active,2026-05-18 14:40:06,2026-05-18 14:54:36,KnoxGuard,SAMSUNG,SM-A075M,Reload,"",bardha.korqaj@tenton.co,2026-07-14 11:29:55,2026-07-15 11:29:42,2026-07-21 13:22:39,"Credimas","","","",""
credimasbcs-prod,0732842929100287,350525790901740,,PREPAID,Active,2026-05-18 20:10:45,2026-05-18 20:11:49,KnoxGuard,SAMSUNG,SM-A166M/DS,Reload,"",bardha.korqaj@tenton.co,2026-07-13 21:02:23,2026-07-15 21:23:57,2026-07-20 21:01:27,"Credimas","","","",""
credimasbcs-prod,0735479420717527,351755482173162,,PREPAID,Active,2026-05-10 15:15:47,2026-05-10 15:17:27,KnoxGuard,SAMSUNG,SM-A075M,Unlock,"",bardha.korqaj@tenton.co,2026-07-16 20:01:24,2026-07-16 21:19:38,2026-07-23 20:00:04,"Credimas","","","",""
credimasbcs-prod,0748426318168836,351755484210491,,PREPAID,Active,2026-05-29 20:22:37,2026-05-29 20:26:41,KnoxGuard,SAMSUNG,SM-A075M,Reload,"",bardha.korqaj@tenton.co,2026-07-15 21:23:28,2026-07-16 03:20:15,2026-07-29 20:03:26,"Credimas","","","",""
credimasbcs-prod,0749790766992287,352000538965611,,PREPAID,Ready For Use,2026-07-11 19:59:55,,Motosafe,MOTOROLA,XT2341-2,Register,"",bardha.korqaj@tenton.co,2026-07-11 19:59:55,,,"Credimas","","","",""
credimasbcs-prod,0751836901896849,351755483358705,,PREPAID,Active,2026-06-06 21:21:19,2026-06-06 21:25:41,KnoxGuard,SAMSUNG,SM-A075M,Unlock,"",bardha.korqaj@tenton.co,2026-07-15 18:37:49,2026-07-16 00:21:09,2026-07-22 18:37:08,"Credimas","","","",""
credimasbcs-prod,0779296766741012,351755484093053,,PREPAID,Locked,2026-06-13 18:36:54,2026-06-13 18:40:59,KnoxGuard,SAMSUNG,SM-A075M,Lock,"",system@trustonic.com,2026-07-19 20:40:38,2026-07-15 07:37:54,2026-07-19 20:30:54,"Credimas","","","",""
credimasbcs-prod,0779655556589929,351755483258301,,PREPAID,Active,2026-05-29 19:17:38,2026-05-29 19:22:54,KnoxGuard,SAMSUNG,SM-A075M,Reload,"",bardha.korqaj@tenton.co,2026-07-18 21:32:17,2026-07-19 21:32:35,2026-07-26 10:38:30,"Credimas","","","",""
credimasbcs-prod,0792559176391393,354696572628854,,PREPAID,Ready For Use,2026-07-04 21:06:36,,Motosafe,MOTOROLA,XT2333-1,Register,"",bardha.korqaj@tenton.co,2026-07-04 21:06:36,,,"Credimas","","","",""
credimasbcs-prod,0810168866400253,354499630603377,,PREPAID,Locked,2026-06-13 17:06:12,2026-06-13 17:10:19,KnoxGuard,SAMSUNG,SM-A175F,Lock,"",system@trustonic.com,2026-07-18 17:52:21,2026-07-18 17:51:44,2026-07-18 17:50:41,"Credimas","","","",""
credimasbcs-prod,0828285999909436,350792390129060,,PREPAID,Active,2026-05-16 17:12:15,2026-05-16 17:15:35,G-LOCK,TECNO,LK7k,Unlock,"",bardha.korqaj@tenton.co,2026-07-17 20:08:14,2026-07-19 20:10:23,2026-07-24 20:08:07,"Credimas","","","",""
credimasbcs-prod,0836599987180570,356034166276500,,PREPAID,Active,2026-05-31 17:50:07,2026-05-31 17:52:59,KnoxGuard,SAMSUNG,SM-A165M,Reload,"",bardha.korqaj@tenton.co,2026-07-18 17:07:28,2026-07-19 23:28:58,2026-07-25 21:11:50,"Credimas","","","",""
credimasbcs-prod,0849025620950250,351755483392902,,PREPAID,Locked,2026-06-25 18:29:50,2026-06-25 18:36:21,KnoxGuard,SAMSUNG,SM-A075M,Lock,"",system@trustonic.com,2026-07-02 18:40:32,2026-07-02 16:43:51,2026-07-02 18:39:58,"Credimas","","","",""
credimasbcs-prod,0878294906046111,352041714112701,,PREPAID,Active,2026-05-16 16:03:00,2026-05-16 16:04:38,KnoxGuard,SAMSUNG,SM-A366E/DS,Reload,"",bardha.korqaj@tenton.co,2026-07-13 15:27:26,2026-07-15 20:29:13,2026-07-20 15:32:59,"Credimas","","","",""
credimasbcs-prod,0880522027607018,351755484995646,,PREPAID,Active,2026-05-16 13:31:32,2026-05-16 13:49:01,KnoxGuard,SAMSUNG,SM-A075M,Reload,"",bardha.korqaj@tenton.co,2026-07-18 13:22:32,2026-07-19 13:23:08,2026-07-27 14:54:48,"Credimas","","","",""
credimasbcs-prod,0886542728261593,351755484908789,,PREPAID,Active,2026-06-25 15:18:32,2026-06-25 15:24:15,KnoxGuard,SAMSUNG,SM-A075M,Unlock,"",bardha.korqaj@tenton.co,2026-07-19 17:41:33,2026-07-19 18:07:26,2026-07-26 17:40:37,"Credimas","","","",""
credimasbcs-prod,0889879949923470,351755483433532,,PREPAID,Locked,2026-06-27 13:21:10,2026-06-27 13:26:12,KnoxGuard,SAMSUNG,SM-A075M,Lock,"",system@trustonic.com,2026-07-11 13:55:41,2026-07-11 09:56:09,2026-07-11 13:50:24,"Credimas","","","",""
credimasbcs-prod,0892249957380958,356034166336460,,PREPAID,Active,2026-07-07 14:42:30,2026-07-07 14:49:40,KnoxGuard,SAMSUNG,SM-A165M,Reload,"",bardha.korqaj@tenton.co,2026-07-15 12:45:24,2026-07-15 12:45:03,2026-07-22 18:28:49,"Credimas","","","",""
credimasbcs-prod,0898841467785327,352041714142930,,PREPAID,Active,2026-04-25 17:16:12,2026-04-25 17:17:03,KnoxGuard,SAMSUNG,SM-A366E/DS,Reload,"",bardha.korqaj@tenton.co,2026-07-18 19:25:23,2026-07-19 20:00:20,2026-07-25 20:57:50,"Credimas","","","",""
credimasbcs-prod,0900517489695249,351755484220896,,PREPAID,Active,2026-05-14 11:46:41,2026-05-14 11:52:41,KnoxGuard,SAMSUNG,SM-A075M,Reload,"",bardha.korqaj@tenton.co,2026-07-16 13:22:37,2026-07-19 13:22:30,2026-07-23 14:00:05,"Credimas","","","",""
credimasbcs-prod,0907252449021611,354499630599450,,PREPAID,Active,2026-05-16 18:24:39,2026-05-16 18:33:54,KnoxGuard,SAMSUNG,SM-A175F,Reload,"",bardha.korqaj@tenton.co,2026-07-18 17:28:09,2026-07-18 18:22:01,2026-07-25 18:44:28,"Credimas","","","",""
credimasbcs-prod,0933145250335706,351755483396440,,PREPAID,Active,2026-05-26 20:49:41,2026-05-26 20:59:05,KnoxGuard,SAMSUNG,SM-A075M,Reload,"",bardha.korqaj@tenton.co,2026-07-17 20:21:04,2026-07-19 17:45:57,2026-07-28 21:06:19,"Credimas","","","",""
credimasbcs-prod,0960358990861959,352749382628713,,PREPAID,Locked,2026-05-01 18:28:20,2026-05-01 18:33:04,KnoxGuard,SAMSUNG,SM-A155M/DSN,Lock,"",system@trustonic.com,2026-07-19 18:55:36,2026-07-18 20:37:28,2026-07-19 18:48:05,"Credimas","","","",""
credimasbcs-prod,0971995630181990,354499631663636,,PREPAID,Locked,2026-07-07 14:07:42,2026-07-07 14:12:26,KnoxGuard,SAMSUNG,SM-A175F,Lock,"",system@trustonic.com,2026-07-14 14:22:28,2026-07-14 14:17:36,2026-07-14 14:16:51,"Credimas","","","",""
credimasbcs-prod,0974918904245881,351755483357301,,PREPAID,Active,2026-06-27 10:26:10,2026-06-27 10:33:22,KnoxGuard,SAMSUNG,SM-A075M,Reload,"",bardha.korqaj@tenton.co,2026-07-19 19:03:55,2026-07-19 19:03:15,2026-07-27 10:32:53,"Credimas","","","",""
credimasbcs-prod,0991225367913780,352041715021778,,PREPAID,Active,2026-05-23 18:34:38,2026-05-23 18:36:22,KnoxGuard,SAMSUNG,SM-A366E/DS,Unlock,"",bardha.korqaj@tenton.co,2026-07-13 17:51:26,2026-07-15 18:21:52,2026-07-20 17:50:15,"Credimas","","","",""
credimasbcs-prod,1009558518250529,355436691794447,,PREPAID,Active,2026-07-07 20:03:51,2026-07-07 20:09:42,KnoxGuard,SAMSUNG,SM-A165M,Reload,"",bardha.korqaj@tenton.co,2026-07-14 18:41:35,2026-07-16 08:38:54,2026-07-21 20:14:26,"Credimas","","","",""
credimasbcs-prod,1010080714056592,356034168526001,,PREPAID,Active,2026-05-31 20:27:16,2026-05-31 20:28:45,KnoxGuard,SAMSUNG,SM-A165M,Reload,"",bardha.korqaj@tenton.co,2026-07-18 14:32:23,2026-07-18 14:32:15,2026-07-25 19:52:07,"Credimas","","","",""
credimasbcs-prod,1020682047658546,353417142469898,,PREPAID,Locked,2026-05-23 16:59:23,2026-05-23 17:18:30,Motosafe,MOTOROLA,XT2333-1,Lock,"",system@trustonic.com,2026-07-03 12:25:44,2026-07-01 06:15:03,2026-07-03 12:17:43,"Credimas","","","",""
credimasbcs-prod,1037588955087686,354696573731012,,PREPAID,Active,2026-07-11 17:21:51,2026-07-11 17:28:48,Motosafe,MOTOROLA,XT2333-1,Unlock,"",bardha.korqaj@tenton.co,2026-07-18 21:23:26,2026-07-19 23:11:09,2026-07-25 21:16:21,"Credimas","","","",""
credimasbcs-prod,1038444439327676,353417142469393,,PREPAID,Active,2026-06-28 13:55:25,2026-06-28 14:02:20,Motosafe,MOTOROLA,XT2333-1,Reload,"",bardha.korqaj@tenton.co,2026-07-19 18:19:30,2026-07-19 18:19:31,2026-08-02 18:19:00,"Credimas","","","",""
credimasbcs-prod,1050499655972853,351755484218494,,PREPAID,Active,2026-05-28 10:38:03,2026-05-28 10:44:11,KnoxGuard,SAMSUNG,SM-A075M,Reload,"",bardha.korqaj@tenton.co,2026-07-14 17:06:26,2026-07-15 17:07:18,2026-07-23 11:03:40,"Credimas","","","",""
credimasbcs-prod,1061144262172675,357617700332521,,PREPAID,Active,2026-05-28 12:18:23,2026-05-28 12:23:04,KnoxGuard,SAMSUNG,SM-A266M/DS,Reload,"",bardha.korqaj@tenton.co,2026-07-13 11:17:08,2026-07-15 11:17:07,2026-07-23 12:28:57,"Credimas","","","",""
credimasbcs-prod,1078656756587376,356034165857904,,PREPAID,Active,2026-06-16 11:16:25,2026-06-16 11:18:06,KnoxGuard,SAMSUNG,SM-A165M,Unlock,"",bardha.korqaj@tenton.co,2026-07-14 13:50:55,2026-07-15 13:50:58,2026-07-21 13:49:57,"Credimas","","","",""
credimasbcs-prod,1096572818249120,351755482522038,,PREPAID,Active,2026-05-08 20:03:31,2026-05-08 20:08:37,KnoxGuard,SAMSUNG,SM-A075M,Unlock,"",bardha.korqaj@tenton.co,2026-07-19 18:44:31,2026-07-19 18:45:59,2026-07-26 18:43:29,"Credimas","","","",""
credimasbcs-prod,1106200233966983,351755481893117,,PREPAID,Active,2026-07-12 15:12:05,2026-07-12 15:16:50,KnoxGuard,SAMSUNG,SM-A075M,Unlock,"",bardha.korqaj@tenton.co,2026-07-18 17:03:51,2026-07-12 15:20:45,2026-07-26 15:20:05,"Credimas","","","",""
credimasbcs-prod,1112556935777982,353181615766566,,PREPAID,Active,2026-05-05 11:26:34,2026-05-05 11:30:46,KnoxGuard,SAMSUNG,SM-A175F,Unlock,"",bardha.korqaj@tenton.co,2026-07-13 07:52:30,2026-07-13 07:52:20,2026-07-20 07:51:02,"Credimas","","","",""
credimasbcs-prod,1119810666210913,357764830027678,,PREPAID,Locked,2026-05-23 11:06:14,2026-05-23 11:11:06,KnoxGuard,SAMSUNG,SM-A266M/DS,Lock,"",system@trustonic.com,2026-07-12 19:25:34,2026-07-11 21:18:25,2026-07-12 19:22:55,"Credimas","","","",""
credimasbcs-prod,1132368596145359,351959935871899,,PREPAID,Locked,2026-05-21 18:30:54,2026-05-21 18:34:21,KnoxGuard,SAMSUNG,SM-A566E/DS,Lock,"",system@trustonic.com,2026-07-19 18:25:42,2026-07-19 12:11:03,2026-07-19 18:24:29,"Credimas","","","",""
credimasbcs-prod,1134888188259786,351755483393496,,PREPAID,Active,2026-06-13 18:07:37,2026-06-13 18:12:33,KnoxGuard,SAMSUNG,SM-A075M,Reload,"",bardha.korqaj@tenton.co,2026-07-18 18:01:47,2026-07-19 16:30:30,2026-07-25 20:12:54,"Credimas","","","",""
credimasbcs-prod,1139884101528489,351755483395988,,PREPAID,Active,2026-06-19 20:53:06,2026-06-19 20:57:34,KnoxGuard,SAMSUNG,SM-A075M,Unlock,"",bardha.korqaj@tenton.co,2026-07-13 21:26:45,2026-07-14 22:33:19,2026-07-20 21:25:33,"Credimas","","","",""
credimasbcs-prod,1178487967609353,353417142463826,,PREPAID,Active,2026-07-11 15:41:08,2026-07-11 15:46:55,Motosafe,MOTOROLA,XT2333-1,Unlock,"",bardha.korqaj@tenton.co,2026-07-19 10:25:23,2026-07-19 19:39:10,2026-07-26 10:22:19,"Credimas","","","",""
credimasbcs-prod,1179833785336727,356034168526787,,PREPAID,Active,2026-05-02 17:45:30,2026-05-02 17:54:13,KnoxGuard,SAMSUNG,SM-A165M,Reload,"",bardha.korqaj@tenton.co,2026-07-18 17:21:55,2026-07-19 17:21:47,2026-08-01 16:37:47,"Credimas","","","",""
credimasbcs-prod,1190315406196813,353270602666713,,PREPAID,Active,2026-06-01 18:30:30,2026-06-01 19:00:36,Motosafe,MOTOROLA,XT2425-1,Unlock,"",bardha.korqaj@tenton.co,2026-07-14 15:48:31,2026-07-15 15:49:09,2026-07-21 15:26:38,"Credimas","","","",""
credimasbcs-prod,1248636132477470,357617700731250,,PREPAID,Locked,2026-06-20 18:42:20,2026-06-20 18:52:50,KnoxGuard,SAMSUNG,SM-A266M/DS,Lock,"",system@trustonic.com,2026-07-11 20:10:45,2026-07-10 11:41:45,2026-07-11 19:57:14,"Credimas","","","",""
credimasbcs-prod,1273287976115692,351755481905937,,PREPAID,Active,2026-05-13 13:07:28,2026-05-13 13:33:36,KnoxGuard,SAMSUNG,SM-A075M,Reload,"",bardha.korqaj@tenton.co,2026-07-17 18:54:39,2026-07-19 23:54:55,2026-07-24 20:00:52,"Credimas","","","",""
credimasbcs-prod,1273512699461116,351755482884891,,PREPAID,Active,2026-05-10 18:38:56,2026-05-10 18:43:25,KnoxGuard,SAMSUNG,SM-A075M,Reload,"",bardha.korqaj@tenton.co,2026-07-19 17:37:07,2026-07-19 17:36:43,2026-07-27 16:25:05,"Credimas","","","",""
credimasbcs-prod,1273762256123606,351755483397703,,PREPAID,Active,2026-06-25 17:40:43,2026-06-25 17:41:58,KnoxGuard,SAMSUNG,SM-A075M,Unlock,"",bardha.korqaj@tenton.co,2026-07-19 10:12:36,2026-07-19 10:11:56,2026-07-26 10:11:23,"Credimas","","","",""
credimasbcs-prod,1276869830805010,357611391305615,359164251305612,PREPAID,Active,2026-07-14 17:37:07,2026-07-14 17:41:10,KnoxGuard,SAMSUNG,SM-A566E/DS,Unlock,"",supervisor@credimas.com.mx,2026-07-14 19:07:46,2026-07-16 07:05:23,2026-07-21 19:06:56,"Credimas","","","",""
credimasbcs-prod,1285331216990505,353417142463644,,PREPAID,Active,2026-07-11 18:24:14,2026-07-11 18:39:27,Motosafe,MOTOROLA,XT2333-1,Reload,"",bardha.korqaj@tenton.co,2026-07-18 16:49:48,2026-07-19 16:50:44,2026-07-25 18:47:13,"Credimas","","","",""
credimasbcs-prod,1321272240150381,356034168519345,,PREPAID,Locked,2026-04-27 21:35:52,2026-04-27 21:40:29,KnoxGuard,SAMSUNG,SM-A165M,Lock,"",system@trustonic.com,2026-07-12 12:26:02,2026-07-12 12:22:51,2026-07-12 12:22:29,"Credimas","","","",""
credimasbcs-prod,1335523292857362,351755481757437,,PREPAID,Active,2026-05-09 14:49:00,2026-05-09 14:49:54,KnoxGuard,SAMSUNG,SM-A075M,Reload,"",bardha.korqaj@tenton.co,2026-07-18 15:49:35,2026-07-19 15:49:08,2026-07-25 16:16:57,"Credimas","","","",""
credimasbcs-prod,1358619355829763,355436691639519,,PREPAID,Active,2026-04-25 17:27:10,2026-04-25 17:29:57,KnoxGuard,SAMSUNG,SM-A165M,Unlock,"",bardha.korqaj@tenton.co,2026-07-19 12:55:38,2026-07-19 12:55:01,2026-07-26 12:54:06,"Credimas","","","",""
credimasbcs-prod,1372324119791312,356034168521986,,PREPAID,Active,2026-05-26 14:49:54,2026-05-26 14:55:55,KnoxGuard,SAMSUNG,SM-A165M,Unlock,"",bardha.korqaj@tenton.co,2026-07-19 16:03:55,2026-07-19 16:03:25,2026-07-26 16:02:48,"Credimas","","","",""
credimasbcs-prod,1373345970203617,351755482901620,,PREPAID,Locked,2026-05-03 19:20:49,2026-05-03 19:27:48,KnoxGuard,SAMSUNG,SM-A075M,Lock,"",system@trustonic.com,2026-07-19 14:10:41,2026-07-19 14:05:05,2026-07-19 14:04:06,"Credimas","","","",""
credimasbcs-prod,1393965455163874,355436691773706,,PREPAID,Active,2026-04-30 14:35:16,2026-04-30 14:42:54,KnoxGuard,SAMSUNG,SM-A165M,Unlock,"",bardha.korqaj@tenton.co,2026-07-16 12:48:16,2026-07-19 17:09:49,2026-07-23 12:47:12,"Credimas","","","",""
credimasbcs-prod,1412023518761411,865092084489625,,PREPAID,Active,2026-06-21 13:59:51,2026-06-21 14:01:46,G-LOCK,HONOR,BRP-NX3,Reload,"",bardha.korqaj@tenton.co,2026-07-19 12:04:52,2026-07-19 12:04:53,2026-07-26 14:18:30,"Credimas","","","",""
credimasbcs-prod,1427645023007714,353417142466258,,PREPAID,Locked,2026-07-01 14:00:47,2026-07-01 14:17:52,Motosafe,MOTOROLA,XT2333-1,Lock,"",system@trustonic.com,2026-07-08 14:25:46,2026-07-13 08:03:04,2026-07-08 14:24:58,"Credimas","","","",""
credimasbcs-prod,1433438593785921,356034166392091,,PREPAID,Active,2026-07-11 18:51:15,2026-07-11 18:53:49,KnoxGuard,SAMSUNG,SM-A165M,Reload,"",bardha.korqaj@tenton.co,2026-07-18 15:10:18,2026-07-19 15:30:55,2026-07-25 19:09:07,"Credimas","","","",""
credimasbcs-prod,1440313317674680,353417142464147,,PREPAID,Active,2026-06-30 16:18:32,2026-06-30 16:20:51,Motosafe,MOTOROLA,XT2333-1,Unlock,"",bardha.korqaj@tenton.co,2026-07-14 20:23:05,2026-07-15 20:55:04,2026-07-21 20:22:57,"Credimas","","","",""
credimasbcs-prod,1445424449117323,354704245021596,,PREPAID,Locked,2026-07-05 18:42:59,2026-07-05 18:49:04,KnoxGuard,SAMSUNG,SM-A366E/DS,Welcome. First payment needed,"",system@trustonic.com,2026-07-05 18:50:18,2026-07-05 18:49:48,2026-07-05 18:48:57,"Credimas","","","",""
credimasbcs-prod,1451086959036744,351755482181918,,PREPAID,Active,2026-05-15 19:33:28,2026-05-15 19:40:48,KnoxGuard,SAMSUNG,SM-A075M,Unlock,"",bardha.korqaj@tenton.co,2026-07-18 20:37:16,2026-07-19 20:48:07,2026-07-25 20:36:10,"Credimas","","","",""
credimasbcs-prod,1456495427150341,350792390144606,,PREPAID,Ready For Use,2026-07-16 14:28:41,,G-LOCK,TECNO,LK7k,Register,"",bardha.korqaj@tenton.co,2026-07-16 14:28:41,,,"Credimas","","","",""
credimasbcs-prod,1457671481609698,352041715023675,,PREPAID,Locked,2026-06-23 13:57:47,2026-06-23 14:00:46,KnoxGuard,SAMSUNG,SM-A366E/DS,Lock,"",system@trustonic.com,2026-07-11 15:55:33,2026-07-06 23:36:59,2026-07-11 15:43:35,"Credimas","","","",""
credimasbcs-prod,1469575391428727,353417142464725,,PREPAID,Active,2026-06-30 20:06:48,2026-06-30 20:13:15,Motosafe,MOTOROLA,XT2333-1,Unlock,"",bardha.korqaj@tenton.co,2026-07-16 19:49:48,2026-07-19 19:25:23,2026-07-23 19:49:41,"Credimas","","","",""
credimasbcs-prod,1493800090521632,357764830054169,,PREPAID,Active,2026-05-10 12:25:46,2026-05-10 12:29:07,KnoxGuard,SAMSUNG,SM-A266M/DS,Reload,"",bardha.korqaj@tenton.co,2026-07-18 17:31:15,2026-07-18 17:30:45,2026-07-27 20:54:03,"Credimas","","","",""
credimasbcs-prod,1502617619631901,356214264316032,,PREPAID,Locked,2026-07-05 17:17:46,2026-07-05 17:22:50,Motosafe,MOTOROLA,XT2363-1,Lock,"",system@trustonic.com,2026-07-19 17:40:34,2026-07-12 16:23:11,2026-07-26 20:47:04,"Credimas","","","",""
credimasbcs-prod,1504889261173888,351460451274154,,PREPAID,Active,2026-05-01 18:54:51,2026-05-01 19:00:48,KnoxGuard,SAMSUNG,SM-A156M/DSN,Reload,"",bardha.korqaj@tenton.co,2026-07-17 10:32:31,2026-07-20 00:02:43,2026-07-24 19:14:06,"Credimas","","","",""
credimasbcs-prod,1511031889524901,355436691640616,,PREPAID,Locked,2026-06-21 11:26:46,2026-06-21 11:33:37,KnoxGuard,SAMSUNG,SM-A165M,Lock,"",system@trustonic.com,2026-07-19 19:22:31,2026-07-19 19:19:31,2026-07-19 19:15:13,"Credimas","","","",""
credimasbcs-prod,1536133286680024,862118080934281,,PREPAID,Active,2026-07-05 14:18:39,2026-07-05 14:52:19,G-LOCK,HONOR,LGN-LX3,Reload,"",bardha.korqaj@tenton.co,2026-07-19 15:52:37,2026-07-19 15:52:38,2026-07-26 16:00:43,"Credimas","","","",""
credimasbcs-prod,1581639640084189,353270602674717,,PREPAID,Active,2026-07-10 21:16:34,2026-07-10 21:19:39,Motosafe,MOTOROLA,XT2425-1,Reload,"",bardha.korqaj@tenton.co,2026-07-17 10:33:17,2026-07-20 04:03:24,2026-07-24 21:28:45,"Credimas","","","",""
credimasbcs-prod,1588119525378861,357617702562240,,PREPAID,Active,2026-06-04 18:52:52,2026-06-04 18:55:40,KnoxGuard,SAMSUNG,SM-A266M/DS,Reload,"",bardha.korqaj@tenton.co,2026-07-16 09:21:14,2026-07-16 09:22:34,2026-07-23 19:04:11,"Credimas","","","",""
credimasbcs-prod,1592058177990214,357764830016390,,PREPAID,Active,2026-04-21 20:37:53,2026-04-21 20:41:56,KnoxGuard,SAMSUNG,SM-A266M/DS,Reload,"",bardha.korqaj@tenton.co,2026-07-12 12:30:40,2026-07-12 12:30:38,2026-07-21 20:53:58,"Credimas","","","",""
credimasbcs-prod,1640743173075493,355436691225301,,PREPAID,Ready For Use,2026-07-16 19:42:44,,KnoxGuard,SAMSUNG,SM-A165M,Register,"",bardha.korqaj@tenton.co,2026-07-16 19:42:44,,,"Credimas","","","",""
credimasbcs-prod,1643634008816517,359679326470091,,PREPAID,Active,2026-07-04 19:45:25,2026-07-04 19:49:46,Motosafe,MOTOROLA,XT2343-1,Reload,"",bardha.korqaj@tenton.co,2026-07-18 11:11:25,2026-07-19 11:11:39,2026-08-08 20:00:16,"Credimas","","","",""
credimasbcs-prod,1650953720179868,355436691796236,,PREPAID,Active,2026-05-30 18:40:51,2026-05-30 18:43:19,KnoxGuard,SAMSUNG,SM-A165M,Reload,"",bardha.korqaj@tenton.co,2026-07-18 16:16:20,2026-07-18 20:47:42,2026-07-25 18:49:38,"Credimas","","","",""
credimasbcs-prod,1658876414185529,354499631642788,,PREPAID,Active,2026-07-16 14:07:56,2026-07-16 14:23:30,KnoxGuard,SAMSUNG,SM-A175F,Unlock,"",bardha.korqaj@tenton.co,2026-07-18 12:07:53,2026-07-19 09:42:19,2026-07-23 14:40:03,"Credimas","","","",""
credimasbcs-prod,1664420555243837,353485921419103,,PREPAID,Active,2026-07-06 18:33:59,2026-07-06 18:39:56,KnoxGuard,SAMSUNG,SM-A366E/DS,Reload,"",bardha.korqaj@tenton.co,2026-07-13 16:28:53,2026-07-16 08:47:53,2026-07-20 18:49:04,"Credimas","","","",""
credimasbcs-prod,1664660255485148,862118080930248,,PREPAID,Active,2026-05-31 11:35:44,2026-05-31 11:37:31,G-LOCK,HONOR,LGN-LX3,Unlock,"",bardha.korqaj@tenton.co,2026-07-16 19:09:46,2026-07-18 19:12:35,2026-07-23 19:07:19,"Credimas","","","",""
credimasbcs-prod,1679892184241794,350792390120523,,PREPAID,Active,2026-05-21 21:06:20,2026-05-21 21:08:06,G-LOCK,TECNO,LK7k,Reload,"",bardha.korqaj@tenton.co,2026-07-16 21:04:24,2026-07-19 21:05:39,2026-07-23 21:39:15,"Credimas","","","",""
credimasbcs-prod,1688325810830870,351755482173204,,PREPAID,Active,2026-05-09 16:59:25,2026-05-09 17:01:52,KnoxGuard,SAMSUNG,SM-A075M,Reload,"",bardha.korqaj@tenton.co,2026-07-18 17:36:36,2026-07-19 17:37:23,2026-07-25 22:50:11,"Credimas","","","",""
credimasbcs-prod,1710305223887326,355436691646829,,PREPAID,Active,2026-05-13 19:22:34,2026-05-13 19:27:04,KnoxGuard,SAMSUNG,SM-A165M,Unlock,"",bardha.korqaj@tenton.co,2026-07-16 18:39:07,2026-07-17 03:16:54,2026-07-23 18:38:03,"Credimas","","","",""
credimasbcs-prod,1717038711850558,356034168527405,,PREPAID,Active,2026-06-07 11:32:48,2026-06-07 11:34:33,KnoxGuard,SAMSUNG,SM-A165M,Reload,"",bardha.korqaj@tenton.co,2026-07-19 15:46:59,2026-07-19 15:46:29,2026-08-01 17:30:10,"Credimas","","","",""
credimasbcs-prod,1737017002618473,354696572951777,,PREPAID,Locked,2026-06-12 17:24:02,2026-06-12 17:36:26,Motosafe,MOTOROLA,XT2333-1,Lock,"",system@trustonic.com,2026-07-10 19:10:32,2026-07-07 05:39:17,2026-07-10 19:06:37,"Credimas","","","",""
credimasbcs-prod,1744481970350688,351755482134826,,PREPAID,Locked,2026-04-23 11:35:09,2026-04-23 11:38:09,KnoxGuard,SAMSUNG,SM-A075M,Lock,"",system@trustonic.com,2026-07-19 19:12:25,2026-07-19 19:12:16,2026-07-19 19:12:04,"Credimas","","","",""
credimasbcs-prod,1751159648766020,355436691648106,,PREPAID,Active,2026-05-11 18:11:05,2026-05-11 18:15:21,KnoxGuard,SAMSUNG,SM-A165M,Reload,"",bardha.korqaj@tenton.co,2026-07-13 16:16:16,2026-07-15 16:15:31,2026-07-20 18:21:53,"Credimas","","","",""
credimasbcs-prod,1758862033501413,356034166299015,,PREPAID,Locked,2026-06-28 16:19:43,2026-06-28 16:34:02,KnoxGuard,SAMSUNG,SM-A165M,Lock,"",system@trustonic.com,2026-07-19 19:22:33,2026-07-19 19:21:47,2026-07-19 19:19:30,"Credimas","","","",""
credimasbcs-prod,1759248123157807,351755483397695,,PREPAID,Active,2026-05-25 15:28:01,2026-05-25 15:33:16,KnoxGuard,SAMSUNG,SM-A075M,Unlock,"",bardha.korqaj@tenton.co,2026-07-13 15:58:04,2026-07-15 17:45:02,2026-07-20 15:57:03,"Credimas","","","",""
credimasbcs-prod,1768973926234687,354696572526736,,PREPAID,Active,2026-05-05 20:28:29,2026-05-05 20:37:25,Motosafe,MOTOROLA,XT2333-1,Reload,"",bardha.korqaj@tenton.co,2026-07-14 21:03:46,2026-07-15 23:56:53,2026-07-21 20:49:22,"Credimas","","","",""
credimasbcs-prod,1772753054261626,351755484092998,,PREPAID,Active,2026-05-22 21:31:33,2026-05-22 21:49:16,KnoxGuard,SAMSUNG,SM-A075M,Reload,"",bardha.korqaj@tenton.co,2026-07-18 15:57:58,2026-07-20 04:34:22,2026-07-25 20:41:12,"Credimas","","","",""
credimasbcs-prod,1785766374854229,352000538860556,,PREPAID,Active,2026-07-11 13:48:02,2026-07-11 13:57:24,Motosafe,MOTOROLA,XT2341-2,Unlock,"",bardha.korqaj@tenton.co,2026-07-19 18:39:48,2026-07-19 18:39:49,2026-07-26 17:49:25,"Credimas","","","",""
credimasbcs-prod,1793433518678810,359679326511613,,PREPAID,Active,2026-06-13 18:23:15,2026-06-13 18:38:39,Motosafe,MOTOROLA,XT2343-1,Reload,"",bardha.korqaj@tenton.co,2026-07-18 19:08:46,2026-07-20 03:29:03,2026-07-25 19:57:41,"Credimas","","","",""
credimasbcs-prod,1795890563616891,354696573719033,,PREPAID,Locked,2026-05-30 19:14:13,2026-05-30 19:39:42,Motosafe,MOTOROLA,XT2333-1,Lock,"",system@trustonic.com,2026-07-17 18:55:33,2026-07-19 14:42:31,2026-07-17 18:55:10,"Credimas","","","",""
credimasbcs-prod,1800765896278286,351755481805392,,PREPAID,Active,2026-04-25 18:57:16,2026-04-25 19:00:12,KnoxGuard,SAMSUNG,SM-A075M,Unlock,"",bardha.korqaj@tenton.co,2026-07-14 14:46:24,2026-07-15 18:59:42,2026-07-21 14:45:08,"Credimas","","","",""
credimasbcs-prod,1812573024260847,353485921653453,,PREPAID,Active,2026-06-15 19:28:46,2026-06-15 19:33:24,KnoxGuard,SAMSUNG,SM-A366E/DS,Reload,"",bardha.korqaj@tenton.co,2026-07-13 14:41:19,2026-07-15 14:40:47,2026-07-20 19:37:24,"Credimas","","","",""
credimasbcs-prod,1815640303802489,353417142464667,,PREPAID,Active,2026-07-11 15:41:07,2026-07-11 15:56:15,Motosafe,MOTOROLA,XT2333-1,Unlock,"",bardha.korqaj@tenton.co,2026-07-18 17:55:36,2026-07-20 05:53:53,2026-07-25 17:55:31,"Credimas","","","",""
credimasbcs-prod,1817258505646209,351755482492463,,PREPAID,Locked,2026-06-29 18:39:25,2026-06-29 18:46:26,KnoxGuard,SAMSUNG,SM-A075M,Lock,"",bardha.korqaj@tenton.co,2026-07-02 16:08:40,2026-07-02 16:08:13,2026-07-02 16:07:43,"Credimas","","","",""
credimasbcs-prod,1820426066071575,354499630414122,,PREPAID,Locked,2026-06-29 13:18:08,2026-06-29 13:21:23,KnoxGuard,SAMSUNG,SM-A175F,Lock,"",bardha.korqaj@tenton.co,2026-07-03 11:13:49,2026-07-01 21:45:58,2026-07-03 11:12:36,"Credimas","","","",""
credimasbcs-prod,1822868487289443,355436691783739,,PREPAID,Active,2026-06-30 15:32:08,2026-06-30 15:36:50,KnoxGuard,SAMSUNG,SM-A165M,Unlock,"",bardha.korqaj@tenton.co,2026-07-15 09:58:14,2026-07-15 10:09:30,2026-07-22 09:57:15,"Credimas","","","",""
credimasbcs-prod,1826474100951578,352000538964655,,PREPAID,Active,2026-07-10 20:32:35,2026-07-10 20:35:51,Motosafe,MOTOROLA,XT2341-2,Reload,"",bardha.korqaj@tenton.co,2026-07-17 20:35:43,2026-07-19 20:36:39,2026-07-24 20:41:11,"Credimas","","","",""
credimasbcs-prod,1888578711865413,351755482866351,,PREPAID,Active,2026-05-09 15:53:45,2026-05-09 15:59:33,KnoxGuard,SAMSUNG,SM-A075M,Reload,"",bardha.korqaj@tenton.co,2026-07-18 15:25:07,2026-07-19 10:32:47,2026-08-01 16:07:15,"Credimas","","","",""
credimasbcs-prod,1917368702306365,862118080928564,,PREPAID,Active,2026-06-10 13:37:54,2026-06-10 13:41:49,G-LOCK,HONOR,LGN-LX3,Reload,"",bardha.korqaj@tenton.co,2026-07-15 16:37:35,2026-07-15 16:39:10,2026-07-22 18:40:04,"Credimas","","","",""
credimasbcs-prod,1932836173368711,355436691778820,,INVENTORY,Idle,2026-07-07 16:12:42,2026-07-07 16:15:03,KnoxGuard,SAMSUNG,SM-A165M,Deregister,"",bardha.korqaj@tenton.co,2026-07-07 16:26:05,,,"Credimas","","","",""
credimasbcs-prod,1965289250340687,353417142463503,,PREPAID,Active,2026-06-22 14:35:07,2026-06-22 14:51:03,Motosafe,MOTOROLA,XT2333-1,Unlock,"",bardha.korqaj@tenton.co,2026-07-13 15:39:38,2026-07-15 11:19:21,2026-07-20 15:38:31,"Credimas","","","",""
credimasbcs-prod,1967887256831124,356034168523198,,PREPAID,Locked,2026-07-04 17:42:05,2026-07-04 17:47:28,KnoxGuard,SAMSUNG,SM-A165M,Lock,"",bardha.korqaj@tenton.co,2026-07-06 14:22:01,2026-07-05 18:43:41,2026-07-06 14:20:44,"Credimas","","","",""
credimasbcs-prod,1970092133349157,359679324914439,,PREPAID,Active,2026-06-22 16:49:02,2026-06-22 16:55:00,Motosafe,MOTOROLA,XT2343-1,Unlock,"",bardha.korqaj@tenton.co,2026-07-18 13:16:01,2026-07-19 17:25:34,2026-07-25 12:47:28,"Credimas","","","",""
credimasbcs-prod,1982317998472359,355436691772682,,PREPAID,Active,2026-04-25 13:45:25,2026-04-25 13:53:55,KnoxGuard,SAMSUNG,SM-A165M,Unlock,"",bardha.korqaj@tenton.co,2026-07-19 12:10:51,2026-07-19 12:10:11,2026-07-26 12:09:09,"Credimas","","","",""
credimasbcs-prod,2009649286673494,357764830027769,,PREPAID,Active,2026-05-15 20:01:13,2026-05-15 20:37:27,KnoxGuard,SAMSUNG,SM-A266M/DS,Unlock,"",bardha.korqaj@tenton.co,2026-07-18 20:46:25,2026-07-19 20:46:15,2026-07-25 20:45:18,"Credimas","","","",""
credimasbcs-prod,2019291718777379,352000537394177,,PREPAID,Locked,2026-07-11 20:25:38,2026-07-11 20:43:29,Motosafe,MOTOROLA,XT2341-2,Lock,"",system@trustonic.com,2026-07-18 20:55:34,2026-07-19 18:32:45,2026-07-18 20:49:41,"Credimas","","","",""
credimasbcs-prod,2025130727405775,350057719379329,,PREPAID,Active,2026-06-12 20:14:41,2026-06-12 20:17:13,KnoxGuard,SAMSUNG,SM-A366E/DS,Reload,"",bardha.korqaj@tenton.co,2026-07-17 17:26:28,2026-07-19 14:51:42,2026-07-24 21:13:04,"Credimas","","","",""
credimasbcs-prod,2051996466827234,356034168524923,,PREPAID,Active,2026-05-16 16:24:53,2026-05-16 16:29:01,KnoxGuard,SAMSUNG,SM-A165M,Reload,"",bardha.korqaj@tenton.co,2026-07-18 15:04:45,2026-07-19 15:21:06,2026-07-25 16:32:31,"Credimas","","","",""
credimasbcs-prod,2056697428898470,350525790899944,,PREPAID,Active,2026-05-16 16:22:04,2026-05-16 16:37:04,KnoxGuard,SAMSUNG,SM-A166M/DS,Reload,"",bardha.korqaj@tenton.co,2026-07-18 16:30:13,2026-07-19 17:00:57,2026-07-25 17:00:04,"Credimas","","","",""
credimasbcs-prod,2067362739309018,353270602674691,,PREPAID,Active,2026-07-11 15:14:38,2026-07-11 15:31:40,Motosafe,MOTOROLA,XT2425-1,Reload,"",bardha.korqaj@tenton.co,2026-07-17 21:22:44,2026-07-18 21:43:53,2026-07-25 15:47:50,"Credimas","","","",""
credimasbcs-prod,2089381774788818,353485921639346,,PREPAID,Active,2026-06-20 17:52:12,2026-06-20 17:56:49,KnoxGuard,SAMSUNG,SM-A366E/DS,Reload,"",bardha.korqaj@tenton.co,2026-07-18 15:36:13,2026-07-20 06:49:41,2026-07-25 21:11:36,"Credimas","","","",""
credimasbcs-prod,2136483525183636,353181616845625,,PREPAID,Active,2026-04-21 14:01:45,2026-04-21 14:07:23,KnoxGuard,SAMSUNG,SM-A175F,Unlock,"",bardha.korqaj@tenton.co,2026-07-18 19:39:08,2026-07-19 19:38:48,2026-07-25 19:38:05,"Credimas","","","",""
credimasbcs-prod,2169494174787842,351755483663096,,PREPAID,Active,2026-07-18 16:12:05,2026-07-18 16:34:54,KnoxGuard,SAMSUNG,SM-A075M,Reload,"",bardha.korqaj@tenton.co,2026-07-18 16:43:33,2026-07-19 16:43:20,2026-07-25 16:42:24,"Credimas","","","",""
credimasbcs-prod,2172929891637082,356034163538290,,PREPAID,Active,2026-06-28 16:55:44,2026-06-28 16:59:02,KnoxGuard,SAMSUNG,SM-A165M,Reload,"",bardha.korqaj@tenton.co,2026-07-19 20:45:36,2026-07-19 20:45:06,2026-07-27 11:36:53,"Credimas","","","",""
credimasbcs-prod,2181314538371756,356034166291491,,PREPAID,Locked,2026-07-08 17:18:28,2026-07-08 17:23:49,KnoxGuard,SAMSUNG,SM-A165M,Lock,"",bardha.korqaj@tenton.co,2026-07-09 20:13:08,2026-07-09 13:57:35,2026-07-09 20:12:04,"Credimas","","","",""
credimasbcs-prod,2217193101376396,353417142466514,,PREPAID,Active,2026-06-27 14:22:40,2026-06-27 14:24:49,Motosafe,MOTOROLA,XT2333-1,Unlock,"",bardha.korqaj@tenton.co,2026-07-18 18:43:05,2026-07-19 18:43:10,2026-07-25 18:42:58,"Credimas","","","",""
credimasbcs-prod,2227719878242230,351755483395681,,PREPAID,Active,2026-05-25 14:51:10,2026-05-25 14:57:18,KnoxGuard,SAMSUNG,SM-A075M,Reload,"",bardha.korqaj@tenton.co,2026-07-13 20:06:01,2026-07-15 20:26:29,2026-07-20 21:24:43,"Credimas","","","",""
credimasbcs-prod,2269645780699171,352000537384731,,PREPAID,Active,2026-07-14 15:02:06,2026-07-19 17:18:04,Motosafe,MOTOROLA,XT2341-2,Reload,"",bardha.korqaj@tenton.co,2026-07-19 17:26:11,2026-07-19 20:59:44,2026-07-26 17:26:05,"Credimas","","","",""
credimasbcs-prod,2282870019321043,351755483437525,,PREPAID,Active,2026-05-17 16:40:49,2026-05-17 16:45:10,KnoxGuard,SAMSUNG,SM-A075M,Unlock,"",bardha.korqaj@tenton.co,2026-07-19 09:50:20,2026-07-19 23:20:37,2026-07-26 09:49:05,"Credimas","","","",""
credimasbcs-prod,2301470868647196,353485921418089,,PREPAID,Locked,2026-06-30 18:55:04,2026-06-30 19:00:57,KnoxGuard,SAMSUNG,SM-A366E/DS,Lock,"",system@trustonic.com,2026-07-14 19:10:35,2026-07-13 21:33:42,2026-07-14 19:05:12,"Credimas","","","",""
credimasbcs-prod,2354785040556345,351755484090356,,PREPAID,Locked,2026-05-24 15:02:47,2026-05-24 15:06:55,KnoxGuard,SAMSUNG,SM-A075M,Lock,"",system@trustonic.com,2026-07-14 16:22:20,2026-07-14 16:21:10,2026-07-14 16:13:35,"Credimas","","","",""
credimasbcs-prod,2369295982374325,354696572931191,,PREPAID,Active,2026-07-05 14:32:24,2026-07-05 14:53:40,Motosafe,MOTOROLA,XT2333-1,Unlock,"",bardha.korqaj@tenton.co,2026-07-19 18:13:50,2026-07-19 18:13:51,2026-07-26 18:12:02,"Credimas","","","",""
credimasbcs-prod,2372898933504054,351755483434506,,PREPAID,Active,2026-05-23 14:20:54,2026-05-23 14:24:42,KnoxGuard,SAMSUNG,SM-A075M,Unlock,"",bardha.korqaj@tenton.co,2026-07-16 17:23:43,2026-07-20 05:57:18,2026-07-23 17:22:34,"Credimas","","","",""
credimasbcs-prod,2378159714233742,351755484093079,,PREPAID,Active,2026-06-17 19:59:08,2026-06-17 20:02:00,KnoxGuard,SAMSUNG,SM-A075M,Reload,"",bardha.korqaj@tenton.co,2026-07-17 22:24:41,2026-07-19 22:24:40,2026-08-14 20:11:26,"Credimas","","","",""
credimasbcs-prod,2381107619559546,353485921954083,,PREPAID,Active,2026-06-21 17:29:11,2026-06-21 17:32:48,KnoxGuard,SAMSUNG,SM-A366E/DS,Unlock,"",bardha.korqaj@tenton.co,2026-07-13 12:30:55,2026-07-13 12:29:56,2026-07-20 12:28:40,"Credimas","","","",""
credimasbcs-prod,2382167000246776,862118080910109,,PREPAID,Active,2026-07-19 17:12:40,2026-07-19 17:46:02,G-LOCK,HONOR,LGN-LX3,Reload,"",bardha.korqaj@tenton.co,2026-07-19 18:10:55,2026-07-19 18:10:56,2026-07-26 18:10:39,"Credimas","","","",""
credimasbcs-prod,2390714135386442,353417142468502,,PREPAID,Active,2026-07-12 19:35:31,2026-07-12 19:56:20,Motosafe,MOTOROLA,XT2333-1,Unlock,"",bardha.korqaj@tenton.co,2026-07-17 20:04:19,2026-07-19 23:59:29,2026-07-23 10:24:29,"Credimas","","","",""
credimasbcs-prod,2397402386907511,355436691782293,,PREPAID,Active,2026-04-27 15:27:04,2026-04-27 15:31:35,KnoxGuard,SAMSUNG,SM-A165M,Reload,"",bardha.korqaj@tenton.co,2026-07-13 16:28:54,2026-07-15 16:34:17,2026-07-20 16:31:43,"Credimas","","","",""
credimasbcs-prod,2427310028823041,353270602642565,,PREPAID,Active,2026-06-27 19:41:30,2026-06-27 19:44:07,Motosafe,MOTOROLA,XT2425-1,Unlock,"",bardha.korqaj@tenton.co,2026-07-18 22:54:30,2026-07-19 10:23:15,2026-07-25 22:23:30,"Credimas","","","",""
credimasbcs-prod,2435881350014959,351755483394874,,PREPAID,Active,2026-06-08 13:56:34,2026-06-08 14:01:41,KnoxGuard,SAMSUNG,SM-A075M,Unlock,"",bardha.korqaj@tenton.co,2026-07-19 12:22:08,2026-07-19 20:21:27,2026-07-26 12:20:48,"Credimas","","","",""
credimasbcs-prod,2437882610184030,353417142470052,,PREPAID,Locked,2026-07-11 21:19:54,2026-07-11 21:39:52,Motosafe,MOTOROLA,XT2333-1,Lock,"",system@trustonic.com,2026-07-18 21:55:34,2026-07-19 18:59:21,2026-07-18 21:46:17,"Credimas","","","",""
credimasbcs-prod,2447821519831205,356034166271725,,PREPAID,Active,2026-06-15 20:28:26,2026-06-15 20:33:52,KnoxGuard,SAMSUNG,SM-A165M,Reload,"",bardha.korqaj@tenton.co,2026-07-18 06:57:29,2026-07-19 06:57:22,2026-07-27 20:38:33,"Credimas","","","",""
credimasbcs-prod,2456762423438925,355436691650391,,PREPAID,Active,2026-05-20 18:41:44,2026-05-20 18:50:55,KnoxGuard,SAMSUNG,SM-A165M,Reload,"",bardha.korqaj@tenton.co,2026-07-15 14:17:12,2026-05-23 10:29:39,2026-07-29 13:49:04,"Credimas","","","",""
credimasbcs-prod,2461957649545763,351351025173396,,PREPAID,Active,2026-05-06 14:42:50,2026-05-06 14:47:40,KnoxGuard,SAMSUNG,SM-A556E/DS,Reload,"",bardha.korqaj@tenton.co,2026-07-14 16:42:20,2026-07-15 16:44:19,2026-08-05 14:53:07,"Credimas","","","",""
credimasbcs-prod,2468665137923343,351460455013004,,PREPAID,Active,2026-05-18 19:37:36,2026-05-18 19:47:02,KnoxGuard,SAMSUNG,SM-A156M/DSN,Unlock,"",bardha.korqaj@tenton.co,2026-07-16 17:19:40,2026-07-19 20:27:29,2026-07-23 17:18:12,"Credimas","","","",""
credimasbcs-prod,2489366369274386,359679326515077,,PREPAID,Active,2026-06-21 14:08:50,2026-06-21 14:10:22,Motosafe,MOTOROLA,XT2343-1,Reload,"",bardha.korqaj@tenton.co,2026-07-09 15:17:58,2026-07-12 19:58:15,2026-07-26 15:30:58,"Credimas","","","",""
credimasbcs-prod,2489578079966837,351755483248898,,PREPAID,Active,2026-06-07 20:35:57,2026-06-07 20:36:30,KnoxGuard,SAMSUNG,SM-A075M,Reload,"",bardha.korqaj@tenton.co,2026-07-19 19:32:26,2026-07-19 19:32:12,2026-07-27 13:36:23,"Credimas","","","",""
credimasbcs-prod,2529120329038738,355436691796947,,PREPAID,Active,2026-06-20 19:52:24,2026-06-20 19:56:16,KnoxGuard,SAMSUNG,SM-A165M,Unlock,"",bardha.korqaj@tenton.co,2026-07-13 20:20:03,2026-07-15 14:23:16,2026-07-20 20:18:57,"Credimas","","","",""
credimasbcs-prod,2536128749116444,865756083438326,,PREPAID,Locked,2026-07-02 20:45:23,2026-07-02 20:51:02,G-LOCK,HONOR,NLA-LX3,Lock,"",system@trustonic.com,2026-07-09 21:25:39,2026-07-06 20:46:13,2026-07-09 21:19:20,"Credimas","","","",""
credimasbcs-prod,2539535822361652,353417142468494,,PREPAID,Locked,2026-07-12 19:27:30,2026-07-12 19:43:28,Motosafe,MOTOROLA,XT2333-1,Lock,"",system@trustonic.com,2026-07-19 19:55:36,2026-07-19 10:01:26,2026-07-19 19:48:56,"Credimas","","","",""
credimasbcs-prod,2545565072727135,350792390136974,,PREPAID,Active,2026-05-23 19:37:33,2026-05-23 19:39:44,G-LOCK,TECNO,LK7k,Reload,"",bardha.korqaj@tenton.co,2026-07-14 14:20:25,2026-07-15 14:20:29,2026-07-21 14:32:13,"Credimas","","","",""
credimasbcs-prod,2547389281002638,353417142468460,,PREPAID,Active,2026-07-15 20:44:09,2026-07-15 20:46:09,Motosafe,MOTOROLA,XT2333-1,Unlock,"",bardha.korqaj@tenton.co,2026-07-17 20:30:40,2026-07-19 20:33:00,2026-07-22 20:53:35,"Credimas","","","",""
credimasbcs-prod,2583788452611502,351755484964121,,PREPAID,Active,2026-06-29 18:05:57,2026-06-29 18:09:16,KnoxGuard,SAMSUNG,SM-A075M,Reload,"",bardha.korqaj@tenton.co,2026-07-13 12:24:51,2026-07-16 04:46:02,2026-07-27 11:34:38,"Credimas","","","",""
credimasbcs-prod,2637734062308037,351755482878836,,PREPAID,Active,2026-06-06 21:02:05,2026-06-06 21:05:12,KnoxGuard,SAMSUNG,SM-A075M,Reload,"",bardha.korqaj@tenton.co,2026-07-18 18:35:28,2026-07-19 19:56:13,2026-07-25 21:09:31,"Credimas","","","",""
credimasbcs-prod,2647770558202123,350525790826509,,PREPAID,Active,2026-05-10 17:06:15,2026-05-10 17:12:48,KnoxGuard,SAMSUNG,SM-A166M/DS,Reload,"",bardha.korqaj@tenton.co,2026-07-18 12:19:43,2026-07-19 12:18:48,2026-07-27 20:16:29,"Credimas","","","",""
credimasbcs-prod,2650082067551030,355436690283699,,PREPAID,Active,2026-07-12 20:26:56,2026-07-12 20:31:38,KnoxGuard,SAMSUNG,SM-A165M,Reload,"",bardha.korqaj@tenton.co,2026-07-19 20:26:06,2026-07-19 20:25:33,2026-07-26 20:34:56,"Credimas","","","",""
credimasbcs-prod,2651361953137469,356700840042373,,PREPAID,Active,2026-06-27 18:10:53,2026-06-27 18:11:56,KnoxGuard,SAMSUNG,SM-A366E/DS,Reload,"",bardha.korqaj@tenton.co,2026-07-18 11:04:38,2026-07-19 11:11:16,2026-07-25 18:29:27,"Credimas","","","",""
credimasbcs-prod,2653498076434302,355436691775560,,PREPAID,Active,2026-05-12 19:45:04,2026-05-12 19:49:48,KnoxGuard,SAMSUNG,SM-A165M,Unlock,"",bardha.korqaj@tenton.co,2026-07-15 20:16:32,2026-07-11 10:42:55,2026-07-22 20:15:21,"Credimas","","","",""
credimasbcs-prod,2661599540972878,352000538680194,,PREPAID,Locked,2026-07-07 20:43:38,2026-07-07 20:46:45,Motosafe,MOTOROLA,XT2341-2,Lock,"",system@trustonic.com,2026-07-14 20:55:33,2026-07-15 12:32:34,2026-07-14 20:52:41,"Credimas","","","",""
credimasbcs-prod,2670441023746187,354696572508395,,PREPAID,Active,2026-07-06 12:41:22,2026-07-06 12:44:32,Motosafe,MOTOROLA,XT2333-1,Unlock,"",bardha.korqaj@tenton.co,2026-07-13 15:08:49,2026-07-15 20:58:50,2026-07-20 14:56:43,"Credimas","","","",""
credimasbcs-prod,2678342145512097,350525790840062,,PREPAID,Active,2026-06-15 17:41:31,2026-06-15 17:48:17,KnoxGuard,SAMSUNG,SM-A166M/DS,Reload,"",bardha.korqaj@tenton.co,2026-07-17 15:18:40,2026-07-19 23:09:29,2026-08-10 18:49:04,"Credimas","","","",""
credimasbcs-prod,2689559413708823,355436691643925,,PREPAID,Active,2026-05-14 20:57:56,2026-05-14 21:02:55,KnoxGuard,SAMSUNG,SM-A165M,Reload,"",bardha.korqaj@tenton.co,2026-07-15 18:40:57,2026-07-15 18:40:16,2026-07-23 21:12:29,"Credimas","","","",""
credimasbcs-prod,2707939494559740,351755483393405,,PREPAID,Active,2026-07-16 16:19:27,2026-07-16 16:21:01,KnoxGuard,SAMSUNG,SM-A075M,Unlock,"",bardha.korqaj@tenton.co,2026-07-18 14:15:00,2026-07-19 06:37:01,2026-07-23 16:38:40,"Credimas","","","",""
credimasbcs-prod,2709697623026110,355250250478577,,PREPAID,Active,2026-06-27 19:31:16,2026-06-27 19:36:11,KnoxGuard,SAMSUNG,SM-A566E/DS,Unlock,"",bardha.korqaj@tenton.co,2026-07-17 21:34:00,2026-07-19 19:08:37,2026-07-24 21:32:43,"Credimas","","","",""
credimasbcs-prod,2714731567093992,355436691772781,,PREPAID,Active,2026-06-22 15:14:46,2026-06-22 15:20:54,KnoxGuard,SAMSUNG,SM-A165M,Unlock,"",bardha.korqaj@tenton.co,2026-07-16 23:47:30,2026-07-20 04:52:14,2026-07-23 23:46:20,"Credimas","","","",""
credimasbcs-prod,2716793795552079,353417142469773,,PREPAID,Active,2026-06-29 20:38:33,2026-06-29 20:41:53,Motosafe,MOTOROLA,XT2333-1,Reload,"",bardha.korqaj@tenton.co,2026-07-14 12:53:53,2026-07-15 13:56:03,2026-07-21 15:47:28,"Credimas","","","",""
credimasbcs-prod,2716820395435264,355436691649484,,PREPAID,Active,2026-05-21 19:40:26,2026-05-21 19:45:48,KnoxGuard,SAMSUNG,SM-A165M,Reload,"",bardha.korqaj@tenton.co,2026-07-17 18:38:24,2026-07-19 22:42:39,2026-07-24 22:07:48,"Credimas","","","",""
credimasbcs-prod,2721075124710001,354696573733455,,PREPAID,Active,2026-07-05 11:56:53,2026-07-05 13:55:38,Motosafe,MOTOROLA,XT2333-1,Unlock,"",bardha.korqaj@tenton.co,2026-07-13 16:28:39,2026-07-15 21:31:55,2026-07-20 16:28:31,"Credimas","","","",""
credimasbcs-prod,2734114484886335,351755483396028,,INVENTORY,Idle,2026-07-14 15:51:51,2026-07-14 15:55:29,KnoxGuard,SAMSUNG,SM-A075M,Deregister,"",bardha.korqaj@tenton.co,2026-07-14 17:47:25,,,"Credimas","","","",""
credimasbcs-prod,2739216115615061,355436691793696,,PREPAID,Active,2026-04-26 21:14:02,2026-04-26 21:18:38,KnoxGuard,SAMSUNG,SM-A165M,Reload,"",bardha.korqaj@tenton.co,2026-07-18 20:32:48,2026-07-19 20:35:46,2026-07-25 20:32:03,"Credimas","","","",""
credimasbcs-prod,2741624649884442,351755484090463,,PREPAID,Active,2026-06-04 18:05:12,2026-06-04 18:11:26,KnoxGuard,SAMSUNG,SM-A075M,Reload,"",bardha.korqaj@tenton.co,2026-07-16 18:47:33,2026-07-18 16:23:17,2026-07-23 19:18:33,"Credimas","","","",""
credimasbcs-prod,2745027295453331,353417142466613,,PREPAID,Locked,2026-07-17 19:58:17,2026-07-17 19:59:59,Motosafe,MOTOROLA,XT2333-1,Lock,"",bardha.korqaj@tenton.co,2026-07-19 18:31:15,2026-07-19 21:37:22,2026-07-19 18:26:00,"Credimas","","","",""
credimasbcs-prod,2761558261203729,353417142462695,,PREPAID,Active,2026-07-18 17:54:35,2026-07-18 18:00:27,Motosafe,MOTOROLA,XT2333-1,Reload,"",bardha.korqaj@tenton.co,2026-07-18 18:09:39,2026-07-18 18:09:41,2026-07-25 18:09:12,"Credimas","","","",""
credimasbcs-prod,2772841986328192,355436691647025,,PREPAID,Active,2026-06-26 20:36:10,2026-06-26 20:39:35,KnoxGuard,SAMSUNG,SM-A165M,Unlock,"",bardha.korqaj@tenton.co,2026-07-18 21:28:11,2026-07-19 21:27:54,2026-07-25 21:27:05,"Credimas","","","",""
credimasbcs-prod,2838472252367301,352000538674817,,PREPAID,Active,2026-07-16 13:03:31,2026-07-16 13:05:47,Motosafe,MOTOROLA,XT2341-2,Unlock,"",bardha.korqaj@tenton.co,2026-07-19 11:29:00,2026-07-20 00:06:57,2026-07-23 13:13:54,"Credimas","","","",""
credimasbcs-prod,2838592106649335,351755483163444,,PREPAID,Active,2026-05-16 21:05:56,2026-05-16 21:09:05,KnoxGuard,SAMSUNG,SM-A075M,Reload,"",bardha.korqaj@tenton.co,2026-07-18 14:54:30,2026-07-19 14:54:49,2026-07-25 21:18:24,"Credimas","","","",""
credimasbcs-prod,2857300160323175,863403082223381,,PREPAID,Active,2026-07-19 13:41:14,2026-07-19 13:44:18,G-LOCK,HONOR,ABR-LX3,Reload,"",bardha.korqaj@tenton.co,2026-07-19 13:48:41,2026-07-19 13:48:42,2026-07-26 13:48:35,"Credimas","","","",""
credimasbcs-prod,2872618173857692,351755482884917,,PREPAID,Locked,2026-05-04 19:59:00,2026-05-04 20:39:07,KnoxGuard,SAMSUNG,SM-A075M,Lock,"",system@trustonic.com,2026-07-18 10:52:50,2026-07-18 10:47:04,2026-07-18 10:41:15,"Credimas","","","",""
credimasbcs-prod,2875303750015796,350792390136578,,PREPAID,Active,2026-05-31 13:19:32,2026-05-31 13:22:00,G-LOCK,TECNO,LK7k,Reload,"",bardha.korqaj@tenton.co,2026-07-19 10:46:53,2026-07-19 10:46:54,2026-07-26 13:27:56,"Credimas","","","",""
credimasbcs-prod,2875428585080968,351755483365635,,PREPAID,Active,2026-06-01 18:50:35,2026-06-01 18:59:30,KnoxGuard,SAMSUNG,SM-A075M,Reload,"",bardha.korqaj@tenton.co,2026-07-12 18:32:21,2026-07-12 18:31:49,2026-07-20 19:44:21,"Credimas","","","",""
credimasbcs-prod,2885759964512199,353417142466738,,PREPAID,Locked,2026-07-12 19:10:25,2026-07-12 19:40:53,Motosafe,MOTOROLA,XT2333-1,Lock,"",system@trustonic.com,2026-07-19 19:55:32,2026-07-17 18:02:56,2026-07-19 19:51:32,"Credimas","","","",""
credimasbcs-prod,2913680279489609,357617702571829,,PREPAID,Active,2026-05-08 21:04:18,2026-05-08 21:05:56,KnoxGuard,SAMSUNG,SM-A266M/DS,Reload,"",bardha.korqaj@tenton.co,2026-07-18 15:18:45,2026-07-19 16:52:29,2026-07-26 18:53:33,"Credimas","","","",""
credimasbcs-prod,2931592005427608,356034168519451,,PREPAID,Locked,2026-07-05 10:52:00,2026-07-05 10:57:27,KnoxGuard,SAMSUNG,SM-A165M,Lock,"",system@trustonic.com,2026-07-19 13:02:40,2026-07-19 12:58:50,2026-07-19 12:56:48,"Credimas","","","",""
credimasbcs-prod,2933320788223680,351755483743690,,PREPAID,Released,2026-06-17 15:29:39,2026-06-17 15:34:39,KnoxGuard,SAMSUNG,SM-A075M,Release,"",bardha.korqaj@tenton.co,2026-07-08 15:31:48,2026-07-08 15:29:38,2026-08-26 18:23:10,"Credimas","","","",""
credimasbcs-prod,2939598904851897,359679326605332,,PREPAID,Active,2026-04-30 13:42:36,2026-04-30 13:43:50,Motosafe,MOTOROLA,XT2343-1,Reload,"",bardha.korqaj@tenton.co,2026-07-15 18:54:00,2026-07-15 18:54:02,2026-07-23 13:53:00,"Credimas","","","",""
credimasbcs-prod,2973819265969519,352000537380416,,PREPAID,Active,2026-07-10 11:35:51,2026-07-10 11:44:00,Motosafe,MOTOROLA,XT2341-2,Unlock,"",bardha.korqaj@tenton.co,2026-07-18 17:11:33,2026-07-19 16:14:06,2026-07-25 17:11:23,"Credimas","","","",""
credimasbcs-prod,2976925535878377,353417142463628,,PREPAID,Active,2026-07-13 19:49:26,2026-07-13 19:56:38,Motosafe,MOTOROLA,XT2333-1,Reload,"",bardha.korqaj@tenton.co,2026-07-18 15:44:34,2026-07-19 02:06:52,2026-07-27 20:02:23,"Credimas","","","",""
credimasbcs-prod,2980048499095127,355436691795030,,PREPAID,Active,2026-05-12 16:03:23,2026-05-14 18:39:26,KnoxGuard,SAMSUNG,SM-A165M,Unlock,"",bardha.korqaj@tenton.co,2026-07-13 19:04:49,2026-07-15 11:14:21,2026-07-20 19:03:48,"Credimas","","","",""
credimasbcs-prod,2980374524266852,351755482134842,,PREPAID,Active,2026-04-20 17:41:58,2026-04-20 17:43:57,KnoxGuard,SAMSUNG,SM-A075M,Reload,"",bardha.korqaj@tenton.co,2026-07-15 11:38:34,2026-07-15 12:04:48,2026-07-29 11:35:49,"Credimas","","","",""
credimasbcs-prod,2984160140933484,357617700337314,,PREPAID,Active,2026-06-20 16:39:26,2026-06-20 16:42:28,KnoxGuard,SAMSUNG,SM-A266M/DS,Reload,"",bardha.korqaj@tenton.co,2026-07-17 20:57:49,2026-07-19 20:58:09,2026-07-25 17:07:29,"Credimas","","","",""
credimasbcs-prod,2988636734663132,351755484140664,,PREPAID,Active,2026-07-18 16:32:44,2026-07-18 16:37:17,KnoxGuard,SAMSUNG,SM-A075M,Reload,"",bardha.korqaj@tenton.co,2026-07-18 16:48:04,2026-07-18 20:39:09,2026-07-25 16:46:34,"Credimas","","","",""
credimasbcs-prod,2989352656216009,355250250457514,,PREPAID,Active,2026-06-09 21:15:02,2026-06-09 21:18:14,KnoxGuard,SAMSUNG,SM-A566E/DS,Reload,"",bardha.korqaj@tenton.co,2026-07-19 12:37:47,2026-07-19 12:37:29,2026-07-28 21:24:48,"Credimas","","","",""
credimasbcs-prod,3003655299562304,351755482182130,,PREPAID,Active,2026-05-04 17:50:45,2026-05-04 17:53:15,KnoxGuard,SAMSUNG,SM-A075M,Reload,"",bardha.korqaj@tenton.co,2026-07-15 17:59:27,2026-07-15 17:59:07,2026-07-22 18:53:32,"Credimas","","","",""
credimasbcs-prod,3019088730762604,351755481142796,,PREPAID,Active,2026-06-13 15:07:39,2026-06-13 15:09:21,KnoxGuard,SAMSUNG,SM-A075M,Reload,"",bardha.korqaj@tenton.co,2026-07-18 15:50:32,2026-07-20 03:51:02,2026-07-25 15:49:33,"Credimas","","","",""
credimasbcs-prod,3026750135086443,350792390144523,,PREPAID,Active,2026-07-11 20:52:47,2026-07-11 21:17:43,G-LOCK,TECNO,LK7k,Unlock,"",bardha.korqaj@tenton.co,2026-07-19 14:55:36,2026-07-19 14:55:36,2026-07-26 13:14:11,"Credimas","","","",""
credimasbcs-prod,3034097205206027,865092084831271,,PREPAID,Active,2026-05-29 19:49:18,2026-05-29 19:52:57,G-LOCK,HONOR,BRP-NX3,Reload,"",bardha.korqaj@tenton.co,2026-07-17 18:31:45,2026-07-20 00:19:30,2026-07-25 15:25:15,"Credimas","","","",""
credimasbcs-prod,3039497062055432,351755483502930,,PREPAID,Active,2026-05-23 16:43:19,2026-05-23 16:49:29,KnoxGuard,SAMSUNG,SM-A075M,Reload,"",bardha.korqaj@tenton.co,2026-07-18 15:58:48,2026-07-19 15:58:48,2026-07-27 18:57:10,"Credimas","","","",""
credimasbcs-prod,3043574734459047,355436691648098,,PREPAID,Active,2026-05-13 13:15:54,2026-05-13 13:20:39,KnoxGuard,SAMSUNG,SM-A165M,Unlock,"",bardha.korqaj@tenton.co,2026-07-16 21:35:22,2026-07-20 05:23:43,2026-07-23 21:34:29,"Credimas","","","",""
credimasbcs-prod,3045502444448726,356034166295690,,PREPAID,Active,2026-06-06 15:41:58,2026-06-06 15:45:24,KnoxGuard,SAMSUNG,SM-A165M,Reload,"",bardha.korqaj@tenton.co,2026-07-18 15:30:01,2026-07-20 01:34:50,2026-07-26 14:14:57,"Credimas","","","",""
credimasbcs-prod,3046870050797076,350792390128104,,PREPAID,Active,2026-07-16 14:37:35,2026-07-16 14:40:14,G-LOCK,TECNO,LK7k,Reload,"",bardha.korqaj@tenton.co,2026-07-16 14:56:20,2026-07-19 16:13:40,2026-07-23 14:56:13,"Credimas","","","",""
credimasbcs-prod,3047382808992999,351755483362665,,PREPAID,Active,2026-06-29 19:28:10,2026-06-29 19:32:34,KnoxGuard,SAMSUNG,SM-A075M,Reload,"",bardha.korqaj@tenton.co,2026-07-14 16:21:13,2026-07-15 16:20:50,2026-07-28 15:55:17,"Credimas","","","",""
credimasbcs-prod,3049755176754747,354499630543557,,INVENTORY,Idle,2026-07-13 13:06:05,2026-07-13 13:12:05,KnoxGuard,SAMSUNG,SM-A175F,Deregister,"",bardha.korqaj@tenton.co,2026-07-15 03:18:08,,,"Credimas","","","",""
credimasbcs-prod,3062233260472633,350601365968156,,PREPAID,Active,2026-05-09 19:08:30,2026-05-09 19:14:01,KnoxGuard,SAMSUNG,SM-A266M/DS,Unlock,"",bardha.korqaj@tenton.co,2026-07-13 14:32:09,2026-07-16 07:51:52,2026-07-20 14:30:26,"Credimas","","","",""
credimasbcs-prod,3086917749271675,351755481925232,,PREPAID,Locked,2026-04-23 13:03:18,2026-04-26 20:03:00,KnoxGuard,SAMSUNG,SM-A075M,Lock,"",system@trustonic.com,2026-07-14 19:55:33,2026-07-09 19:48:40,2026-07-14 19:46:01,"Credimas","","","",""
credimasbcs-prod,3111204675343808,350792390139259,,PREPAID,Active,2026-05-31 14:03:10,2026-05-31 14:05:24,G-LOCK,TECNO,LK7k,Unlock,"",bardha.korqaj@tenton.co,2026-07-13 13:35:30,2026-07-15 13:39:32,2026-07-20 13:32:36,"Credimas","","","",""
credimasbcs-prod,3113862947483752,354499630104103,,PREPAID,Locked,2026-06-28 18:26:01,2026-06-28 18:31:14,KnoxGuard,SAMSUNG,SM-A175F,Lock,"",system@trustonic.com,2026-07-12 18:55:40,2026-07-12 18:55:21,2026-07-12 18:42:09,"Credimas","","","",""
credimasbcs-prod,3114109005298033,356241326609609,,PREPAID,Active,2026-06-13 20:17:52,2026-06-13 20:21:19,KnoxGuard,SAMSUNG,SM-A245M/N,Unlock,"",bardha.korqaj@tenton.co,2026-07-19 12:47:38,2026-07-19 12:47:33,2026-07-26 12:46:15,"Credimas","","","",""
credimasbcs-prod,3125206077520551,356214264331916,,PREPAID,Locked,2026-06-19 17:09:01,2026-06-19 17:11:15,Motosafe,MOTOROLA,XT2363-1,Lock,"",system@trustonic.com,2026-07-07 12:40:48,2026-07-06 19:58:15,2026-07-07 12:30:32,"Credimas","","","",""
credimasbcs-prod,3126096933539025,351755484932771,,PREPAID,Active,2026-06-15 18:36:38,2026-06-15 18:41:20,KnoxGuard,SAMSUNG,SM-A075M,Reload,"",bardha.korqaj@tenton.co,2026-07-13 18:38:56,2026-07-15 18:38:36,2026-07-20 18:46:24,"Credimas","","","",""
credimasbcs-prod,3132823431054575,353181615439719,,PREPAID,Active,2026-06-06 17:32:49,2026-06-06 17:37:25,KnoxGuard,SAMSUNG,SM-A175F,Unlock,"",bardha.korqaj@tenton.co,2026-07-16 18:02:26,2026-07-19 17:31:14,2026-07-23 18:01:10,"Credimas","","","",""
credimasbcs-prod,3139209569192905,353270602672786,,PREPAID,Active,2026-06-19 20:52:31,2026-06-19 21:04:23,Motosafe,MOTOROLA,XT2425-1,Reload,"",bardha.korqaj@tenton.co,2026-07-18 15:16:16,2026-07-19 15:16:54,2026-07-25 15:18:02,"Credimas","","","",""
credimasbcs-prod,3156783450117402,353270602651731,,PREPAID,Active,2026-06-27 15:01:33,2026-06-27 15:03:47,Motosafe,MOTOROLA,XT2425-1,Unlock,"",bardha.korqaj@tenton.co,2026-07-19 14:21:25,2026-07-19 14:21:25,2026-07-26 14:08:06,"Credimas","","","",""
credimasbcs-prod,3159220346170252,354499630616338,,PREPAID,Active,2026-05-14 12:46:51,2026-05-14 12:52:55,KnoxGuard,SAMSUNG,SM-A175F,Unlock,"",bardha.korqaj@tenton.co,2026-07-16 16:46:27,2026-07-19 16:46:40,2026-07-23 16:45:28,"Credimas","","","",""
credimasbcs-prod,3166793384272112,356034168519568,,PREPAID,Active,2026-05-31 19:02:35,2026-05-31 19:07:31,KnoxGuard,SAMSUNG,SM-A165M,Unlock,"",bardha.korqaj@tenton.co,2026-07-15 20:11:04,2026-07-16 04:51:42,2026-07-22 20:10:06,"Credimas","","","",""
credimasbcs-prod,3183035081029735,351755482824541,,PREPAID,Active,2026-05-19 15:58:32,2026-05-19 16:02:49,KnoxGuard,SAMSUNG,SM-A075M,Reload,"",bardha.korqaj@tenton.co,2026-07-11 17:42:22,2026-07-12 17:42:00,2026-07-21 16:09:48,"Credimas","","","",""
credimasbcs-prod,3191778663884770,353181615604213,,PREPAID,Active,2026-07-07 11:35:30,2026-07-07 11:41:30,KnoxGuard,SAMSUNG,SM-A175F,Unlock,"",bardha.korqaj@tenton.co,2026-07-14 13:39:45,2026-07-15 13:53:19,2026-07-21 13:38:00,"Credimas","","","",""
credimasbcs-prod,3210051657934215,351755482883042,,PREPAID,Active,2026-06-22 18:43:41,2026-06-22 18:46:53,KnoxGuard,SAMSUNG,SM-A075M,Reload,"",bardha.korqaj@tenton.co,2026-07-12 22:25:29,2026-07-12 22:24:36,2026-07-20 22:20:13,"Credimas","","","",""
credimasbcs-prod,3215468278127518,353417142464782,,PREPAID,Active,2026-07-18 14:47:29,2026-07-18 14:53:46,Motosafe,MOTOROLA,XT2333-1,Reload,"",bardha.korqaj@tenton.co,2026-07-18 14:57:55,2026-07-19 14:46:02,2026-07-25 14:57:49,"Credimas","","","",""
credimasbcs-prod,3222885655241097,353485921636581,,PREPAID,Active,2026-06-30 20:06:06,2026-06-30 20:09:31,KnoxGuard,SAMSUNG,SM-A366E/DS,Unlock,"",bardha.korqaj@tenton.co,2026-07-19 20:08:49,2026-07-20 00:05:36,2026-07-26 20:08:01,"Credimas","","","",""
credimasbcs-prod,3238013660884867,351755483159350,,PREPAID,Active,2026-05-23 19:19:42,2026-05-23 19:23:38,KnoxGuard,SAMSUNG,SM-A075M,Reload,"",bardha.korqaj@tenton.co,2026-07-17 17:52:12,2026-07-19 17:54:49,2026-07-25 19:36:21,"Credimas","","","",""
credimasbcs-prod,3239184343589027,865092084951541,,PREPAID,Active,2026-07-18 19:15:38,2026-07-18 19:19:14,G-LOCK,HONOR,BRP-NX3,Reload,"",bardha.korqaj@tenton.co,2026-07-18 19:23:49,2026-07-19 19:29:51,2026-07-25 19:23:40,"Credimas","","","",""
credimasbcs-prod,3241440964256540,352041715021596,,PREPAID,Active,2026-07-05 18:52:08,2026-07-05 18:52:19,KnoxGuard,SAMSUNG,SM-A366E/DS,Reload,"",bardha.korqaj@tenton.co,2026-07-19 19:26:46,2026-07-19 19:26:49,2026-07-26 19:45:19,"Credimas","","","",""
credimasbcs-prod,3242502405900649,353417142469930,,PREPAID,Active,2026-06-27 19:40:00,2026-06-27 19:41:49,Motosafe,MOTOROLA,XT2333-1,Unlock,"",bardha.korqaj@tenton.co,2026-07-18 22:19:18,2026-07-19 22:29:02,2026-07-25 22:11:37,"Credimas","","","",""
credimasbcs-prod,3298881979401217,354499630088686,,PREPAID,Locked,2026-06-17 13:11:31,2026-06-17 13:17:58,KnoxGuard,SAMSUNG,SM-A175F,Lock,"",system@trustonic.com,2026-07-01 14:10:44,2026-06-27 21:17:07,2026-07-01 13:58:26,"Credimas","","","",""
credimasbcs-prod,3300241013488301,356034166291277,,PREPAID,Active,2026-06-20 17:56:19,2026-06-20 17:59:39,KnoxGuard,SAMSUNG,SM-A165M,Reload,"",bardha.korqaj@tenton.co,2026-07-18 15:22:12,2026-07-19 20:29:44,2026-07-25 19:22:34,"Credimas","","","",""
credimasbcs-prod,3311326336650118,353181615772564,,PREPAID,Locked,2026-05-09 15:49:19,2026-05-10 13:01:11,KnoxGuard,SAMSUNG,SM-A175F,Lock,"",system@trustonic.com,2026-07-10 17:55:37,2026-07-10 17:55:33,2026-07-10 17:55:05,"Credimas","","","",""
credimasbcs-prod,3311701330080821,351755484097625,,PREPAID,Active,2026-05-16 16:52:26,2026-05-16 16:56:22,KnoxGuard,SAMSUNG,SM-A075M,Reload,"",bardha.korqaj@tenton.co,2026-07-19 12:06:29,2026-07-19 12:06:12,2026-07-26 13:38:54,"Credimas","","","",""
credimasbcs-prod,3322969670246703,356034165882324,,PREPAID,Active,2026-07-09 13:43:04,2026-07-09 13:46:31,KnoxGuard,SAMSUNG,SM-A165M,Reload,"",bardha.korqaj@tenton.co,2026-07-16 13:40:26,2026-07-19 13:40:03,2026-07-23 13:50:50,"Credimas","","","",""
credimasbcs-prod,3370084876091612,350525790887394,,PREPAID,Active,2026-06-10 12:23:45,2026-06-10 12:29:03,KnoxGuard,SAMSUNG,SM-A166M/DS,Unlock,"",bardha.korqaj@tenton.co,2026-07-16 11:16:36,2026-07-19 08:33:09,2026-07-23 11:14:58,"Credimas","","","",""
credimasbcs-prod,3380473019095897,352000538956271,,PREPAID,Active,2026-07-14 15:10:06,2026-07-14 15:12:00,Motosafe,MOTOROLA,XT2341-2,Unlock,"",bardha.korqaj@tenton.co,2026-07-16 15:52:54,2026-07-20 02:33:56,2026-07-21 15:19:49,"Credimas","","","",""
credimasbcs-prod,3384268144342296,350525790844015,,PREPAID,Active,2026-07-11 20:15:29,2026-07-11 20:20:42,KnoxGuard,SAMSUNG,SM-A166M/DS,Reload,"",bardha.korqaj@tenton.co,2026-07-18 19:43:48,2026-07-19 23:04:01,2026-07-25 20:26:55,"Credimas","","","",""
credimasbcs-prod,3428817549105319,351755483158220,,PREPAID,Active,2026-05-02 09:53:35,2026-05-02 09:57:43,KnoxGuard,SAMSUNG,SM-A075M,Unlock,"",bardha.korqaj@tenton.co,2026-07-18 16:48:18,2026-07-19 09:27:31,2026-07-25 16:47:04,"Credimas","","","",""
credimasbcs-prod,3432067528948702,351755483448894,,PREPAID,Active,2026-05-15 20:49:50,2026-05-15 20:56:05,KnoxGuard,SAMSUNG,SM-A075M,Unlock,"",bardha.korqaj@tenton.co,2026-07-15 18:18:32,2026-07-15 18:19:16,2026-07-22 18:17:19,"Credimas","","","",""
credimasbcs-prod,3435822060661646,355436691783796,,PREPAID,Active,2026-07-03 14:46:14,2026-07-03 14:54:41,KnoxGuard,SAMSUNG,SM-A165M,Reload,"",bardha.korqaj@tenton.co,2026-07-17 01:29:00,2026-07-20 06:06:17,2026-07-24 15:10:23,"Credimas","","","",""
credimasbcs-prod,3452946307578908,357617702562356,,PREPAID,Locked,2026-05-10 10:55:19,2026-05-10 10:58:36,KnoxGuard,SAMSUNG,SM-A266M/DS,Lock,"",system@trustonic.com,2026-07-14 15:25:36,2026-07-13 18:27:47,2026-07-14 15:21:27,"Credimas","","","",""
credimasbcs-prod,3476096929164190,356034168526670,,PREPAID,Active,2026-05-31 20:30:16,2026-05-31 20:37:16,KnoxGuard,SAMSUNG,SM-A165M,Reload,"",bardha.korqaj@tenton.co,2026-07-19 22:17:03,2026-07-19 22:16:31,2026-07-26 23:21:04,"Credimas","","","",""
credimasbcs-prod,3481051286800752,355708562762038,355769802762030,PREPAID,Active,2026-07-11 17:39:49,2026-07-11 17:47:07,KnoxGuard,SAMSUNG,SM-A576B/DS,Unlock,"",bardha.korqaj@tenton.co,2026-07-19 14:00:15,2026-07-19 19:59:51,2026-07-26 13:59:21,"Credimas","","","",""
credimasbcs-prod,3489236839324337,355250250476647,,PREPAID,Active,2026-05-10 15:31:16,2026-05-10 15:33:51,KnoxGuard,SAMSUNG,SM-A566E/DS,Reload,"",bardha.korqaj@tenton.co,2026-07-19 13:11:32,2026-07-19 13:11:44,2026-07-26 15:42:54,"Credimas","","","",""
credimasbcs-prod,3491650485614757,356034166354265,,PREPAID,Active,2026-06-18 11:10:29,2026-06-18 11:22:04,KnoxGuard,SAMSUNG,SM-A165M,Reload,"",bardha.korqaj@tenton.co,2026-07-15 20:38:19,2026-07-15 20:37:58,2026-07-23 11:27:54,"Credimas","","","",""
credimasbcs-prod,3500990174589387,356034166875756,,PREPAID,Active,2026-07-17 12:08:51,2026-07-17 12:12:45,KnoxGuard,SAMSUNG,SM-A165M,Unlock,"",bardha.korqaj@tenton.co,2026-07-19 21:09:11,2026-07-19 21:09:43,2026-07-24 12:22:34,"Credimas","","","",""
credimasbcs-prod,3502529303982062,356034166908078,,PREPAID,Active,2026-07-08 10:54:30,2026-07-08 10:59:22,KnoxGuard,SAMSUNG,SM-A165M,Unlock,"",bardha.korqaj@tenton.co,2026-07-15 13:34:46,2026-07-15 13:33:44,2026-07-22 13:32:49,"Credimas","","","",""
credimasbcs-prod,3505022809738190,355436691243981,,PREPAID,Active,2026-07-14 14:09:31,2026-07-14 14:14:10,KnoxGuard,SAMSUNG,SM-A165M,Reload,"",bardha.korqaj@tenton.co,2026-07-14 14:23:45,2026-07-15 15:38:11,2026-07-21 14:22:25,"Credimas","","","",""
credimasbcs-prod,3530005630378964,351755482911629,,PREPAID,Locked,2026-05-07 11:54:05,2026-05-07 12:03:04,KnoxGuard,SAMSUNG,SM-A075M,Lock,"",system@trustonic.com,2026-07-16 17:10:35,2026-07-16 02:08:47,2026-07-16 16:55:57,"Credimas","","","",""
credimasbcs-prod,3533412933617733,862118080926006,,PREPAID,Active,2026-06-29 20:32:57,2026-06-29 20:37:05,G-LOCK,HONOR,LGN-LX3,Reload,"",bardha.korqaj@tenton.co,2026-07-17 20:11:52,2026-07-19 20:16:12,2026-07-27 20:42:09,"Credimas","","","",""
credimasbcs-prod,3558550862421778,353417142469849,,PREPAID,Locked,2026-06-29 11:58:49,2026-06-29 12:01:52,Motosafe,MOTOROLA,XT2333-1,Lock,"",system@trustonic.com,2026-07-14 15:40:34,2026-07-15 08:17:11,2026-07-14 15:36:04,"Credimas","","","",""
credimasbcs-prod,3574431096935138,355436691794298,,PREPAID,Active,2026-05-16 19:05:14,2026-05-16 19:23:26,KnoxGuard,SAMSUNG,SM-A165M,Reload,"",bardha.korqaj@tenton.co,2026-07-17 23:19:37,2026-07-19 23:19:23,2026-07-25 19:28:24,"Credimas","","","",""
credimasbcs-prod,3590182295003850,351755482891243,,PREPAID,Active,2026-04-30 18:44:31,2026-04-30 18:48:33,KnoxGuard,SAMSUNG,SM-A075M,Unlock,"",bardha.korqaj@tenton.co,2026-07-13 10:22:29,2026-07-15 10:29:54,2026-07-20 10:19:56,"Credimas","","","",""
credimasbcs-prod,3590969701693566,350901800550472,,PREPAID,Active,2026-06-23 10:39:04,2026-06-23 10:40:50,KnoxGuard,SAMSUNG,SM-A175F/DS,Reload,"",bardha.korqaj@tenton.co,2026-07-13 19:30:13,2026-07-15 15:35:40,2026-07-21 15:34:41,"Credimas","","","",""
credimasbcs-prod,3593069231924290,355708562803196,355769802803198,INVENTORY,Idle,2026-07-11 16:37:30,2026-07-11 16:47:25,KnoxGuard,SAMSUNG,SM-A576B/DS,Deregister,"",bardha.korqaj@tenton.co,2026-07-11 17:38:18,,,"Credimas","","","",""
credimasbcs-prod,3607315534000034,353181615608479,,PREPAID,Active,2026-06-20 12:41:32,2026-06-20 12:51:43,KnoxGuard,SAMSUNG,SM-A175F,Reload,"",bardha.korqaj@tenton.co,2026-07-17 21:09:31,2026-07-19 10:22:54,2026-07-25 13:08:40,"Credimas","","","",""
credimasbcs-prod,3608572112066676,355436690425936,,PREPAID,Active,2026-05-26 15:11:59,2026-05-26 15:17:48,KnoxGuard,SAMSUNG,SM-A165M,Unlock,"",bardha.korqaj@tenton.co,2026-07-19 14:50:15,2026-07-19 14:49:45,2026-07-26 14:49:16,"Credimas","","","",""
credimasbcs-prod,3619204738873242,352041714140710,,PREPAID,Active,2026-07-02 19:43:00,2026-07-02 19:46:44,KnoxGuard,SAMSUNG,SM-A366E/DS,Unlock,"",bardha.korqaj@tenton.co,2026-07-16 20:36:25,2026-07-19 22:03:17,2026-07-23 20:35:20,"Credimas","","","",""
credimasbcs-prod,3646939725963170,354499630415780,,PREPAID,Active,2026-06-01 14:24:02,2026-06-01 14:30:11,KnoxGuard,SAMSUNG,SM-A175F,Reload,"",bardha.korqaj@tenton.co,2026-07-13 13:16:32,2026-07-16 02:06:04,2026-07-20 15:18:57,"Credimas","","","",""
credimasbcs-prod,3658841349616842,353018990213832,,PREPAID,Locked,2026-05-15 12:45:06,2026-05-15 12:52:19,KnoxGuard,SAMSUNG,SM-A356E/DS,Lock,"",system@trustonic.com,2026-07-18 20:22:39,2026-07-18 20:18:47,2026-07-18 20:17:50,"Credimas","","","",""
credimasbcs-prod,3659662662121973,355436691793480,,PREPAID,Locked,2026-07-06 12:11:48,2026-07-06 12:15:10,KnoxGuard,SAMSUNG,SM-A165M,Lock,"",system@trustonic.com,2026-07-13 12:32:17,2026-07-13 12:31:31,2026-07-13 12:28:40,"Credimas","","","",""
credimasbcs-prod,3662531867853190,350525790841516,,PREPAID,Locked,2026-05-11 13:55:34,2026-05-11 14:00:10,KnoxGuard,SAMSUNG,SM-A166M/DS,Lock,"",system@trustonic.com,2026-07-13 23:55:42,2026-07-13 06:00:26,2026-07-13 23:53:47,"Credimas","","","",""
credimasbcs-prod,3668572546595427,350792390118782,,PREPAID,Active,2026-07-15 15:50:22,2026-07-15 15:52:24,G-LOCK,TECNO,LK7k,Unlock,"",bardha.korqaj@tenton.co,2026-07-18 14:09:35,2026-07-19 14:20:09,2026-07-22 16:08:49,"Credimas","","","",""
credimasbcs-prod,3678470563161407,354499630083190,,PREPAID,Active,2026-05-23 19:53:07,2026-05-23 19:56:55,KnoxGuard,SAMSUNG,SM-A175F,Reload,"",bardha.korqaj@tenton.co,2026-07-19 12:15:29,2026-07-19 12:45:20,2026-07-27 17:21:30,"Credimas","","","",""
credimasbcs-prod,3681989552511670,353417142469971,,PREPAID,Active,2026-07-19 15:32:44,2026-07-19 15:41:08,Motosafe,MOTOROLA,XT2333-1,Reload,"",bardha.korqaj@tenton.co,2026-07-19 15:48:04,2026-07-19 15:48:06,2026-07-26 15:47:59,"Credimas","","","",""
credimasbcs-prod,3702413080837923,352000537400396,,PREPAID,Active,2026-07-19 18:58:03,2026-07-19 19:02:53,Motosafe,MOTOROLA,XT2341-2,Reload,"",bardha.korqaj@tenton.co,2026-07-19 19:08:11,2026-07-19 19:09:48,2026-07-26 19:07:58,"Credimas","","","",""
credimasbcs-prod,3708031446711901,351755483376517,,PREPAID,Active,2026-06-05 18:20:16,2026-06-05 18:25:09,KnoxGuard,SAMSUNG,SM-A075M,Reload,"",bardha.korqaj@tenton.co,2026-07-18 18:55:52,2026-07-19 21:57:30,2026-07-25 23:11:46,"Credimas","","","",""
credimasbcs-prod,3708535724619961,865092084830596,,PREPAID,Active,2026-06-04 12:19:10,2026-06-04 12:21:35,G-LOCK,HONOR,BRP-NX3,Reload,"",bardha.korqaj@tenton.co,2026-07-16 12:35:24,2026-07-19 14:47:41,2026-07-23 13:01:53,"Credimas","","","",""
credimasbcs-prod,3718381411542543,353417142473403,,INVENTORY,Idle,2026-05-10 13:09:59,2026-05-10 13:19:05,Motosafe,MOTOROLA,XT2333-1,Deregister,"",bardha.korqaj@tenton.co,2026-07-17 03:24:30,2026-07-17 08:16:22,,"Credimas","","","",""
credimasbcs-prod,3727602911924306,356034168522208,,PREPAID,Active,2026-06-02 12:02:20,2026-06-02 12:18:02,KnoxGuard,SAMSUNG,SM-A165M,Reload,"",bardha.korqaj@tenton.co,2026-07-19 14:06:06,2026-07-19 14:05:50,2026-07-26 15:04:53,"Credimas","","","",""
credimasbcs-prod,3729665116572917,350525790824231,,PREPAID,Active,2026-05-10 18:29:33,2026-05-10 18:31:21,KnoxGuard,SAMSUNG,SM-A166M/DS,Unlock,"",bardha.korqaj@tenton.co,2026-07-18 08:27:42,2026-07-19 08:28:30,2026-07-25 08:26:25,"Credimas","","","",""
credimasbcs-prod,3753481560925659,351755482138512,,PREPAID,Active,2026-05-01 14:38:33,2026-05-01 14:51:58,KnoxGuard,SAMSUNG,SM-A075M,Reload,"",bardha.korqaj@tenton.co,2026-07-18 20:49:04,2026-07-19 11:57:10,2026-07-26 17:02:00,"Credimas","","","",""
credimasbcs-prod,3759729029756183,353417142465334,,PREPAID,Locked,2026-06-29 11:41:44,2026-06-29 11:45:46,Motosafe,MOTOROLA,XT2333-1,Lock,"",system@trustonic.com,2026-07-06 12:10:51,2026-07-11 15:02:27,2026-07-06 12:02:40,"Credimas","","","",""
credimasbcs-prod,3826346725798908,350525790835385,,PREPAID,Active,2026-05-14 14:53:00,2026-05-14 14:59:30,KnoxGuard,SAMSUNG,SM-A166M/DS,Unlock,"",bardha.korqaj@tenton.co,2026-07-17 13:37:19,2026-07-17 18:25:57,2026-07-24 13:35:07,"Credimas","","","",""
credimasbcs-prod,3832012904894048,353417142464774,,PREPAID,Active,2026-07-17 11:58:20,2026-07-17 12:07:45,Motosafe,MOTOROLA,XT2333-1,Unlock,"",bardha.korqaj@tenton.co,2026-07-19 10:47:25,2026-07-19 10:47:26,2026-07-24 12:17:05,"Credimas","","","",""
credimasbcs-prod,3847964112316468,359679326530233,,PREPAID,Locked,2026-07-04 13:34:23,2026-07-04 13:36:34,Motosafe,MOTOROLA,XT2343-1,Lock,"",system@trustonic.com,2026-07-19 20:55:34,2026-07-14 17:09:45,2026-07-19 20:52:35,"Credimas","","","",""
credimasbcs-prod,3870353096146255,353181615608461,,PREPAID,Active,2026-05-29 18:55:28,2026-05-29 18:59:52,KnoxGuard,SAMSUNG,SM-A175F,Reload,"",bardha.korqaj@tenton.co,2026-07-15 20:08:15,2026-07-15 20:07:44,2026-07-24 19:09:49,"Credimas","","","",""
credimasbcs-prod,3880987479103747,350525790902144,,PREPAID,Active,2026-05-03 17:54:19,2026-05-03 17:59:03,KnoxGuard,SAMSUNG,SM-A166M/DS,Reload,"",bardha.korqaj@tenton.co,2026-07-13 08:44:35,2026-07-15 09:56:00,2026-07-20 08:58:14,"Credimas","","","",""
credimasbcs-prod,3883821725433625,359679326461470,,PREPAID,Active,2026-06-01 21:20:05,2026-06-01 21:22:57,Motosafe,MOTOROLA,XT2343-1,Reload,"",bardha.korqaj@tenton.co,2026-07-13 15:34:57,2026-07-15 15:40:55,2026-07-20 21:45:10,"Credimas","","","",""
credimasbcs-prod,3903500100119329,354696573731020,,PREPAID,Ready For Use,2026-07-11 17:20:34,,Motosafe,MOTOROLA,XT2333-1,Register,"",bardha.korqaj@tenton.co,2026-07-11 17:20:34,,,"Credimas","","","",""
credimasbcs-prod,3919329786968665,351755483240499,,PREPAID,Active,2026-05-23 19:34:01,2026-05-23 19:40:06,KnoxGuard,SAMSUNG,SM-A075M,Reload,"",bardha.korqaj@tenton.co,2026-07-18 16:00:25,2026-07-18 16:00:59,2026-07-25 16:34:12,"Credimas","","","",""
credimasbcs-prod,3925051742063899,359679326204037,,PREPAID,Active,2026-05-04 18:31:23,2026-05-08 12:16:04,Motosafe,MOTOROLA,XT2343-1,Unlock,"",bardha.korqaj@tenton.co,2026-07-18 16:01:40,2026-07-19 19:46:50,2026-07-25 15:57:46,"Credimas","","","",""
credimasbcs-prod,3934254807220214,351755482824327,,PREPAID,Active,2026-06-06 19:12:06,2026-06-06 19:18:05,KnoxGuard,SAMSUNG,SM-A075M,Unlock,"",bardha.korqaj@tenton.co,2026-07-19 13:42:01,2026-07-19 13:41:41,2026-07-26 13:41:07,"Credimas","","","",""
credimasbcs-prod,3948348549786562,359679326514773,,PREPAID,Active,2026-06-21 12:17:29,2026-06-21 12:26:19,Motosafe,MOTOROLA,XT2343-1,Reload,"",bardha.korqaj@tenton.co,2026-07-12 12:46:30,2026-07-12 22:26:36,2026-07-20 12:35:09,"Credimas","","","",""
credimasbcs-prod,3949299890206017,351460450566279,,PREPAID,Locked,2026-06-20 17:38:25,2026-06-20 17:41:24,KnoxGuard,SAMSUNG,SM-A156M/DSN,Lock,"",system@trustonic.com,2026-07-04 17:55:35,2026-06-30 04:21:01,2026-07-04 17:44:18,"Credimas","","","",""
credimasbcs-prod,3972880481954696,351755484090349,,PREPAID,Locked,2026-07-05 15:17:15,2026-07-05 15:25:22,KnoxGuard,SAMSUNG,SM-A075M,Lock,"",bardha.korqaj@tenton.co,2026-07-07 14:35:14,2026-07-07 10:51:15,2026-07-07 14:34:04,"Credimas","","","",""
credimasbcs-prod,3976765682974385,352041714139969,,PREPAID,Locked,2026-06-26 14:26:08,2026-06-26 14:29:29,KnoxGuard,SAMSUNG,SM-A366E/DS,Lock,"",system@trustonic.com,2026-07-03 14:40:43,2026-07-03 14:36:41,2026-07-03 14:36:15,"Credimas","","","",""
credimasbcs-prod,4033042700722872,351755482874942,,PREPAID,Active,2026-07-07 21:09:06,2026-07-07 21:14:05,KnoxGuard,SAMSUNG,SM-A075M,Reload,"",bardha.korqaj@tenton.co,2026-07-14 21:00:36,2026-07-15 22:18:33,2026-07-21 21:21:04,"Credimas","","","",""
credimasbcs-prod,4069296675452410,351755483389338,,PREPAID,Active,2026-06-03 19:53:57,2026-06-03 19:57:39,KnoxGuard,SAMSUNG,SM-A075M,Reload,"",bardha.korqaj@tenton.co,2026-07-16 08:58:04,2026-07-16 08:56:05,2026-07-23 09:11:31,"Credimas","","","",""
credimasbcs-prod,4085558823383154,355436691649674,,PREPAID,Active,2026-06-10 17:27:05,2026-06-10 17:32:42,KnoxGuard,SAMSUNG,SM-A165M,Reload,"",bardha.korqaj@tenton.co,2026-07-15 15:37:22,2026-07-15 15:36:52,2026-07-23 14:20:40,"Credimas","","","",""
credimasbcs-prod,4089338054121025,352041715016422,,PREPAID,Active,2026-07-06 15:39:18,2026-07-06 15:44:12,KnoxGuard,SAMSUNG,SM-A366E/DS,Reload,"",bardha.korqaj@tenton.co,2026-07-13 15:45:59,2026-07-15 11:00:28,2026-07-20 15:49:02,"Credimas","","","",""
credimasbcs-prod,4096743774025843,351755484941582,,PREPAID,Active,2026-06-04 15:00:02,2026-06-04 15:05:34,KnoxGuard,SAMSUNG,SM-A075M,Reload,"",bardha.korqaj@tenton.co,2026-07-18 15:55:06,2026-07-20 04:27:58,2026-07-25 17:48:35,"Credimas","","","",""
credimasbcs-prod,4123722365996462,352000538691894,,PREPAID,Active,2026-07-16 19:08:17,2026-07-16 19:11:16,Motosafe,MOTOROLA,XT2341-2,Unlock,"",bardha.korqaj@tenton.co,2026-07-19 12:09:22,2026-07-19 12:09:23,2026-07-23 19:16:32,"Credimas","","","",""
credimasbcs-prod,4126836787010122,351755482882978,,PREPAID,Active,2026-05-13 18:10:34,2026-05-13 18:14:14,KnoxGuard,SAMSUNG,SM-A075M,Reload,"",bardha.korqaj@tenton.co,2026-07-15 11:08:02,2026-07-15 11:07:21,2026-07-22 18:34:04,"Credimas","","","",""
credimasbcs-prod,4127581122080238,353270602650733,,PREPAID,Active,2026-06-15 11:43:34,2026-06-15 11:45:56,Motosafe,MOTOROLA,XT2425-1,Reload,"",bardha.korqaj@tenton.co,2026-07-19 12:12:41,2026-07-19 12:12:42,2026-07-27 17:56:11,"Credimas","","","",""
credimasbcs-prod,4144958192542797,357617700591357,,PREPAID,Active,2026-04-24 13:20:06,2026-04-24 13:24:08,KnoxGuard,SAMSUNG,SM-A266M/DS,Unlock,"",bardha.korqaj@tenton.co,2026-07-14 21:19:19,2026-07-16 00:28:37,2026-07-21 21:18:23,"Credimas","","","",""
credimasbcs-prod,4159233596196530,865092084948893,,PREPAID,Locked,2026-06-18 10:12:30,2026-06-18 10:15:54,G-LOCK,HONOR,BRP-NX3,Lock,"",system@trustonic.com,2026-07-10 21:10:35,2026-07-12 23:45:47,2026-07-10 21:07:23,"Credimas","","","",""
credimasbcs-prod,4181848010423871,351755483373704,,PREPAID,Active,2026-06-10 11:55:52,2026-06-10 11:59:46,KnoxGuard,SAMSUNG,SM-A075M,Reload,"",bardha.korqaj@tenton.co,2026-07-15 18:26:57,2026-07-15 18:41:43,2026-07-29 17:07:58,"Credimas","","","",""
credimasbcs-prod,4188482696957085,351755482911488,,PREPAID,Active,2026-05-03 13:02:17,2026-05-03 13:07:20,KnoxGuard,SAMSUNG,SM-A075M,Reload,"",bardha.korqaj@tenton.co,2026-07-19 12:12:35,2026-07-19 12:11:57,2026-07-26 13:42:51,"Credimas","","","",""
credimasbcs-prod,4193447347895974,351755481753980,,PREPAID,Active,2026-04-30 16:45:58,2026-04-30 16:49:11,KnoxGuard,SAMSUNG,SM-A075M,Unlock,"",bardha.korqaj@tenton.co,2026-07-18 16:49:54,2026-07-19 16:49:35,2026-07-25 16:48:36,"Credimas","","","",""
credimasbcs-prod,4195084195716858,351959935432528,,PREPAID,Active,2026-06-09 11:11:40,2026-06-09 11:16:09,KnoxGuard,SAMSUNG,SM-A566E/DS,Reload,"",bardha.korqaj@tenton.co,2026-07-18 02:40:36,2026-07-20 02:59:30,2026-07-25 15:55:04,"Credimas","","","",""
credimasbcs-prod,4199874165108204,351755483389536,,PREPAID,Active,2026-06-08 18:30:45,2026-06-08 18:34:52,KnoxGuard,SAMSUNG,SM-A075M,Reload,"",bardha.korqaj@tenton.co,2026-07-18 11:22:33,2026-07-19 11:26:12,2026-10-26 18:43:26,"Credimas","","","",""
credimasbcs-prod,4201449965014274,353417142462190,,PREPAID,Active,2026-05-14 20:00:20,2026-05-14 20:04:02,Motosafe,MOTOROLA,XT2333-1,Reload,"",bardha.korqaj@tenton.co,2026-07-19 14:39:41,2026-07-19 18:32:25,2026-07-26 12:59:11,"Credimas","","","",""
credimasbcs-prod,4203070240391097,355436691795691,,PREPAID,Active,2026-05-30 19:26:36,2026-05-30 19:31:15,KnoxGuard,SAMSUNG,SM-A165M,Reload,"",bardha.korqaj@tenton.co,2026-07-19 16:03:26,2026-07-19 16:03:24,2026-07-26 18:28:59,"Credimas","","","",""
credimasbcs-prod,4215199360436105,351755483394668,,PREPAID,Locked,2026-06-01 15:05:03,2026-06-01 15:09:04,KnoxGuard,SAMSUNG,SM-A075M,Lock,"",system@trustonic.com,2026-07-03 13:10:50,2026-07-02 21:26:17,2026-07-03 13:01:00,"Credimas","","","",""
credimasbcs-prod,4226349641988703,351755483743823,,PREPAID,Active,2026-06-29 15:39:20,2026-06-29 15:42:54,KnoxGuard,SAMSUNG,SM-A075M,Unlock,"",bardha.korqaj@tenton.co,2026-07-13 16:56:34,2026-07-15 16:56:15,2026-07-20 16:55:11,"Credimas","","","",""
credimasbcs-prod,4279716131998693,351755484102649,,PREPAID,Active,2026-07-06 14:18:16,2026-07-06 14:26:03,KnoxGuard,SAMSUNG,SM-A075M,Unlock,"",bardha.korqaj@tenton.co,2026-07-14 11:19:20,2026-07-15 11:18:15,2026-07-21 11:17:03,"Credimas","","","",""
credimasbcs-prod,4289877635227679,355436691793613,,PREPAID,Active,2026-05-31 20:45:09,2026-05-31 20:51:08,KnoxGuard,SAMSUNG,SM-A165M,Reload,"",bardha.korqaj@tenton.co,2026-07-19 14:16:36,2026-07-19 14:20:09,2026-07-26 20:56:13,"Credimas","","","",""
credimasbcs-prod,4304096896646381,354499630103071,,PREPAID,Locked,2026-07-10 12:41:14,2026-07-10 12:47:19,KnoxGuard,SAMSUNG,SM-A175F,Lock,"",system@trustonic.com,2026-07-17 13:25:49,2026-07-17 07:22:01,2026-07-17 13:24:08,"Credimas","","","",""
credimasbcs-prod,4306341120675979,865092084948521,,PREPAID,Active,2026-07-18 18:44:12,2026-07-18 18:48:07,G-LOCK,HONOR,BRP-NX3,Reload,"",bardha.korqaj@tenton.co,2026-07-18 18:53:09,2026-07-19 19:50:03,2026-07-25 18:53:02,"Credimas","","","",""
credimasbcs-prod,4307726193349131,352749382564629,,PREPAID,Active,2026-04-30 16:31:18,2026-04-30 16:34:36,KnoxGuard,SAMSUNG,SM-A155M/DSN,Reload,"",bardha.korqaj@tenton.co,2026-07-16 14:50:46,2026-07-19 16:54:13,2026-07-23 20:29:49,"Credimas","","","",""
credimasbcs-prod,4308626538199410,353181615534337,,PREPAID,Active,2026-07-17 11:41:31,2026-07-17 11:48:51,KnoxGuard,SAMSUNG,SM-A175F,Unlock,"",bardha.korqaj@tenton.co,2026-07-18 20:50:38,2026-07-19 20:52:37,2026-07-31 12:08:50,"Credimas","","","",""
credimasbcs-prod,4334178325331161,359679326447578,,PREPAID,Active,2026-06-14 13:58:51,2026-06-14 14:03:16,Motosafe,MOTOROLA,XT2343-1,Reload,"",bardha.korqaj@tenton.co,2026-07-19 12:21:11,2026-07-19 12:21:12,2026-07-26 15:28:05,"Credimas","","","",""
credimasbcs-prod,4336571322360124,353417142463842,,PREPAID,Active,2026-07-12 19:40:03,2026-07-12 19:44:33,Motosafe,MOTOROLA,XT2333-1,Unlock,"",bardha.korqaj@tenton.co,2026-07-19 21:17:00,2026-07-19 23:16:51,2026-07-26 21:16:55,"Credimas","","","",""
credimasbcs-prod,4343399400203772,862118080934026,,PREPAID,Active,2026-06-18 13:42:45,2026-06-18 13:44:53,G-LOCK,HONOR,LGN-LX3,Reload,"",bardha.korqaj@tenton.co,2026-07-16 15:37:08,2026-07-19 17:44:36,2026-07-23 15:24:55,"Credimas","","","",""
credimasbcs-prod,4353398766713908,351755483397406,,PREPAID,Active,2026-06-22 16:13:11,2026-06-22 16:29:37,KnoxGuard,SAMSUNG,SM-A075M,Unlock,"",bardha.korqaj@tenton.co,2026-07-19 14:36:18,2026-07-19 14:39:51,2026-07-26 14:35:14,"Credimas","","","",""
credimasbcs-prod,4357289276290820,351959935884496,,PREPAID,Active,2026-06-06 16:55:30,2026-06-06 16:57:53,KnoxGuard,SAMSUNG,SM-A566E/DS,Reload,"",bardha.korqaj@tenton.co,2026-07-18 12:16:50,2026-07-19 12:15:32,2026-07-25 21:57:30,"Credimas","","","",""
credimasbcs-prod,4364283038336942,351755484911361,,PREPAID,Active,2026-05-29 18:59:44,2026-05-29 19:04:19,KnoxGuard,SAMSUNG,SM-A075M,Reload,"",bardha.korqaj@tenton.co,2026-07-18 18:35:47,2026-07-19 18:35:41,2026-07-25 20:05:14,"Credimas","","","",""
credimasbcs-prod,4368771378059849,351755483397588,,PREPAID,Active,2026-05-30 11:42:18,2026-05-30 11:46:23,KnoxGuard,SAMSUNG,SM-A075M,Reload,"",bardha.korqaj@tenton.co,2026-07-18 19:23:47,2026-07-19 17:29:51,2026-07-25 20:44:11,"Credimas","","","",""
credimasbcs-prod,4374787642235655,359679326529953,,PREPAID,Active,2026-07-18 13:56:31,2026-07-18 13:58:04,Motosafe,MOTOROLA,XT2343-1,Reload,"",bardha.korqaj@tenton.co,2026-07-18 14:06:15,2026-07-19 14:45:03,2026-07-25 14:06:09,"Credimas","","","",""
credimasbcs-prod,4378394424118094,351755483248856,,PREPAID,Active,2026-06-03 20:23:43,2026-06-03 20:29:57,KnoxGuard,SAMSUNG,SM-A075M,Reload,"",bardha.korqaj@tenton.co,2026-07-18 20:29:21,2026-07-19 17:48:38,2026-07-26 18:44:44,"Credimas","","","",""
credimasbcs-prod,4387909914238061,356034168520541,,PREPAID,Locked,2026-06-16 12:06:11,2026-06-16 12:11:13,KnoxGuard,SAMSUNG,SM-A165M,Lock,"",system@trustonic.com,2026-07-15 17:40:37,2026-06-26 01:47:51,2026-07-15 17:33:19,"Credimas","","","",""
credimasbcs-prod,4391757282605673,357764830069589,,PREPAID,Active,2026-04-30 12:34:10,2026-04-30 12:39:02,KnoxGuard,SAMSUNG,SM-A266M/DS,Reload,"",bardha.korqaj@tenton.co,2026-07-18 15:42:16,2026-07-19 18:46:35,2026-07-25 17:01:42,"Credimas","","","",""
credimasbcs-prod,4409320917338828,351755483473165,,PREPAID,Active,2026-06-12 20:54:14,2026-06-12 21:01:46,KnoxGuard,SAMSUNG,SM-A075M,Unlock,"",bardha.korqaj@tenton.co,2026-07-15 16:05:23,2026-07-15 16:04:35,2026-07-22 16:03:34,"Credimas","","","",""
credimasbcs-prod,4421135454194411,355436691775669,,PREPAID,Locked,2026-07-06 20:23:42,2026-07-06 20:32:33,KnoxGuard,SAMSUNG,SM-A165M,Lock,"",system@trustonic.com,2026-07-13 20:40:37,2026-07-13 02:20:55,2026-07-13 20:39:50,"Credimas","","","",""
credimasbcs-prod,4426986734640528,352000537397154,,PREPAID,Active,2026-07-07 15:20:33,2026-07-07 15:23:11,Motosafe,MOTOROLA,XT2341-2,Unlock,"",bardha.korqaj@tenton.co,2026-07-14 19:54:06,2026-07-14 19:55:07,2026-07-21 19:50:50,"Credimas","","","",""
credimasbcs-prod,4431614500430324,350792390129953,,PREPAID,Active,2026-06-12 13:42:32,2026-06-12 13:49:06,G-LOCK,TECNO,LK7k,Reload,"",bardha.korqaj@tenton.co,2026-07-14 18:25:42,2026-07-15 18:26:03,2026-07-28 17:31:50,"Credimas","","","",""
credimasbcs-prod,4448203228182555,350792390144788,,PREPAID,Active,2026-07-18 18:29:49,2026-07-18 18:33:17,G-LOCK,TECNO,LK7k,Reload,"",bardha.korqaj@tenton.co,2026-07-18 18:37:07,2026-07-19 18:37:13,2026-07-25 18:37:01,"Credimas","","","",""
credimasbcs-prod,4452817791160458,350601365969204,,PREPAID,Active,2026-06-04 18:32:59,2026-06-04 18:38:17,KnoxGuard,SAMSUNG,SM-A266M/DS,Reload,"",bardha.korqaj@tenton.co,2026-07-17 13:32:20,2026-07-19 15:37:22,2026-07-24 14:27:40,"Credimas","","","",""
credimasbcs-prod,4456377339474281,352000537400313,,PREPAID,Active,2026-07-11 14:02:05,2026-07-11 14:04:22,Motosafe,MOTOROLA,XT2341-2,Unlock,"",bardha.korqaj@tenton.co,2026-07-18 17:08:02,2026-07-18 17:08:03,2026-07-25 16:53:49,"Credimas","","","",""
credimasbcs-prod,4506274714986555,355436691781048,,PREPAID,Active,2026-05-30 15:15:51,2026-05-30 15:22:57,KnoxGuard,SAMSUNG,SM-A165M,Reload,"",bardha.korqaj@tenton.co,2026-07-18 14:42:34,2026-07-19 14:42:36,2026-07-25 15:46:42,"Credimas","","","",""
credimasbcs-prod,4507593863317279,351755482495573,,PREPAID,Active,2026-05-13 15:19:18,2026-05-13 15:26:44,KnoxGuard,SAMSUNG,SM-A075M,Reload,"",bardha.korqaj@tenton.co,2026-07-15 13:56:12,2026-07-15 15:36:59,2026-07-22 15:40:46,"Credimas","","","",""
credimasbcs-prod,4521622787370324,351755485006583,,INVENTORY,Idle,2026-06-10 21:05:39,2026-06-10 21:09:36,KnoxGuard,SAMSUNG,SM-A075M,Deregister,"",bardha.korqaj@tenton.co,2026-07-08 12:40:21,,,"Credimas","","","",""
credimasbcs-prod,4529338435323472,356034168527249,,PREPAID,Active,2026-06-30 16:13:30,2026-06-30 16:23:57,KnoxGuard,SAMSUNG,SM-A165M,Reload,"",bardha.korqaj@tenton.co,2026-07-14 12:33:26,2026-07-15 12:33:07,2026-07-21 16:36:46,"Credimas","","","",""
credimasbcs-prod,4543310789526908,353270602673552,,PREPAID,Active,2026-07-15 19:46:51,2026-07-15 19:49:11,Motosafe,MOTOROLA,XT2425-1,Unlock,"",bardha.korqaj@tenton.co,2026-07-17 10:29:32,2026-07-20 02:09:08,2026-07-22 19:59:20,"Credimas","","","",""
credimasbcs-prod,4543645633019075,353181615516516,,PREPAID,Active,2026-05-05 20:16:49,2026-05-05 20:37:47,KnoxGuard,SAMSUNG,SM-A175F,Reload,"",bardha.korqaj@tenton.co,2026-07-15 17:15:52,2026-07-15 17:40:22,2026-07-22 19:28:45,"Credimas","","","",""
credimasbcs-prod,4549984384908333,354944600071501,,PREPAID,Active,2026-05-30 17:41:21,2026-05-30 18:20:02,G-LOCK,INFINIX,X6730B,Reload,"",bardha.korqaj@tenton.co,2026-07-18 11:12:42,2026-07-19 11:13:29,2026-07-25 18:28:41,"Credimas","","","",""
credimasbcs-prod,4563953252537060,351755484989623,,PREPAID,Active,2026-06-28 16:50:40,2026-06-28 17:00:15,KnoxGuard,SAMSUNG,SM-A075M,Reload,"",bardha.korqaj@tenton.co,2026-07-19 17:25:39,2026-07-19 17:25:11,2026-07-26 18:38:09,"Credimas","","","",""
credimasbcs-prod,4586885012702551,350601365970913,,PREPAID,Active,2026-05-14 12:44:57,2026-05-14 12:47:07,KnoxGuard,SAMSUNG,SM-A266M/DS,Unlock,"",bardha.korqaj@tenton.co,2026-07-19 14:43:30,2026-07-19 14:47:43,2026-07-26 14:42:25,"Credimas","","","",""
credimasbcs-prod,4599523172119193,353018990413556,,PREPAID,Active,2026-05-07 15:55:11,2026-05-07 16:12:18,KnoxGuard,SAMSUNG,SM-A356E/DS,Unlock,"",bardha.korqaj@tenton.co,2026-07-15 14:54:00,2026-07-15 16:25:13,2026-07-22 14:52:49,"Credimas","","","",""
credimasbcs-prod,4609202475507875,865092084949396,,PREPAID,Active,2026-06-10 15:08:17,2026-06-10 15:13:03,G-LOCK,HONOR,BRP-NX3,Reload,"",bardha.korqaj@tenton.co,2026-07-15 13:15:15,2026-07-15 13:15:16,2026-07-22 17:30:49,"Credimas","","","",""
credimasbcs-prod,4614845290763547,353181615429959,,PREPAID,Active,2026-05-21 19:44:35,2026-05-21 19:46:53,KnoxGuard,SAMSUNG,SM-A175F,Reload,"",bardha.korqaj@tenton.co,2026-07-16 18:59:45,2026-07-19 11:47:24,2026-07-23 20:31:48,"Credimas","","","",""
credimasbcs-prod,4617614498659306,353485921415457,,PREPAID,Active,2026-06-01 12:25:38,2026-06-01 12:29:35,KnoxGuard,SAMSUNG,SM-A366E/DS,Reload,"",bardha.korqaj@tenton.co,2026-07-13 11:16:43,2026-07-15 11:34:52,2026-07-20 12:39:15,"Credimas","","","",""
credimasbcs-prod,4638952719809703,351755483559310,,PREPAID,Active,2026-06-08 15:31:02,2026-06-08 15:35:35,KnoxGuard,SAMSUNG,SM-A075M,Unlock,"",bardha.korqaj@tenton.co,2026-07-16 10:21:31,2026-07-19 22:10:22,2026-07-23 10:19:58,"Credimas","","","",""
credimasbcs-prod,4639936925207538,865092084491704,,PREPAID,Active,2026-07-07 16:00:21,2026-07-07 16:02:22,G-LOCK,HONOR,BRP-NX3,Reload,"",bardha.korqaj@tenton.co,2026-07-14 16:07:42,2026-07-15 16:09:51,2026-07-21 16:11:15,"Credimas","","","",""
credimasbcs-prod,4643151797746187,351755483393009,,PREPAID,Active,2026-06-07 19:30:11,2026-06-07 19:36:38,KnoxGuard,SAMSUNG,SM-A075M,Unlock,"",bardha.korqaj@tenton.co,2026-07-15 20:10:02,2026-07-15 20:31:30,2026-07-22 20:09:09,"Credimas","","","",""
credimasbcs-prod,4651556642185349,351755483258426,,PREPAID,Active,2026-06-01 16:18:14,2026-06-01 16:25:46,KnoxGuard,SAMSUNG,SM-A075M,Reload,"",bardha.korqaj@tenton.co,2026-07-14 13:57:32,2026-07-15 11:36:41,2026-07-22 13:35:53,"Credimas","","","",""
credimasbcs-prod,4686141497848866,351755484090489,,PREPAID,Active,2026-06-04 19:04:57,2026-06-04 19:10:19,KnoxGuard,SAMSUNG,SM-A075M,Reload,"",bardha.korqaj@tenton.co,2026-07-18 16:58:43,2026-07-19 21:08:31,2026-07-30 19:17:18,"Credimas","","","",""
credimasbcs-prod,4716218463914673,357617702584699,,PREPAID,Active,2026-06-04 20:22:42,2026-06-04 20:28:07,KnoxGuard,SAMSUNG,SM-A266M/DS,Unlock,"",bardha.korqaj@tenton.co,2026-07-17 08:12:36,2026-07-19 08:07:25,2026-07-24 07:53:51,"Credimas","","","",""
credimasbcs-prod,4724145501741505,354944600073390,,PREPAID,Locked,2026-07-05 15:46:13,2026-07-05 15:48:53,G-LOCK,INFINIX,X6730B,Lock,"",system@trustonic.com,2026-07-06 15:55:39,2026-07-05 16:03:22,2026-07-06 15:49:05,"Credimas","","","",""
credimasbcs-prod,4737611355078500,355250250476670,,PREPAID,Active,2026-05-17 17:51:15,2026-05-17 17:55:21,KnoxGuard,SAMSUNG,SM-A566E/DS,Reload,"",bardha.korqaj@tenton.co,2026-07-19 13:04:56,2026-07-19 13:04:31,2026-07-27 14:57:57,"Credimas","","","",""
credimasbcs-prod,4752112190319219,354499630428296,,PREPAID,Active,2026-05-24 19:37:06,2026-05-24 19:41:23,KnoxGuard,SAMSUNG,SM-A175F,Unlock,"",bardha.korqaj@tenton.co,2026-07-13 22:34:01,2026-07-13 22:33:37,2026-07-20 22:32:44,"Credimas","","","",""
credimasbcs-prod,4756757341829092,352000538669031,,PREPAID,Active,2026-07-15 11:54:01,2026-07-15 11:59:04,Motosafe,MOTOROLA,XT2341-2,Unlock,"",bardha.korqaj@tenton.co,2026-07-16 20:10:36,2026-07-20 04:32:06,2026-07-22 12:04:27,"Credimas","","","",""
credimasbcs-prod,4763574218159921,354944600076609,,PREPAID,Active,2026-06-06 12:11:59,2026-06-06 12:15:03,G-LOCK,INFINIX,X6730B,Reload,"",bardha.korqaj@tenton.co,2026-07-17 18:32:19,2026-07-19 20:56:57,2026-07-25 17:06:01,"Credimas","","","",""
credimasbcs-prod,4764237390060999,862118080925602,,PREPAID,Active,2026-07-04 16:41:26,2026-07-04 16:43:43,G-LOCK,HONOR,LGN-LX3,Reload,"",bardha.korqaj@tenton.co,2026-07-18 13:10:54,2026-07-19 13:11:05,2026-07-25 18:45:51,"Credimas","","","",""
credimasbcs-prod,4766329247652825,355436691648296,,PREPAID,Active,2026-04-22 14:11:11,2026-04-22 14:26:32,KnoxGuard,SAMSUNG,SM-A165M,Unlock,"",bardha.korqaj@tenton.co,2026-07-13 20:43:55,2026-07-16 00:26:44,2026-07-20 20:42:45,"Credimas","","","",""
credimasbcs-prod,4774109566746228,352000537402178,,PREPAID,Active,2026-07-08 16:21:52,2026-07-08 16:33:34,Motosafe,MOTOROLA,XT2341-2,Unlock,"",bardha.korqaj@tenton.co,2026-07-17 15:41:50,2026-07-19 20:29:06,2026-07-24 15:17:58,"Credimas","","","",""
credimasbcs-prod,4792063044418512,354696572624531,,PREPAID,Active,2026-07-05 12:47:41,2026-07-05 12:49:59,Motosafe,MOTOROLA,XT2333-1,Reload,"",bardha.korqaj@tenton.co,2026-07-19 13:51:38,2026-07-19 13:51:43,2026-07-26 13:41:58,"Credimas","","","",""
credimasbcs-prod,4814413356945143,351755483743815,,PREPAID,Active,2026-06-16 16:20:20,2026-06-16 16:23:53,KnoxGuard,SAMSUNG,SM-A075M,Reload,"",bardha.korqaj@tenton.co,2026-07-18 20:23:13,2026-07-19 20:29:02,2026-07-28 16:41:49,"Credimas","","","",""
credimasbcs-prod,4824286250958981,351755483559344,,PREPAID,Active,2026-05-28 16:55:29,2026-05-28 16:59:46,KnoxGuard,SAMSUNG,SM-A075M,Reload,"",bardha.korqaj@tenton.co,2026-07-16 11:36:40,2026-07-19 12:37:09,2026-07-23 19:21:43,"Credimas","","","",""
credimasbcs-prod,4830517402451950,351755483394759,,PREPAID,Active,2026-06-12 21:08:42,2026-06-12 21:11:58,KnoxGuard,SAMSUNG,SM-A075M,Reload,"",bardha.korqaj@tenton.co,2026-07-18 15:35:10,2026-07-19 15:34:44,2026-07-25 17:10:23,"Credimas","","","",""
credimasbcs-prod,4830691578271095,355436691647595,,PREPAID,Active,2026-05-24 15:26:22,2026-05-24 15:30:13,KnoxGuard,SAMSUNG,SM-A165M,Reload,"",bardha.korqaj@tenton.co,2026-07-19 12:08:47,2026-07-19 12:07:54,2026-07-26 15:43:04,"Credimas","","","",""
credimasbcs-prod,4838667520216696,359679324876356,,PREPAID,Active,2026-06-06 19:24:15,2026-06-06 19:39:33,Motosafe,MOTOROLA,XT2343-1,Reload,"",bardha.korqaj@tenton.co,2026-07-13 00:44:38,2026-07-13 00:44:39,2026-07-20 01:11:46,"Credimas","","","",""
credimasbcs-prod,4880115019708763,353485921420663,,PREPAID,Active,2026-07-04 17:26:47,2026-07-04 17:32:51,KnoxGuard,SAMSUNG,SM-A366E/DS,Reload,"",bardha.korqaj@tenton.co,2026-07-18 13:18:23,2026-07-19 23:33:55,2026-07-25 17:37:21,"Credimas","","","",""
credimasbcs-prod,4889222074825914,351755483163154,,PREPAID,Active,2026-04-26 17:55:10,2026-04-26 18:04:18,KnoxGuard,SAMSUNG,SM-A075M,Reload,"",bardha.korqaj@tenton.co,2026-07-18 15:32:14,2026-07-19 16:44:32,2026-07-26 19:23:55,"Credimas","","","",""
credimasbcs-prod,4889375994139414,356034168521309,,PREPAID,Active,2026-06-17 21:05:30,2026-06-17 21:11:10,KnoxGuard,SAMSUNG,SM-A165M,Unlock,"",bardha.korqaj@tenton.co,2026-07-13 18:41:26,2026-07-13 18:41:03,2026-07-20 18:40:19,"Credimas","","","",""
credimasbcs-prod,4892024360099786,862118080926402,,PREPAID,Active,2026-06-17 11:30:01,2026-06-17 11:35:42,G-LOCK,HONOR,LGN-LX3,Unlock,"",bardha.korqaj@tenton.co,2026-07-16 13:56:23,2026-07-19 13:57:56,2026-07-23 13:56:17,"Credimas","","","",""
credimasbcs-prod,4916763775635051,353417142465680,,PREPAID,Active,2026-06-28 15:53:00,2026-06-28 15:54:46,Motosafe,MOTOROLA,XT2333-1,Unlock,"",bardha.korqaj@tenton.co,2026-07-15 15:14:19,2026-07-15 23:31:56,2026-07-22 15:14:13,"Credimas","","","",""
credimasbcs-prod,4930115077977460,355436691784554,,INVENTORY,Idle,2026-07-03 14:22:11,,KnoxGuard,SAMSUNG,SM-A165M,Deregister,"",bardha.korqaj@tenton.co,2026-07-04 03:22:00,,,"Credimas","","","",""
credimasbcs-prod,4968213696281056,350792390037537,,PREPAID,Active,2026-06-24 12:17:30,2026-06-24 12:23:06,G-LOCK,TECNO,LK7k,Reload,"",bardha.korqaj@tenton.co,2026-07-14 09:17:28,2026-07-15 11:03:21,2026-07-22 12:37:11,"Credimas","","","",""
credimasbcs-prod,4998122310643149,355913382754989,,PREPAID,Active,2026-07-16 16:15:07,2026-07-16 16:17:41,Motosafe,MOTOROLA,XT2425-1,Reload,"",bardha.korqaj@tenton.co,2026-07-16 16:42:24,2026-07-19 13:44:59,2026-07-23 16:42:11,"Credimas","","","",""
credimasbcs-prod,5001698934733613,351755483657759,,PREPAID,Locked,2026-06-27 17:36:59,2026-06-27 17:38:35,KnoxGuard,SAMSUNG,SM-A075M,Lock,"",system@trustonic.com,2026-07-04 17:52:08,2026-07-04 17:48:20,2026-07-04 17:43:49,"Credimas","","","",""
credimasbcs-prod,5030655022776466,351755482886367,,PREPAID,Active,2026-05-09 16:39:29,2026-05-09 16:43:03,KnoxGuard,SAMSUNG,SM-A075M,Reload,"",bardha.korqaj@tenton.co,2026-07-11 14:59:10,2026-06-27 14:35:38,2026-07-27 18:32:23,"Credimas","","","",""
credimasbcs-prod,5036639571190986,356034168144227,,PREPAID,Active,2026-05-17 18:53:45,2026-05-17 18:58:27,KnoxGuard,SAMSUNG,SM-A165M,Reload,"",bardha.korqaj@tenton.co,2026-07-19 19:46:10,2026-07-19 19:46:01,2026-07-26 21:52:09,"Credimas","","","",""
credimasbcs-prod,5041462786750062,352041714099965,,PREPAID,Active,2026-05-25 11:38:18,2026-05-25 11:40:26,KnoxGuard,SAMSUNG,SM-A366E/DS,Reload,"",bardha.korqaj@tenton.co,2026-07-13 09:22:28,2026-07-15 09:46:34,2026-07-20 11:48:30,"Credimas","","","",""
credimasbcs-prod,5111455730394226,351755483388280,,PREPAID,Active,2026-05-17 21:00:23,2026-05-17 21:03:02,KnoxGuard,SAMSUNG,SM-A075M,Reload,"",bardha.korqaj@tenton.co,2026-07-12 17:21:45,2026-07-12 17:21:26,2026-07-29 10:40:44,"Credimas","","","",""
credimasbcs-prod,5126225043135904,357617702996935,,PREPAID,Active,2026-05-24 14:33:21,2026-05-24 14:34:16,KnoxGuard,SAMSUNG,SM-A266M/DS,Reload,"",bardha.korqaj@tenton.co,2026-07-19 19:21:57,2026-07-19 19:21:31,2026-07-26 19:37:16,"Credimas","","","",""
credimasbcs-prod,5132757621054780,351755483778415,,PREPAID,Locked,2026-06-20 15:01:41,2026-06-20 15:05:59,KnoxGuard,SAMSUNG,SM-A075M,Lock,"",system@trustonic.com,2026-07-19 16:25:42,2026-07-19 11:28:04,2026-07-19 16:20:14,"Credimas","","","",""
credimasbcs-prod,5141184036346929,351755483395970,,PREPAID,Locked,2026-06-12 12:20:01,2026-06-12 12:35:15,KnoxGuard,SAMSUNG,SM-A075M,Lock,"",system@trustonic.com,2026-07-10 18:10:49,2026-07-09 07:21:15,2026-07-10 18:07:44,"Credimas","","","",""
credimasbcs-prod,5153491429037020,356034166302637,,PREPAID,Ready For Use,2026-07-11 19:07:26,,KnoxGuard,SAMSUNG,SM-A165M,Register,"",bardha.korqaj@tenton.co,2026-07-11 19:07:26,,,"Credimas","","","",""
credimasbcs-prod,5153716104818019,355436690424830,,PREPAID,Locked,2026-07-19 18:37:22,2026-07-19 18:44:08,KnoxGuard,SAMSUNG,SM-A165M,Welcome. First payment needed,"",system@trustonic.com,2026-07-19 18:45:13,2026-07-19 18:45:06,2026-07-19 18:43:55,"Credimas","","","",""
credimasbcs-prod,5157570558289917,355436690422032,,PREPAID,Locked,2026-06-14 16:01:38,2026-06-14 16:05:12,KnoxGuard,SAMSUNG,SM-A165M,Lock,"",system@trustonic.com,2026-07-19 17:10:36,2026-07-18 17:11:40,2026-07-19 17:06:39,"Credimas","","","",""
credimasbcs-prod,5157641784140357,356034168520335,,PREPAID,Active,2026-05-30 14:43:27,2026-05-30 14:52:34,KnoxGuard,SAMSUNG,SM-A165M,Reload,"",bardha.korqaj@tenton.co,2026-07-17 20:25:27,2026-07-17 20:23:48,2026-07-31 19:06:42,"Credimas","","","",""
credimasbcs-prod,5171358413850654,865092084492173,,PREPAID,Active,2026-06-07 18:14:44,2026-06-07 18:18:40,G-LOCK,HONOR,BRP-NX3,Unlock,"",bardha.korqaj@tenton.co,2026-07-19 17:41:17,2026-07-19 17:41:18,2026-07-26 17:41:11,"Credimas","","","",""
credimasbcs-prod,5186992910826050,351755483395434,,PREPAID,Active,2026-07-13 14:00:08,2026-07-13 14:04:10,KnoxGuard,SAMSUNG,SM-A075M,Reload,"",bardha.korqaj@tenton.co,2026-07-13 14:18:16,2026-07-15 21:45:28,2026-07-20 14:16:54,"Credimas","","","",""
credimasbcs-prod,5196315189007901,356214264323590,,PREPAID,Active,2026-07-16 17:49:31,2026-07-16 17:52:29,Motosafe,MOTOROLA,XT2363-1,Reload,"",bardha.korqaj@tenton.co,2026-07-16 17:58:04,2026-07-20 03:38:00,2026-07-23 17:57:56,"Credimas","","","",""
credimasbcs-prod,5198234499900748,351755483395442,,PREPAID,Active,2026-06-18 20:52:40,2026-06-18 20:58:27,KnoxGuard,SAMSUNG,SM-A075M,Reload,"",bardha.korqaj@tenton.co,2026-07-16 20:33:04,2026-07-19 22:48:17,2026-07-23 22:00:19,"Credimas","","","",""
credimasbcs-prod,5209537491075318,356034168526910,,PREPAID,Locked,2026-05-23 19:22:38,2026-05-23 19:28:48,KnoxGuard,SAMSUNG,SM-A165M,Lock,"",system@trustonic.com,2026-07-14 19:10:35,2026-07-12 20:08:59,2026-07-14 19:09:37,"Credimas","","","",""
credimasbcs-prod,5216051242832575,357611394323805,,INVENTORY,Idle,,,KnoxGuard,SAMSUNG,SM-A566E/DS,Register,"",bardha.korqaj@tenton.co,2026-07-16 17:56:16,,,"Credimas","","","",""
credimasbcs-prod,5232832967955191,351460454971889,,PREPAID,Locked,2026-06-19 20:01:48,2026-06-19 20:04:49,KnoxGuard,SAMSUNG,SM-A156M/DSN,Lock,"",system@trustonic.com,2026-07-19 16:32:35,2026-07-19 16:31:52,2026-07-19 16:31:17,"Credimas","","","",""
credimasbcs-prod,5234142842680139,353417142463438,,PREPAID,Locked,2026-07-04 13:34:15,2026-07-04 13:39:04,Motosafe,MOTOROLA,XT2333-1,Lock,"",system@trustonic.com,2026-07-11 13:55:40,2026-07-10 12:43:04,2026-07-11 13:44:30,"Credimas","","","",""
credimasbcs-prod,5252533284906048,355436691779166,,PREPAID,Locked,2026-05-23 14:03:29,2026-05-23 14:07:58,KnoxGuard,SAMSUNG,SM-A165M,Lock,"",system@trustonic.com,2026-07-18 21:22:42,2026-07-18 21:20:38,2026-07-18 21:20:31,"Credimas","","","",""
credimasbcs-prod,5261900349924159,352000537408852,,PREPAID,Active,2026-07-13 16:57:40,2026-07-13 17:01:04,Motosafe,MOTOROLA,XT2341-2,Reload,"",bardha.korqaj@tenton.co,2026-07-13 17:09:44,2026-07-15 17:06:38,2026-07-20 17:09:38,"Credimas","","","",""
credimasbcs-prod,5262802685048095,353485921422339,,PREPAID,Active,2026-07-06 21:01:29,2026-07-06 21:05:42,KnoxGuard,SAMSUNG,SM-A366E/DS,Unlock,"",bardha.korqaj@tenton.co,2026-07-14 12:49:51,2026-07-16 04:47:18,2026-07-21 12:48:37,"Credimas","","","",""
credimasbcs-prod,5276824305732004,350792390129847,,PREPAID,Active,2026-07-10 14:57:16,2026-07-10 14:59:51,G-LOCK,TECNO,LK7k,Reload,"",bardha.korqaj@tenton.co,2026-07-13 11:17:45,2026-07-15 11:20:35,2026-07-24 15:08:17,"Credimas","","","",""
credimasbcs-prod,5287719646970781,354696572744990,,PREPAID,Locked,2026-06-24 16:09:03,2026-06-24 16:16:19,Motosafe,MOTOROLA,XT2333-1,Lock,"",system@trustonic.com,2026-07-10 12:25:44,2026-07-10 12:13:41,2026-07-10 12:24:21,"Credimas","","","",""
credimasbcs-prod,5318933098227101,352000537397162,,PREPAID,Ready For Use,2026-07-07 15:08:42,,Motosafe,MOTOROLA,XT2341-2,Register,"",bardha.korqaj@tenton.co,2026-07-07 15:08:42,,,"Credimas","","","",""
credimasbcs-prod,5329292832839973,355436691795741,,PREPAID,Active,2026-05-22 11:21:40,2026-05-22 11:25:21,KnoxGuard,SAMSUNG,SM-A165M,Reload,"",bardha.korqaj@tenton.co,2026-07-17 09:22:26,2026-07-19 09:19:11,2026-07-24 11:45:19,"Credimas","","","",""
credimasbcs-prod,5331820961089697,352953410871812,,INVENTORY,Idle,,,KnoxGuard,SAMSUNG,SM-A566E/DS,Register,"",bardha.korqaj@tenton.co,2026-07-16 18:06:20,,,"Credimas","","","",""
credimasbcs-prod,5349160505575829,351755483437616,,PREPAID,Active,2026-06-12 18:48:35,2026-06-12 18:56:16,KnoxGuard,SAMSUNG,SM-A075M,Unlock,"",bardha.korqaj@tenton.co,2026-07-15 14:54:19,2026-07-15 14:53:53,2026-07-22 14:53:17,"Credimas","","","",""
credimasbcs-prod,5351400585369929,351755483660639,,PREPAID,Active,2026-06-25 14:36:11,2026-06-25 14:40:57,KnoxGuard,SAMSUNG,SM-A075M,Reload,"",bardha.korqaj@tenton.co,2026-07-19 09:47:55,2026-07-19 11:59:18,2026-07-26 15:13:50,"Credimas","","","",""
credimasbcs-prod,5363245476603546,354696573479935,,PREPAID,Locked,2026-07-03 13:00:20,2026-07-03 13:07:46,Motosafe,MOTOROLA,XT2333-1,Lock,"",system@trustonic.com,2026-07-17 16:10:34,2026-07-20 02:11:36,2026-07-17 16:01:26,"Credimas","","","",""
credimasbcs-prod,5376610857097142,352000538965991,,PREPAID,Active,2026-07-12 16:36:24,2026-07-12 16:38:40,Motosafe,MOTOROLA,XT2341-2,Reload,"",bardha.korqaj@tenton.co,2026-07-12 16:45:09,2026-07-12 16:45:10,2026-07-19 16:45:00,"Credimas","","","",""
credimasbcs-prod,5386914821228372,351755483668699,,PREPAID,Active,2026-07-18 15:45:41,2026-07-18 15:51:38,KnoxGuard,SAMSUNG,SM-A075M,Reload,"",bardha.korqaj@tenton.co,2026-07-18 16:04:58,2026-07-19 05:18:54,2026-07-25 16:03:51,"Credimas","","","",""
credimasbcs-prod,5427731283583410,353485921421000,,PREPAID,Active,2026-07-19 12:14:48,2026-07-19 12:16:57,KnoxGuard,SAMSUNG,SM-A366E/DS,Reload,"",bardha.korqaj@tenton.co,2026-07-19 12:22:41,2026-07-19 12:23:16,2026-07-26 12:21:55,"Credimas","","","",""
credimasbcs-prod,5431594193120888,865756083440165,,PREPAID,Active,2026-05-14 16:35:36,2026-05-14 16:45:06,G-LOCK,HONOR,NLA-LX3,Unlock,"",bardha.korqaj@tenton.co,2026-07-19 10:13:22,2026-07-19 10:17:53,2026-07-26 10:12:14,"Credimas","","","",""
credimasbcs-prod,5436647023694595,355436691626342,,PREPAID,Locked,2026-07-09 12:12:18,2026-07-09 12:16:28,KnoxGuard,SAMSUNG,SM-A165M,Lock,"",system@trustonic.com,2026-07-16 12:25:37,2026-07-15 12:36:14,2026-07-16 12:21:27,"Credimas","","","",""
credimasbcs-prod,5440442662005421,353181618036306,,PREPAID,Locked,2026-06-29 19:55:57,2026-06-29 20:02:09,KnoxGuard,SAMSUNG,SM-A175F,Lock,"",system@trustonic.com,2026-07-06 20:25:35,2026-07-06 16:55:59,2026-07-06 20:21:44,"Credimas","","","",""
credimasbcs-prod,5446816213692472,355436691793951,,PREPAID,Active,2026-05-18 12:13:52,2026-05-18 12:15:16,KnoxGuard,SAMSUNG,SM-A165M,Unlock,"",bardha.korqaj@tenton.co,2026-07-14 10:22:54,2026-07-15 10:24:11,2026-07-21 10:21:21,"Credimas","","","",""
credimasbcs-prod,5457667142055154,351755482138439,,PREPAID,Active,2026-05-09 20:34:35,2026-05-09 20:37:47,KnoxGuard,SAMSUNG,SM-A075M,Reload,"",bardha.korqaj@tenton.co,2026-07-18 13:57:53,2026-07-19 14:21:39,2026-07-25 20:50:37,"Credimas","","","",""
credimasbcs-prod,5504683721015228,865092084492264,,PREPAID,Locked,2026-05-14 17:57:44,2026-05-14 19:08:51,G-LOCK,HONOR,BRP-NX3,Lock,"",system@trustonic.com,2026-07-17 19:40:34,2026-07-19 08:32:32,2026-07-17 19:35:57,"Credimas","","","",""
credimasbcs-prod,5534691088185782,351755483473561,,PREPAID,Active,2026-06-28 16:46:09,2026-06-28 16:50:15,KnoxGuard,SAMSUNG,SM-A075M,Reload,"",bardha.korqaj@tenton.co,2026-07-19 17:06:43,2026-07-19 17:32:27,2026-07-26 17:08:23,"Credimas","","","",""
credimasbcs-prod,5544708264149969,353270602675300,,PREPAID,Active,2026-06-27 15:51:58,2026-06-27 15:54:50,Motosafe,MOTOROLA,XT2425-1,Unlock,"",bardha.korqaj@tenton.co,2026-07-19 13:37:42,2026-07-19 13:37:44,2026-07-26 10:18:37,"Credimas","","","",""
credimasbcs-prod,5548263469977012,353417142472280,,PREPAID,Active,2026-06-25 18:41:51,2026-06-25 18:47:34,Motosafe,MOTOROLA,XT2333-1,Reload,"",bardha.korqaj@tenton.co,2026-07-17 14:07:38,2026-07-19 23:03:58,2026-07-24 14:34:56,"Credimas","","","",""
credimasbcs-prod,5562453279416565,351755482880618,,PREPAID,Active,2026-04-21 11:28:39,2026-04-21 11:33:21,KnoxGuard,SAMSUNG,SM-A075M,Unlock,"",bardha.korqaj@tenton.co,2026-07-13 14:32:59,2026-07-15 20:48:33,2026-07-20 14:31:30,"Credimas","","","",""
credimasbcs-prod,5575163918550332,357567911179494,,PREPAID,Active,2026-05-04 15:26:02,2026-05-04 15:29:01,KnoxGuard,SAMSUNG,SM-A256E/DSN,Reload,"",bardha.korqaj@tenton.co,2026-07-11 15:31:01,2026-07-12 15:30:44,2026-07-20 15:48:03,"Credimas","","","",""
credimasbcs-prod,5582366248502657,353181616955093,,PREPAID,Active,2026-07-09 16:24:14,2026-07-09 16:28:36,KnoxGuard,SAMSUNG,SM-A175F,Reload,"",bardha.korqaj@tenton.co,2026-07-16 15:59:45,2026-07-12 09:37:48,2026-07-23 16:37:40,"Credimas","","","",""
credimasbcs-prod,5608588464143949,350792390145868,,PREPAID,Active,2026-05-28 18:03:45,2026-05-28 18:05:57,G-LOCK,TECNO,LK7k,Unlock,"",bardha.korqaj@tenton.co,2026-07-14 12:23:42,2026-07-15 12:23:53,2026-07-21 12:23:15,"Credimas","","","",""
credimasbcs-prod,5617415389378447,351755482881962,,PREPAID,Active,2026-05-08 11:17:22,2026-05-08 11:21:00,KnoxGuard,SAMSUNG,SM-A075M,Reload,"",bardha.korqaj@tenton.co,2026-07-11 12:25:10,2026-07-12 15:25:24,2026-07-25 11:37:40,"Credimas","","","",""
credimasbcs-prod,5625783215919584,351755483437624,,PREPAID,Active,2026-06-03 13:06:57,2026-06-03 13:15:26,KnoxGuard,SAMSUNG,SM-A075M,Reload,"",bardha.korqaj@tenton.co,2026-07-15 15:25:37,2026-07-15 15:25:30,2026-07-22 16:01:42,"Credimas","","","",""
credimasbcs-prod,5628770325294937,350525790908976,,PREPAID,Locked,2026-05-07 12:07:22,2026-05-07 12:13:26,KnoxGuard,SAMSUNG,SM-A166M/DS,Lock,"",system@trustonic.com,2026-07-19 15:02:35,2026-07-19 15:00:24,2026-07-19 14:59:28,"Credimas","","","",""
credimasbcs-prod,5663884808113845,356034165874149,,PREPAID,Active,2026-04-24 20:23:37,2026-04-24 20:29:55,KnoxGuard,SAMSUNG,SM-A165M,Unlock,"",bardha.korqaj@tenton.co,2026-07-14 16:21:48,2026-07-15 16:21:19,2026-07-21 16:20:23,"Credimas","","","",""
credimasbcs-prod,5676268587899010,351755484957760,,PREPAID,Active,2026-06-27 17:35:25,2026-06-27 17:42:44,KnoxGuard,SAMSUNG,SM-A075M,Reload,"",bardha.korqaj@tenton.co,2026-07-18 16:12:05,2026-07-19 16:11:41,2026-07-25 17:50:43,"Credimas","","","",""
credimasbcs-prod,5678255096722717,354944600076468,,PREPAID,Active,2026-06-05 19:16:23,2026-06-05 19:26:55,G-LOCK,INFINIX,X6730B,Reload,"",bardha.korqaj@tenton.co,2026-07-17 18:51:46,2026-07-19 18:54:18,2026-07-25 18:59:16,"Credimas","","","",""
credimasbcs-prod,5691147572939360,355436690419368,,PREPAID,Locked,2026-05-24 20:59:45,2026-05-24 21:03:53,KnoxGuard,SAMSUNG,SM-A165M,Lock,"",system@trustonic.com,2026-07-04 20:55:31,2026-07-04 20:54:51,2026-07-04 20:54:43,"Credimas","","","",""
credimasbcs-prod,5692983703667067,355436690410219,,PREPAID,Locked,2026-06-12 12:35:44,2026-06-12 12:37:34,KnoxGuard,SAMSUNG,SM-A165M,Lock,"",bardha.korqaj@tenton.co,2026-07-17 20:16:04,2026-07-17 17:04:25,2026-07-17 20:14:10,"Credimas","","","",""
credimasbcs-prod,5707377536681519,355913382037096,,PREPAID,Active,2026-05-23 18:21:33,2026-05-23 18:33:01,Motosafe,MOTOROLA,XT2425-1,Reload,"",bardha.korqaj@tenton.co,2026-07-18 11:45:18,2026-07-19 11:50:08,2026-07-25 14:07:29,"Credimas","","","",""
credimasbcs-prod,5730888138321335,351755484135961,,PREPAID,Ready For Use,2026-07-14 15:14:43,,KnoxGuard,SAMSUNG,SM-A075M,Register,"",bardha.korqaj@tenton.co,2026-07-14 15:14:43,,,"Credimas","","","",""
credimasbcs-prod,5744193686880275,355436690296816,,PREPAID,Locked,2026-05-18 15:22:49,2026-05-18 15:33:24,KnoxGuard,SAMSUNG,SM-A165M,Lock,"",system@trustonic.com,2026-07-01 17:52:12,2026-07-01 17:47:45,2026-07-01 17:42:53,"Credimas","","","",""
credimasbcs-prod,5761873286405008,357617702997719,,PREPAID,Active,2026-04-28 21:26:28,2026-04-28 21:29:08,KnoxGuard,SAMSUNG,SM-A266M/DS,Unlock,"",bardha.korqaj@tenton.co,2026-07-19 19:14:28,2026-07-19 20:25:40,2026-07-26 19:13:40,"Credimas","","","",""
credimasbcs-prod,5765601332221762,357764830059804,,PREPAID,Active,2026-04-30 10:52:24,2026-04-30 10:56:29,KnoxGuard,SAMSUNG,SM-A266M/DS,Reload,"",bardha.korqaj@tenton.co,2026-07-15 20:21:12,2026-07-15 20:20:57,2026-07-30 19:35:39,"Credimas","","","",""
credimasbcs-prod,5768227254456316,355436691641242,,PREPAID,Active,2026-06-13 12:19:26,2026-06-13 12:24:53,KnoxGuard,SAMSUNG,SM-A165M,Unlock,"",bardha.korqaj@tenton.co,2026-07-18 17:21:57,2026-07-19 18:16:09,2026-07-25 17:20:34,"Credimas","","","",""
credimasbcs-prod,5769991649730046,351755483506899,,PREPAID,Locked,2026-06-08 13:12:46,2026-06-08 13:18:19,KnoxGuard,SAMSUNG,SM-A075M,Lock,"",system@trustonic.com,2026-07-12 09:22:45,2026-07-12 09:17:50,2026-07-12 09:16:12,"Credimas","","","",""
credimasbcs-prod,5784391211256567,359679324902715,,PREPAID,Active,2026-06-06 16:53:01,2026-06-06 16:56:40,Motosafe,MOTOROLA,XT2343-1,Reload,"",bardha.korqaj@tenton.co,2026-07-18 14:12:21,2026-07-20 03:40:20,2026-07-25 17:37:38,"Credimas","","","",""
credimasbcs-prod,5799451716654488,353417142467454,,PREPAID,Locked,2026-07-03 20:08:42,2026-07-03 20:18:14,Motosafe,MOTOROLA,XT2333-1,Lock,"",system@trustonic.com,2026-07-18 19:40:34,2026-07-19 04:12:44,2026-07-18 19:25:47,"Credimas","","","",""
credimasbcs-prod,5807010676914521,351755483396093,,PREPAID,Active,2026-07-04 19:30:44,2026-07-04 19:35:20,KnoxGuard,SAMSUNG,SM-A075M,Unlock,"",bardha.korqaj@tenton.co,2026-07-19 13:54:12,2026-07-20 00:05:18,2026-07-26 13:52:54,"Credimas","","","",""
credimasbcs-prod,5813004979458713,862118080908707,,PREPAID,Locked,2026-05-30 18:35:46,2026-05-30 18:37:36,G-LOCK,HONOR,LGN-LX3,Lock,"",system@trustonic.com,2026-07-19 18:40:33,2026-07-19 20:30:26,2026-07-19 18:27:56,"Credimas","","","",""
credimasbcs-prod,5829970924718485,356214264320398,,PREPAID,Active,2026-07-03 20:18:52,2026-07-03 20:21:57,Motosafe,MOTOROLA,XT2363-1,Unlock,"",bardha.korqaj@tenton.co,2026-07-17 20:41:47,2026-07-20 02:12:31,2026-07-24 20:41:39,"Credimas","","","",""
credimasbcs-prod,5834584168850096,356214264723674,,PREPAID,Active,2026-06-18 13:54:04,2026-06-18 13:56:38,Motosafe,MOTOROLA,XT2363-1,Unlock,"",bardha.korqaj@tenton.co,2026-07-14 16:13:50,2026-07-15 16:30:58,2026-07-21 16:13:45,"Credimas","","","",""
credimasbcs-prod,5841023197653469,355436691641275,,PREPAID,Locked,2026-06-01 18:49:06,2026-06-01 18:53:57,KnoxGuard,SAMSUNG,SM-A165M,Lock,"",system@trustonic.com,2026-07-15 18:10:49,2026-07-09 18:15:09,2026-07-15 18:04:18,"Credimas","","","",""
credimasbcs-prod,5891288933317047,351755482133745,,PREPAID,Locked,2026-04-29 10:51:58,2026-04-29 11:15:39,KnoxGuard,SAMSUNG,SM-A075M,Lock,"",system@trustonic.com,2026-07-11 17:55:37,2026-07-09 19:28:31,2026-07-11 17:49:17,"Credimas","","","",""
credimasbcs-prod,5924038152175466,352041715021224,,PREPAID,Active,2026-04-25 14:06:55,2026-04-25 14:07:43,KnoxGuard,SAMSUNG,SM-A366E/DS,Reload,"",bardha.korqaj@tenton.co,2026-07-18 16:29:51,2026-07-19 21:03:14,2026-07-26 10:39:43,"Credimas","","","",""
credimasbcs-prod,5941013771595558,351755482867953,,PREPAID,Active,2026-05-01 15:32:40,2026-05-01 15:36:12,KnoxGuard,SAMSUNG,SM-A075M,Unlock,"",bardha.korqaj@tenton.co,2026-07-17 19:18:42,2026-07-19 12:33:33,2026-07-24 19:17:32,"Credimas","","","",""
credimasbcs-prod,5952554166865858,351755482135658,,PREPAID,Active,2026-05-18 12:19:52,2026-05-18 12:23:23,KnoxGuard,SAMSUNG,SM-A075M,Reload,"",bardha.korqaj@tenton.co,2026-07-19 13:22:20,2026-07-19 13:22:22,2026-07-27 18:01:08,"Credimas","","","",""
credimasbcs-prod,5953822786435847,356034166271006,,PREPAID,Ready For Use,2026-07-04 16:24:06,,KnoxGuard,SAMSUNG,SM-A165M,Register,"",bardha.korqaj@tenton.co,2026-07-04 16:24:06,,,"Credimas","","","",""
credimasbcs-prod,5981342679715197,352041715001598,,PREPAID,Active,2026-06-29 11:56:10,2026-06-29 12:04:59,KnoxGuard,SAMSUNG,SM-A366E/DS,Unlock,"",bardha.korqaj@tenton.co,2026-07-13 15:44:01,2026-07-16 07:26:39,2026-07-20 15:42:59,"Credimas","","","",""
credimasbcs-prod,6006815646657357,351755481151433,,PREPAID,Active,2026-05-27 20:43:33,2026-05-27 20:44:50,KnoxGuard,SAMSUNG,SM-A075M,Reload,"",bardha.korqaj@tenton.co,2026-07-15 13:50:02,2026-07-15 13:49:21,2026-07-22 20:59:51,"Credimas","","","",""
credimasbcs-prod,6027423110646342,351755483394809,,PREPAID,Active,2026-05-30 13:55:10,2026-05-30 13:59:19,KnoxGuard,SAMSUNG,SM-A075M,Unlock,"",bardha.korqaj@tenton.co,2026-07-18 20:46:48,2026-07-19 20:46:30,2026-07-25 20:46:02,"Credimas","","","",""
credimasbcs-prod,6035816944821049,351755484220094,,PREPAID,Active,2026-06-17 17:48:44,2026-06-17 17:54:05,KnoxGuard,SAMSUNG,SM-A075M,Unlock,"",bardha.korqaj@tenton.co,2026-07-16 14:52:22,2026-07-17 14:51:46,2026-07-23 14:50:54,"Credimas","","","",""
credimasbcs-prod,6081695604198138,359679326532973,,PREPAID,Locked,2026-05-13 12:52:58,2026-05-13 13:18:15,Motosafe,MOTOROLA,XT2343-1,Lock,"",system@trustonic.com,2026-07-10 20:25:37,2026-07-10 13:14:35,2026-07-10 20:20:10,"Credimas","","","",""
credimasbcs-prod,6104032356513390,354696572745153,,PREPAID,Active,2026-06-13 20:25:30,2026-06-21 14:40:33,Motosafe,MOTOROLA,XT2333-1,Reload,"",bardha.korqaj@tenton.co,2026-07-19 17:28:16,2026-07-19 17:28:17,2026-07-26 17:57:37,"Credimas","","","",""
credimasbcs-prod,6128116420996301,355913382754815,,PREPAID,Active,2026-06-20 18:03:31,2026-06-20 18:09:07,Motosafe,MOTOROLA,XT2425-1,Unlock,"",bardha.korqaj@tenton.co,2026-07-14 16:26:11,2026-07-15 20:03:51,2026-07-21 16:26:05,"Credimas","","","",""
credimasbcs-prod,6162465837693020,355436691795378,,PREPAID,Active,2026-07-18 18:48:44,2026-07-18 18:59:36,KnoxGuard,SAMSUNG,SM-A165M,Reload,"",bardha.korqaj@tenton.co,2026-07-18 19:11:39,2026-07-20 06:41:13,2026-07-25 19:10:11,"Credimas","","","",""
credimasbcs-prod,6172706598507113,355436691406380,,PREPAID,Locked,2026-07-15 20:49:20,2026-07-15 20:54:08,KnoxGuard,SAMSUNG,SM-A165M,Lock,"",bardha.korqaj@tenton.co,2026-07-17 14:22:17,2026-07-17 14:21:57,2026-07-17 14:20:38,"Credimas","","","",""
credimasbcs-prod,6185663887409801,351755483433540,,PREPAID,Active,2026-06-08 17:57:52,2026-06-08 18:04:26,KnoxGuard,SAMSUNG,SM-A075M,Unlock,"",bardha.korqaj@tenton.co,2026-07-19 10:03:18,2026-07-19 10:02:52,2026-07-26 10:02:12,"Credimas","","","",""
credimasbcs-prod,6235560939867933,356034168525664,,PREPAID,Active,2026-06-15 17:15:29,2026-06-15 17:24:36,KnoxGuard,SAMSUNG,SM-A165M,Reload,"",bardha.korqaj@tenton.co,2026-07-18 18:01:44,2026-07-18 18:01:27,2026-07-25 19:23:58,"Credimas","","","",""
credimasbcs-prod,6243696094741517,355436691783515,,PREPAID,Active,2026-05-11 14:32:37,2026-05-11 14:38:27,KnoxGuard,SAMSUNG,SM-A165M,Unlock,"",bardha.korqaj@tenton.co,2026-07-17 14:45:55,2026-07-19 16:01:31,2026-07-24 14:40:23,"Credimas","","","",""
credimasbcs-prod,6254913194923791,359679326528930,,PREPAID,Locked,2026-06-14 12:29:43,2026-06-14 12:31:21,Motosafe,MOTOROLA,XT2343-1,Lock,"",system@trustonic.com,2026-07-14 15:10:35,2026-07-10 16:37:13,2026-07-14 15:09:49,"Credimas","","","",""
credimasbcs-prod,6263069630490455,354499630647838,,PREPAID,Active,2026-07-01 15:40:32,2026-07-01 15:49:57,KnoxGuard,SAMSUNG,SM-A175F,Reload,"",bardha.korqaj@tenton.co,2026-07-15 16:06:28,2026-07-15 16:05:31,2026-07-22 16:11:14,"Credimas","","","",""
credimasbcs-prod,6273460077920332,350792390047569,,PREPAID,Active,2026-07-07 14:10:21,2026-07-07 14:23:10,G-LOCK,TECNO,LK7k,Unlock,"",bardha.korqaj@tenton.co,2026-07-14 15:40:43,2026-07-15 15:45:38,2026-07-21 15:08:25,"Credimas","","","",""
credimasbcs-prod,6277469607979143,351755483240473,,PREPAID,Active,2026-06-18 18:22:13,2026-06-18 18:23:14,KnoxGuard,SAMSUNG,SM-A075M,Unlock,"",bardha.korqaj@tenton.co,2026-07-15 18:05:54,2026-07-15 18:41:01,2026-07-22 18:04:37,"Credimas","","","",""
credimasbcs-prod,6294639567833493,354499630112338,,PREPAID,Active,2026-05-17 16:05:31,2026-05-17 16:12:31,KnoxGuard,SAMSUNG,SM-A175F,Unlock,"",bardha.korqaj@tenton.co,2026-07-19 21:51:28,2026-07-20 00:49:43,2026-07-26 21:50:12,"Credimas","","","",""
credimasbcs-prod,6300267475222404,351755483393850,,PREPAID,Active,2026-05-18 15:51:13,2026-05-18 15:56:42,KnoxGuard,SAMSUNG,SM-A075M,Reload,"",bardha.korqaj@tenton.co,2026-07-19 15:45:28,2026-07-19 15:44:50,2026-07-28 14:03:44,"Credimas","","","",""
credimasbcs-prod,6334954991153987,350601366875293,,PREPAID,Locked,2026-05-23 11:07:54,2026-05-23 11:12:23,KnoxGuard,SAMSUNG,SM-A266M/DS,Lock,"",system@trustonic.com,2026-07-18 19:40:37,2026-07-18 00:04:29,2026-07-18 19:28:59,"Credimas","","","",""
credimasbcs-prod,6365157509246198,354944600075734,,PREPAID,Active,2026-06-06 19:41:35,2026-06-06 19:46:51,G-LOCK,INFINIX,X6730B,Unlock,"",bardha.korqaj@tenton.co,2026-07-19 12:44:24,2026-07-19 12:45:45,2026-07-26 12:44:16,"Credimas","","","",""
credimasbcs-prod,6402542993845506,354499630081715,,PREPAID,Active,2026-05-14 15:04:15,2026-05-14 15:09:00,KnoxGuard,SAMSUNG,SM-A175F,Reload,"",bardha.korqaj@tenton.co,2026-07-16 14:49:02,2026-07-19 08:45:42,2026-07-23 18:59:56,"Credimas","","","",""
credimasbcs-prod,6407290916179905,353417142468486,,PREPAID,Active,2026-06-23 16:31:17,2026-06-23 16:34:58,Motosafe,MOTOROLA,XT2333-1,Unlock,"",bardha.korqaj@tenton.co,2026-07-13 18:44:49,2026-07-15 18:46:44,2026-07-20 18:44:00,"Credimas","","","",""
credimasbcs-prod,6426748362454079,353270602673560,,PREPAID,Locked,2026-06-28 12:59:30,2026-06-28 13:08:50,Motosafe,MOTOROLA,XT2425-1,Lock,"",system@trustonic.com,2026-07-12 13:40:39,2026-07-13 01:29:28,2026-07-12 13:26:21,"Credimas","","","",""
credimasbcs-prod,6445292601985981,356034168526761,,PREPAID,Locked,2026-06-03 15:19:00,2026-06-03 15:25:08,KnoxGuard,SAMSUNG,SM-A165M,Lock,"",system@trustonic.com,2026-07-19 20:25:32,2026-07-18 13:42:00,2026-07-19 20:22:18,"Credimas","","","",""
credimasbcs-prod,6457547094459136,356214264728152,,PREPAID,Active,2026-06-28 19:31:29,2026-06-28 19:34:13,Motosafe,MOTOROLA,XT2363-1,Unlock,"",bardha.korqaj@tenton.co,2026-07-16 15:50:31,2026-07-19 23:37:16,2026-07-23 15:47:48,"Credimas","","","",""
credimasbcs-prod,6468354440440817,351755483393769,,PREPAID,Active,2026-06-18 17:23:52,2026-06-18 17:29:12,KnoxGuard,SAMSUNG,SM-A075M,Reload,"",bardha.korqaj@tenton.co,2026-07-18 17:40:33,2026-07-19 19:55:36,2026-07-25 19:18:37,"Credimas","","","",""
credimasbcs-prod,6470824001690116,353181615518835,,PREPAID,Active,2026-05-10 18:44:35,2026-05-10 18:50:51,KnoxGuard,SAMSUNG,SM-A175F,Unlock,"",bardha.korqaj@tenton.co,2026-07-13 10:02:22,2026-07-15 10:04:47,2026-07-20 09:58:57,"Credimas","","","",""
credimasbcs-prod,6473253818747998,865092084948836,,PREPAID,Active,2026-07-18 19:00:16,2026-07-18 19:01:37,G-LOCK,HONOR,BRP-NX3,Reload,"",bardha.korqaj@tenton.co,2026-07-18 19:06:23,2026-07-18 19:06:24,2026-07-25 19:06:14,"Credimas","","","",""
credimasbcs-prod,6515202180141938,356214264305373,,PREPAID,Active,2026-06-20 18:42:38,2026-06-20 18:49:02,Motosafe,MOTOROLA,XT2363-1,Reload,"",bardha.korqaj@tenton.co,2026-07-18 19:50:03,2026-07-19 20:15:47,2026-07-25 20:07:26,"Credimas","","","",""
credimasbcs-prod,6544067102266009,353417142463354,,PREPAID,Active,2026-07-07 20:43:24,2026-07-07 20:54:07,Motosafe,MOTOROLA,XT2333-1,Unlock,"",bardha.korqaj@tenton.co,2026-07-15 15:39:31,2026-07-15 15:39:33,2026-07-22 15:28:58,"Credimas","","","",""
credimasbcs-prod,6557500449000338,355436691780982,,PREPAID,Active,2026-04-25 14:37:41,2026-04-25 14:42:06,KnoxGuard,SAMSUNG,SM-A165M,Reload,"",bardha.korqaj@tenton.co,2026-07-18 19:51:41,2026-07-19 19:51:20,2026-07-25 19:50:36,"Credimas","","","",""
credimasbcs-prod,6564710727946885,353417142463040,,PREPAID,Active,2026-07-14 11:10:31,2026-07-14 11:15:37,Motosafe,MOTOROLA,XT2333-1,Unlock,"",bardha.korqaj@tenton.co,2026-07-17 12:03:59,2026-07-18 12:19:26,2026-07-21 11:20:32,"Credimas","","","",""
credimasbcs-prod,6584648729314486,352000537400594,,PREPAID,Active,2026-07-06 14:27:43,2026-07-06 14:29:20,Motosafe,MOTOROLA,XT2341-2,Reload,"",bardha.korqaj@tenton.co,2026-07-18 17:53:11,2026-07-19 10:24:39,2026-07-27 14:39:37,"Credimas","","","",""
credimasbcs-prod,6588089813131504,353417142464287,,PREPAID,Active,2026-07-04 20:38:58,2026-07-04 20:54:47,Motosafe,MOTOROLA,XT2333-1,Reload,"",bardha.korqaj@tenton.co,2026-07-19 08:02:21,2026-07-19 08:02:22,2026-07-25 21:02:25,"Credimas","","","",""
credimasbcs-prod,6672226642779866,353417142467173,,PREPAID,Active,2026-07-01 14:21:28,2026-07-01 14:23:34,Motosafe,MOTOROLA,XT2333-1,Reload,"",bardha.korqaj@tenton.co,2026-07-01 14:35:08,2026-07-01 14:35:08,2026-07-08 14:34:57,"Credimas","","","",""
credimasbcs-prod,6703353350233637,352000538689393,,PREPAID,Active,2026-07-18 15:49:47,2026-07-18 16:02:13,Motosafe,MOTOROLA,XT2341-2,Reload,"",bardha.korqaj@tenton.co,2026-07-18 16:09:50,2026-07-19 06:59:27,2026-07-19 19:41:07,"Credimas","","","",""
credimasbcs-prod,6719780082344410,354696572513510,,PREPAID,Active,2026-04-29 10:27:51,2026-04-29 10:51:56,Motosafe,MOTOROLA,XT2333-1,Reload,"",bardha.korqaj@tenton.co,2026-07-17 09:43:45,2026-07-19 14:06:55,2026-07-25 16:42:12,"Credimas","","","",""
credimasbcs-prod,6770423209933827,355436691649682,,PREPAID,Active,2026-05-08 19:36:12,2026-05-08 19:43:19,KnoxGuard,SAMSUNG,SM-A165M,Unlock,"",bardha.korqaj@tenton.co,2026-07-17 23:56:45,2026-07-19 20:24:55,2026-07-24 23:56:07,"Credimas","","","",""
credimasbcs-prod,6777993460126793,353417142462711,,PREPAID,Active,2026-07-03 16:56:36,2026-07-03 17:00:48,Motosafe,MOTOROLA,XT2333-1,Reload,"",bardha.korqaj@tenton.co,2026-07-17 02:11:06,2026-07-19 21:15:03,2026-07-24 17:07:03,"Credimas","","","",""
credimasbcs-prod,6779271041290531,359679324910635,,PREPAID,Active,2026-06-06 17:06:17,2026-06-06 17:09:21,Motosafe,MOTOROLA,XT2343-1,Reload,"",bardha.korqaj@tenton.co,2026-07-12 11:08:42,2026-07-12 11:08:43,2026-07-20 20:07:12,"Credimas","","","",""
credimasbcs-prod,6783773507450085,359679324876570,,PREPAID,Active,2026-05-30 20:49:22,2026-05-30 21:00:51,Motosafe,MOTOROLA,XT2343-1,Unlock,"",bardha.korqaj@tenton.co,2026-07-14 12:33:27,2026-07-15 12:35:03,2026-07-21 12:33:22,"Credimas","","","",""
credimasbcs-prod,6797192016652972,351755482882853,,PREPAID,Locked,2026-05-15 18:51:45,2026-05-15 18:55:21,KnoxGuard,SAMSUNG,SM-A075M,Lock,"",system@trustonic.com,2026-07-10 21:55:35,2026-07-09 21:38:58,2026-07-10 21:40:46,"Credimas","","","",""
credimasbcs-prod,6799646150354310,355436690295578,,PREPAID,Active,2026-07-11 11:51:57,2026-07-11 11:57:32,KnoxGuard,SAMSUNG,SM-A165M,Unlock,"",bardha.korqaj@tenton.co,2026-07-19 13:06:25,2026-07-19 13:11:52,2026-07-26 13:05:22,"Credimas","","","",""
credimasbcs-prod,6802131066515336,351755483612101,,PREPAID,Locked,2026-07-09 18:02:27,2026-07-09 18:07:09,KnoxGuard,SAMSUNG,SM-A075M,Lock,"",system@trustonic.com,2026-07-16 18:22:30,2026-07-16 18:15:10,2026-07-16 18:13:30,"Credimas","","","",""
credimasbcs-prod,6803319863983433,352041714951207,,PREPAID,Active,2026-06-27 20:15:51,2026-06-27 20:28:47,KnoxGuard,SAMSUNG,SM-A366E/DS,Unlock,"",bardha.korqaj@tenton.co,2026-07-13 22:09:39,2026-07-14 22:09:49,2026-07-20 22:08:51,"Credimas","","","",""
credimasbcs-prod,6810868590404551,351755482912999,,PREPAID,Active,2026-05-10 14:07:47,2026-05-10 14:10:21,KnoxGuard,SAMSUNG,SM-A075M,Reload,"",bardha.korqaj@tenton.co,2026-07-19 15:32:30,2026-07-19 15:32:09,2026-07-26 16:39:08,"Credimas","","","",""
credimasbcs-prod,6820530456323340,352041714080908,,PREPAID,Active,2026-07-18 11:59:58,2026-07-18 12:02:20,KnoxGuard,SAMSUNG,SM-A366E/DS,Reload,"",bardha.korqaj@tenton.co,2026-07-18 12:12:21,2026-07-19 12:10:36,2026-07-25 12:09:13,"Credimas","","","",""
credimasbcs-prod,6830280054429977,351755484220219,,PREPAID,Active,2026-05-20 12:16:43,2026-05-20 12:24:11,KnoxGuard,SAMSUNG,SM-A075M,Unlock,"",bardha.korqaj@tenton.co,2026-07-16 19:54:49,2026-07-19 22:21:52,2026-07-23 19:53:16,"Credimas","","","",""
credimasbcs-prod,6833489518565914,353270602642318,,PREPAID,Active,2026-06-14 14:35:23,2026-06-14 14:37:47,Motosafe,MOTOROLA,XT2425-1,Unlock,"",bardha.korqaj@tenton.co,2026-07-13 19:00:47,2026-07-16 07:06:10,2026-07-20 19:00:40,"Credimas","","","",""
credimasbcs-prod,6838194800825226,353181618035894,,PREPAID,Locked,2026-07-04 11:43:16,2026-07-04 11:48:02,KnoxGuard,SAMSUNG,SM-A175F,Lock,"",system@trustonic.com,2026-07-11 12:10:51,2026-07-10 16:46:05,2026-07-11 11:56:50,"Credimas","","","",""
credimasbcs-prod,6876795615246660,353417142462638,,PREPAID,Locked,2026-07-03 14:36:28,2026-07-03 14:46:50,Motosafe,MOTOROLA,XT2333-1,Lock,"",system@trustonic.com,2026-07-18 20:25:34,2026-07-19 22:52:04,2026-07-18 20:24:17,"Credimas","","","",""
credimasbcs-prod,6889585298698999,352000537400511,,PREPAID,Active,2026-07-19 13:50:18,2026-07-19 13:57:57,Motosafe,MOTOROLA,XT2341-2,Reload,"",bardha.korqaj@tenton.co,2026-07-19 14:06:49,2026-07-19 14:09:58,2026-07-26 14:06:43,"Credimas","","","",""
credimasbcs-prod,6919221774948907,356214264329555,,PREPAID,Active,2026-05-12 19:22:35,2026-05-12 19:25:32,Motosafe,MOTOROLA,XT2363-1,Reload,"",bardha.korqaj@tenton.co,2026-07-14 19:34:27,2026-07-16 07:21:52,2026-07-23 12:22:08,"Credimas","","","",""
credimasbcs-prod,6924154578217898,352041715017263,,PREPAID,Ready For Use,2026-07-05 18:26:28,,KnoxGuard,SAMSUNG,SM-A366E/DS,Register,"",bardha.korqaj@tenton.co,2026-07-05 18:26:28,,,"Credimas","","","",""
credimasbcs-prod,6935479995879276,351755483396234,,PREPAID,Active,2026-07-11 15:41:15,2026-07-11 15:44:07,KnoxGuard,SAMSUNG,SM-A075M,Unlock,"",bardha.korqaj@tenton.co,2026-07-19 11:45:43,2026-07-19 14:35:11,2026-07-26 11:44:01,"Credimas","","","",""
credimasbcs-prod,6936150375082087,354696573462592,,PREPAID,Active,2026-07-14 12:11:38,2026-07-14 12:24:02,Motosafe,MOTOROLA,XT2333-1,Reload,"",bardha.korqaj@tenton.co,2026-07-14 12:31:22,2026-07-14 23:23:22,2026-07-21 12:31:15,"Credimas","","","",""
credimasbcs-prod,6938353787797455,352041714123088,,PREPAID,Active,2026-07-12 13:16:00,2026-07-12 13:18:39,KnoxGuard,SAMSUNG,SM-A366E/DS,Reload,"",bardha.korqaj@tenton.co,2026-07-18 15:40:43,2026-07-19 15:40:53,2026-07-26 13:26:32,"Credimas","","","",""
credimasbcs-prod,6947831055065361,352226310099929,,PREPAID,Active,2026-05-09 18:12:41,2026-05-09 18:18:51,KnoxGuard,SAMSUNG,SM-A166M/DS,Reload,"",bardha.korqaj@tenton.co,2026-07-18 15:19:23,2026-07-19 07:05:24,2026-07-25 20:43:49,"Credimas","","","",""
credimasbcs-prod,6969242687496044,356034168520665,,PREPAID,Active,2026-04-29 19:12:26,2026-04-29 19:17:10,KnoxGuard,SAMSUNG,SM-A165M,Unlock,"",bardha.korqaj@tenton.co,2026-07-16 19:55:30,2026-07-19 19:55:50,2026-07-23 19:54:31,"Credimas","","","",""
credimasbcs-prod,6985513666906654,353181615521797,,PREPAID,Active,2026-07-18 19:26:45,2026-07-18 19:29:11,KnoxGuard,SAMSUNG,SM-A175F,Reload,"",bardha.korqaj@tenton.co,2026-07-18 19:37:10,2026-07-19 08:26:47,2026-07-25 19:35:58,"Credimas","","","",""
credimasbcs-prod,6988574316461728,351755482879982,,PREPAID,Active,2026-05-11 14:03:52,2026-05-11 14:07:41,KnoxGuard,SAMSUNG,SM-A075M,Unlock,"",bardha.korqaj@tenton.co,2026-07-17 15:09:43,2026-07-19 15:28:56,2026-07-24 15:08:01,"Credimas","","","",""
credimasbcs-prod,6999646011361334,351755481753832,,PREPAID,Locked,2026-06-18 15:12:53,2026-06-18 15:22:01,KnoxGuard,SAMSUNG,SM-A075M,Lock,"",system@trustonic.com,2026-07-08 19:40:37,2026-07-06 00:14:11,2026-07-08 19:32:34,"Credimas","","","",""
credimasbcs-prod,7088818595620122,353181615768927,,PREPAID,Active,2026-07-17 13:35:56,2026-07-17 13:47:50,KnoxGuard,SAMSUNG,SM-A175F,Reload,"",bardha.korqaj@tenton.co,2026-07-19 15:12:02,2026-07-19 15:11:41,2026-07-31 14:18:58,"Credimas","","","",""
credimasbcs-prod,7107740240317828,351755482884644,,PREPAID,Active,2026-04-23 19:20:28,2026-04-23 19:28:03,KnoxGuard,SAMSUNG,SM-A075M,Reload,"",bardha.korqaj@tenton.co,2026-07-13 21:25:45,2026-07-15 21:05:16,2026-07-24 00:09:50,"Credimas","","","",""
credimasbcs-prod,7108291413200326,355436691795527,,PREPAID,Active,2026-05-24 12:46:24,2026-05-24 12:48:52,KnoxGuard,SAMSUNG,SM-A165M,Reload,"",bardha.korqaj@tenton.co,2026-07-13 18:29:09,2026-07-15 18:28:46,2026-07-21 09:15:18,"Credimas","","","",""
credimasbcs-prod,7109281472683045,350901800547452,,PREPAID,Active,2026-05-19 16:38:08,2026-05-19 16:40:15,KnoxGuard,SAMSUNG,SM-A175F/DS,Unlock,"",bardha.korqaj@tenton.co,2026-07-14 14:48:01,2026-07-15 14:47:35,2026-07-21 14:46:04,"Credimas","","","",""
credimasbcs-prod,7109540561218839,351755482816570,,PREPAID,Locked,2026-05-30 17:11:44,2026-05-30 17:22:01,KnoxGuard,SAMSUNG,SM-A075M,Lock,"",system@trustonic.com,2026-07-04 20:55:34,2026-07-03 16:18:07,2026-07-04 20:52:23,"Credimas","","","",""
credimasbcs-prod,7121680664315202,351755484218254,,PREPAID,Active,2026-06-13 15:43:13,2026-06-13 15:45:40,KnoxGuard,SAMSUNG,SM-A075M,Reload,"",bardha.korqaj@tenton.co,2026-07-19 14:14:21,2026-07-19 14:14:25,2026-07-26 15:31:28,"Credimas","","","",""
credimasbcs-prod,7176955336084645,355436691641028,,PREPAID,Active,2026-06-16 16:20:24,2026-06-16 16:28:36,KnoxGuard,SAMSUNG,SM-A165M,Reload,"",bardha.korqaj@tenton.co,2026-07-14 17:22:28,2026-07-15 17:22:19,2026-07-21 17:21:46,"Credimas","","","",""
credimasbcs-prod,7186246253721826,355436691794405,,PREPAID,Active,2026-06-27 20:11:38,2026-06-27 20:15:54,KnoxGuard,SAMSUNG,SM-A165M,Unlock,"",bardha.korqaj@tenton.co,2026-07-14 15:38:33,2026-07-15 15:42:56,2026-07-21 15:37:46,"Credimas","","","",""
credimasbcs-prod,7214701265856673,359679324876513,,PREPAID,Active,2026-06-28 18:28:45,2026-06-28 19:18:45,Motosafe,MOTOROLA,XT2343-1,Reload,"",bardha.korqaj@tenton.co,2026-07-19 14:39:43,2026-07-19 14:39:44,2026-07-27 18:58:54,"Credimas","","","",""
credimasbcs-prod,7222010731013996,351755483659631,,PREPAID,Locked,2026-06-25 14:18:31,2026-06-25 14:23:18,KnoxGuard,SAMSUNG,SM-A075M,Lock,"",system@trustonic.com,2026-07-02 14:40:40,2026-07-02 08:26:44,2026-07-02 14:34:13,"Credimas","","","",""
credimasbcs-prod,7239190423353521,355436690418899,,PREPAID,Active,2026-06-05 13:19:34,2026-06-05 13:20:22,KnoxGuard,SAMSUNG,SM-A165M,Reload,"",bardha.korqaj@tenton.co,2026-07-17 17:48:41,2026-07-19 22:06:59,2026-07-26 11:04:09,"Credimas","","","",""
credimasbcs-prod,7244300953509762,353485921420085,,PREPAID,Locked,2026-06-25 20:11:47,2026-06-25 20:16:14,KnoxGuard,SAMSUNG,SM-A366E/DS,Lock,"",system@trustonic.com,2026-07-16 23:22:24,2026-07-16 23:15:07,2026-07-16 23:14:48,"Credimas","","","",""
credimasbcs-prod,7247917444788288,352041714142757,,PREPAID,Active,2026-05-17 18:02:34,2026-05-17 18:08:22,KnoxGuard,SAMSUNG,SM-A366E/DS,Reload,"",bardha.korqaj@tenton.co,2026-07-18 16:00:38,2026-07-19 19:19:23,2026-07-26 18:19:36,"Credimas","","","",""
credimasbcs-prod,7278288030025938,356700840018498,,PREPAID,Active,2026-07-04 21:11:26,2026-07-04 21:16:16,KnoxGuard,SAMSUNG,SM-A366E/DS,Reload,"",bardha.korqaj@tenton.co,2026-07-18 20:18:41,2026-07-19 17:15:02,2026-08-01 21:23:28,"Credimas","","","",""
credimasbcs-prod,7286513062702921,356034166298272,,PREPAID,Active,2026-07-11 19:20:33,2026-07-11 19:24:02,KnoxGuard,SAMSUNG,SM-A165M,Unlock,"",bardha.korqaj@tenton.co,2026-07-18 20:51:47,2026-07-19 20:56:10,2026-07-25 20:50:38,"Credimas","","","",""
credimasbcs-prod,7287672578025597,353181615536928,,PREPAID,Locked,2026-06-09 14:13:10,2026-06-09 14:20:05,KnoxGuard,SAMSUNG,SM-A175F,Lock,"",system@trustonic.com,2026-07-17 19:25:34,2026-07-17 14:05:21,2026-07-17 19:20:32,"Credimas","","","",""
credimasbcs-prod,7288862206841737,353417142473304,,PREPAID,Active,2026-06-20 17:14:31,2026-06-20 17:18:57,Motosafe,MOTOROLA,XT2333-1,Reload,"",bardha.korqaj@tenton.co,2026-07-18 16:26:39,2026-07-19 16:29:24,2026-07-25 17:31:46,"Credimas","","","",""
credimasbcs-prod,7302515846199842,353417142465136,,PREPAID,Active,2026-07-19 20:26:03,2026-07-19 20:32:07,Motosafe,MOTOROLA,XT2333-1,Reload,"",bardha.korqaj@tenton.co,2026-07-19 20:37:58,2026-07-19 20:37:58,2026-07-26 20:37:49,"Credimas","","","",""
credimasbcs-prod,7306930103576026,351460450514584,,PREPAID,Active,2026-05-10 10:31:49,2026-05-10 10:43:41,KnoxGuard,SAMSUNG,SM-A156M/DSN,Reload,"",bardha.korqaj@tenton.co,2026-07-19 19:34:23,2026-07-19 19:33:56,2026-07-26 22:10:43,"Credimas","","","",""
credimasbcs-prod,7342709344645712,357764830059598,,PREPAID,Active,2026-05-30 20:58:30,2026-05-30 21:03:55,KnoxGuard,SAMSUNG,SM-A266M/DS,Reload,"",bardha.korqaj@tenton.co,2026-07-18 20:06:13,2026-07-19 20:08:29,2026-07-25 21:07:46,"Credimas","","","",""
credimasbcs-prod,7344313611004536,355436691782673,,PREPAID,Active,2026-05-10 13:44:57,2026-05-10 13:51:23,KnoxGuard,SAMSUNG,SM-A165M,Unlock,"",bardha.korqaj@tenton.co,2026-07-13 15:08:10,2026-07-14 19:54:24,2026-07-20 15:07:19,"Credimas","","","",""
credimasbcs-prod,7388059869082471,355436691644667,,PREPAID,Active,2026-06-05 20:22:16,2026-06-05 20:29:07,KnoxGuard,SAMSUNG,SM-A165M,Reload,"",bardha.korqaj@tenton.co,2026-07-19 18:04:04,2026-07-19 18:37:13,2026-07-26 20:20:31,"Credimas","","","",""
credimasbcs-prod,7391938594978329,351755484908946,,PREPAID,Active,2026-06-29 20:21:46,2026-06-29 20:25:32,KnoxGuard,SAMSUNG,SM-A075M,Reload,"",bardha.korqaj@tenton.co,2026-07-13 19:36:07,2026-07-15 19:35:44,2026-07-20 22:24:08,"Credimas","","","",""
credimasbcs-prod,7395482825255660,354499630113401,,PREPAID,Active,2026-07-18 19:47:10,2026-07-18 19:53:34,KnoxGuard,SAMSUNG,SM-A175F,Reload,"",bardha.korqaj@tenton.co,2026-07-18 20:03:10,2026-07-19 21:31:53,2026-07-25 20:02:02,"Credimas","","","",""
credimasbcs-prod,7395660967476692,352041714984711,,PREPAID,Active,2026-07-02 12:27:29,2026-07-02 12:30:25,KnoxGuard,SAMSUNG,SM-A366E/DS,Reload,"",bardha.korqaj@tenton.co,2026-07-16 10:20:51,2026-07-19 21:32:26,2026-07-23 12:39:17,"Credimas","","","",""
credimasbcs-prod,7400190407753696,353417142467835,,PREPAID,Active,2026-07-11 18:00:14,2026-07-11 18:43:48,Motosafe,MOTOROLA,XT2333-1,Unlock,"",bardha.korqaj@tenton.co,2026-07-18 21:06:28,2026-07-18 21:06:28,2026-07-25 21:03:03,"Credimas","","","",""
credimasbcs-prod,7400501329361014,353181615537017,,PREPAID,Locked,2026-07-04 14:58:35,2026-07-04 15:00:40,KnoxGuard,SAMSUNG,SM-A175F,Lock,"",system@trustonic.com,2026-07-14 13:40:37,2026-07-13 16:28:01,2026-07-14 13:27:58,"Credimas","","","",""
credimasbcs-prod,7401092893167775,353485921636607,,PREPAID,Active,2026-07-01 16:26:33,2026-07-01 16:30:43,KnoxGuard,SAMSUNG,SM-A366E/DS,Unlock,"",bardha.korqaj@tenton.co,2026-07-16 22:22:20,2026-07-19 14:39:19,2026-07-23 22:21:06,"Credimas","","","",""
credimasbcs-prod,7417502758945703,351755484221035,,PREPAID,Active,2026-06-28 12:55:22,2026-06-28 13:05:38,KnoxGuard,SAMSUNG,SM-A075M,Unlock,"",bardha.korqaj@tenton.co,2026-07-16 14:50:18,2026-07-19 09:58:55,2026-07-23 14:49:06,"Credimas","","","",""
credimasbcs-prod,7418348120002370,356034168527215,,PREPAID,Locked,2026-05-04 20:15:57,2026-05-04 20:29:12,KnoxGuard,SAMSUNG,SM-A165M,Lock,"",system@trustonic.com,2026-07-18 14:10:37,2026-07-16 12:25:24,2026-07-18 13:56:52,"Credimas","","","",""
credimasbcs-prod,7446903297182958,355436691794868,,PREPAID,Active,2026-06-22 16:00:35,2026-06-22 16:06:48,KnoxGuard,SAMSUNG,SM-A165M,Reload,"",bardha.korqaj@tenton.co,2026-07-17 16:19:29,2026-07-19 21:46:46,2026-08-03 16:13:16,"Credimas","","","",""
credimasbcs-prod,7462802034157843,351755484086610,,PREPAID,Locked,2026-06-20 18:00:44,2026-06-20 18:04:04,KnoxGuard,SAMSUNG,SM-A075M,Lock,"",system@trustonic.com,2026-07-19 17:10:36,2026-07-19 17:10:28,2026-07-19 17:10:21,"Credimas","","","",""
credimasbcs-prod,7476385239488086,350792390143889,,PREPAID,Active,2026-07-10 19:45:01,2026-07-10 19:48:47,G-LOCK,TECNO,LK7k,Unlock,"",bardha.korqaj@tenton.co,2026-07-18 15:04:17,2026-07-19 15:04:55,2026-07-25 15:04:12,"Credimas","","","",""
credimasbcs-prod,7480728185231028,353417142469112,,PREPAID,Active,2026-07-03 18:48:29,2026-07-03 18:51:07,Motosafe,MOTOROLA,XT2333-1,Reload,"",bardha.korqaj@tenton.co,2026-07-17 15:35:14,2026-07-20 02:16:09,2026-07-24 18:58:20,"Credimas","","","",""
credimasbcs-prod,7480957244142224,351755484090281,,PREPAID,Active,2026-05-17 19:03:54,2026-05-17 19:05:41,KnoxGuard,SAMSUNG,SM-A075M,Unlock,"",bardha.korqaj@tenton.co,2026-07-19 11:13:31,2026-07-19 11:13:01,2026-07-26 11:12:08,"Credimas","","","",""
credimasbcs-prod,7483337142237951,354944600070107,,PREPAID,Active,2026-06-10 13:37:26,2026-06-10 13:41:01,G-LOCK,INFINIX,X6730B,Reload,"",bardha.korqaj@tenton.co,2026-07-15 18:01:38,2026-07-15 18:01:39,2026-07-22 19:16:59,"Credimas","","","",""
credimasbcs-prod,7487246742519096,353417142462588,,PREPAID,Active,2026-07-13 19:55:23,2026-07-13 20:06:30,Motosafe,MOTOROLA,XT2333-1,Unlock,"",bardha.korqaj@tenton.co,2026-07-15 17:19:32,2026-07-15 17:19:33,2026-07-20 20:12:44,"Credimas","","","",""
credimasbcs-prod,7487786854238678,351755482499286,,PREPAID,Active,2026-07-07 15:28:14,2026-07-07 15:30:55,KnoxGuard,SAMSUNG,SM-A075M,Unlock,"",bardha.korqaj@tenton.co,2026-07-18 15:58:53,2026-07-18 21:09:38,2026-07-25 15:57:55,"Credimas","","","",""
credimasbcs-prod,7495907824062440,350792390113395,,PREPAID,Locked,2026-05-27 10:27:41,2026-05-27 10:30:41,G-LOCK,TECNO,LK7k,Lock,"",system@trustonic.com,2026-07-12 15:40:36,2026-07-11 15:38:47,2026-07-12 15:38:43,"Credimas","","","",""
credimasbcs-prod,7496414854320759,353485921417446,,PREPAID,Active,2026-06-16 19:26:33,2026-06-16 19:29:58,KnoxGuard,SAMSUNG,SM-A366E/DS,Unlock,"",bardha.korqaj@tenton.co,2026-07-15 18:37:47,2026-07-15 18:37:26,2026-07-22 18:36:45,"Credimas","","","",""
credimasbcs-prod,7509094435817043,865092084951939,,PREPAID,Active,2026-06-05 20:07:08,2026-06-05 20:09:26,G-LOCK,HONOR,BRP-NX3,Reload,"",bardha.korqaj@tenton.co,2026-07-17 15:39:16,2026-07-19 16:23:23,2026-07-24 20:15:02,"Credimas","","","",""
credimasbcs-prod,7533719192315774,353270602654040,,PREPAID,Locked,2026-07-05 10:46:02,2026-07-05 10:48:15,Motosafe,MOTOROLA,XT2425-1,Lock,"",system@trustonic.com,2026-07-12 10:55:59,2026-07-10 17:54:20,2026-07-12 10:54:05,"Credimas","","","",""
credimasbcs-prod,7535281072355047,355436691408469,,PREPAID,Active,2026-07-15 11:20:03,2026-07-15 11:24:01,KnoxGuard,SAMSUNG,SM-A165M,Reload,"",bardha.korqaj@tenton.co,2026-07-19 08:50:27,2026-07-19 08:49:58,2026-07-29 11:30:36,"Credimas","","","",""
credimasbcs-prod,7577738015022180,356034168144219,,PREPAID,Locked,2026-05-18 12:21:36,2026-05-18 12:31:06,KnoxGuard,SAMSUNG,SM-A165M,Lock,"",system@trustonic.com,2026-07-19 10:25:40,2026-07-18 20:40:08,2026-07-19 10:17:54,"Credimas","","","",""
credimasbcs-prod,7579007309483571,352335289971792,,PREPAID,Active,2026-07-19 12:13:45,2026-07-19 12:27:03,KnoxGuard,SAMSUNG,SM-G991U1,Reload,"",bardha.korqaj@tenton.co,2026-07-19 12:49:51,2026-07-19 12:50:21,2026-07-26 12:48:41,"Credimas","","","",""
credimasbcs-prod,7579568751410176,354499630204770,,PREPAID,Active,2026-05-28 19:29:31,2026-05-28 19:38:31,KnoxGuard,SAMSUNG,SM-A175F,Reload,"",bardha.korqaj@tenton.co,2026-07-17 20:16:04,2026-07-17 20:15:18,2026-07-24 21:06:04,"Credimas","","","",""
credimasbcs-prod,7583708639453535,352749382021505,,PREPAID,Active,2026-05-07 10:54:50,2026-05-07 11:02:26,KnoxGuard,SAMSUNG,SM-A155M/DSN,Reload,"",bardha.korqaj@tenton.co,2026-07-16 10:30:31,2026-07-20 06:15:01,2026-07-23 12:58:41,"Credimas","","","",""
credimasbcs-prod,7590254133058902,359679326448410,,PREPAID,Locked,2026-07-12 15:28:58,2026-07-12 15:42:21,Motosafe,MOTOROLA,XT2343-1,Lock,"",bardha.korqaj@tenton.co,2026-07-13 21:57:53,2026-07-13 22:34:56,2026-07-13 15:39:47,"Credimas","","","",""
credimasbcs-prod,7616071572402555,352041714125000,,PREPAID,Active,2026-06-19 16:03:58,2026-06-19 16:17:42,KnoxGuard,SAMSUNG,SM-A366E/DS,Reload,"",bardha.korqaj@tenton.co,2026-07-17 12:01:58,2026-07-19 21:23:53,2026-07-24 17:02:02,"Credimas","","","",""
credimasbcs-prod,7630504395168665,352000538965538,,PREPAID,Locked,2026-07-17 15:24:29,2026-07-17 15:34:06,Motosafe,MOTOROLA,XT2341-2,Lock,"",bardha.korqaj@tenton.co,2026-07-19 20:20:20,2026-07-19 20:20:21,2026-07-19 13:07:26,"Credimas","","","",""
credimasbcs-prod,7648405865014908,356214264320232,,PREPAID,Active,2026-07-05 18:27:23,2026-07-05 18:31:14,Motosafe,MOTOROLA,XT2363-1,Reload,"",bardha.korqaj@tenton.co,2026-07-05 18:47:01,2026-07-05 18:47:03,2026-07-12 18:45:07,"Credimas","","","",""
credimasbcs-prod,7665737034812974,350901800545191,,PREPAID,Active,2026-05-09 21:02:51,2026-05-09 21:04:23,KnoxGuard,SAMSUNG,SM-A175F/DS,Reload,"",bardha.korqaj@tenton.co,2026-07-13 08:03:59,2026-07-13 08:03:23,2026-07-21 08:10:19,"Credimas","","","",""
credimasbcs-prod,7670052714651304,351755482881244,,PREPAID,Locked,2026-07-08 16:04:47,2026-07-08 16:11:24,KnoxGuard,SAMSUNG,SM-A075M,Lock,"",system@trustonic.com,2026-07-15 16:22:24,2026-07-15 16:18:12,2026-07-15 16:18:01,"Credimas","","","",""
credimasbcs-prod,7690932845380431,351755482884719,,PREPAID,Active,2026-05-04 20:03:43,2026-05-04 20:39:07,KnoxGuard,SAMSUNG,SM-A075M,Reload,"",bardha.korqaj@tenton.co,2026-07-19 18:22:22,2026-07-19 18:22:07,2026-07-26 18:21:20,"Credimas","","","",""
credimasbcs-prod,7693735527157068,865092084831156,,PREPAID,Active,2026-05-23 15:27:59,2026-05-23 15:30:29,G-LOCK,HONOR,BRP-NX3,Reload,"",bardha.korqaj@tenton.co,2026-07-19 12:48:29,2026-07-19 12:48:31,2026-07-27 11:54:53,"Credimas","","","",""
credimasbcs-prod,7719402883962895,352041714079140,,PREPAID,Active,2026-06-22 13:34:36,2026-06-22 13:38:05,KnoxGuard,SAMSUNG,SM-A366E/DS,Reload,"",bardha.korqaj@tenton.co,2026-07-14 12:11:00,2026-07-15 12:10:08,2026-07-21 15:37:48,"Credimas","","","",""
credimasbcs-prod,7724984200405572,351755482182205,,PREPAID,Locked,2026-05-11 13:47:47,2026-05-11 13:53:01,KnoxGuard,SAMSUNG,SM-A075M,Lock,"",system@trustonic.com,2026-07-13 15:02:15,2026-07-13 15:01:44,2026-07-13 15:01:30,"Credimas","","","",""
credimasbcs-prod,7737243044163035,354499630080691,,PREPAID,Active,2026-05-10 13:35:53,2026-05-10 13:46:29,KnoxGuard,SAMSUNG,SM-A175F,Reload,"",bardha.korqaj@tenton.co,2026-07-19 14:01:36,2026-07-19 14:03:05,2026-07-26 17:33:17,"Credimas","","","",""
credimasbcs-prod,7749959954941991,354696572748033,,PREPAID,Active,2026-07-03 20:49:46,2026-07-03 20:53:18,Motosafe,MOTOROLA,XT2333-1,Reload,"",bardha.korqaj@tenton.co,2026-07-17 21:15:54,2026-07-19 21:56:43,2026-07-24 21:01:44,"Credimas","","","",""
credimasbcs-prod,7750886807154553,355436691771882,,PREPAID,Active,2026-06-17 10:24:34,2026-06-17 10:29:13,KnoxGuard,SAMSUNG,SM-A165M,Reload,"",bardha.korqaj@tenton.co,2026-07-15 09:38:31,2026-07-15 09:37:56,2026-07-22 10:55:49,"Credimas","","","",""
credimasbcs-prod,7761192365061864,359679325468351,,PREPAID,Active,2026-05-28 19:55:35,2026-05-28 20:04:10,Motosafe,MOTOROLA,XT2343-1,Unlock,"",bardha.korqaj@tenton.co,2026-07-18 16:19:01,2026-07-19 11:45:12,2026-07-25 16:18:56,"Credimas","","","",""
credimasbcs-prod,7784950734216775,351755484930502,,PREPAID,Active,2026-07-12 11:47:20,2026-07-12 11:53:44,KnoxGuard,SAMSUNG,SM-A075M,Unlock,"",bardha.korqaj@tenton.co,2026-07-19 12:41:47,2026-07-19 12:41:33,2026-07-26 12:41:16,"Credimas","","","",""
credimasbcs-prod,7786109437711566,351755483159384,,PREPAID,Active,2026-04-27 17:29:52,2026-04-27 17:35:43,KnoxGuard,SAMSUNG,SM-A075M,Unlock,"",bardha.korqaj@tenton.co,2026-07-16 11:15:20,2026-07-19 11:49:40,2026-07-23 11:13:53,"Credimas","","","",""
credimasbcs-prod,7800072839238770,351755484135920,,PREPAID,Active,2026-07-05 18:19:36,2026-07-05 18:23:30,KnoxGuard,SAMSUNG,SM-A075M,Reload,"",bardha.korqaj@tenton.co,2026-07-19 18:34:27,2026-07-19 18:33:56,2026-07-26 20:14:31,"Credimas","","","",""
credimasbcs-prod,7855596257678801,354499630080550,,PREPAID,Active,2026-06-04 11:29:00,2026-06-04 11:34:33,KnoxGuard,SAMSUNG,SM-A175F,Reload,"",bardha.korqaj@tenton.co,2026-07-17 15:11:06,2026-07-20 00:21:03,2026-07-24 16:31:35,"Credimas","","","",""
credimasbcs-prod,7859383183430736,351755483396135,,PREPAID,Active,2026-07-19 15:18:25,2026-07-19 15:21:54,KnoxGuard,SAMSUNG,SM-A075M,Reload,"",bardha.korqaj@tenton.co,2026-07-19 15:28:40,2026-07-19 15:28:16,2026-07-26 15:27:12,"Credimas","","","",""
credimasbcs-prod,7860974674259731,352000537400578,,PREPAID,Active,2026-07-10 15:09:20,2026-07-10 15:12:53,Motosafe,MOTOROLA,XT2341-2,Unlock,"",bardha.korqaj@tenton.co,2026-07-17 19:02:12,2026-07-17 19:02:12,2026-07-24 19:02:05,"Credimas","","","",""
credimasbcs-prod,7871302135737414,350792390145736,,PREPAID,Active,2026-06-04 12:03:40,2026-06-04 12:07:12,G-LOCK,TECNO,LK7k,Unlock,"",bardha.korqaj@tenton.co,2026-07-19 18:58:11,2026-07-19 18:58:11,2026-07-26 18:57:48,"Credimas","","","",""
credimasbcs-prod,7873150466589216,862118080930263,,PREPAID,Active,2026-07-05 12:56:50,2026-07-05 13:00:07,G-LOCK,HONOR,LGN-LX3,Reload,"",bardha.korqaj@tenton.co,2026-07-18 14:32:43,2026-07-19 14:32:56,2026-07-26 13:06:24,"Credimas","","","",""
credimasbcs-prod,7886217757152540,350290814451459,,PREPAID,Active,2026-05-22 21:02:52,2026-05-22 21:05:34,KnoxGuard,SAMSUNG,SM-A356E/DS,Unlock,"",bardha.korqaj@tenton.co,2026-07-15 22:20:19,2026-07-15 22:19:54,2026-07-22 22:19:06,"Credimas","","","",""
credimasbcs-prod,7904873580894173,356214264287910,,PREPAID,Locked,2026-07-18 12:32:11,2026-07-18 12:37:30,Motosafe,MOTOROLA,XT2363-1,Lock,"",bardha.korqaj@tenton.co,2026-07-19 20:41:06,2026-07-19 23:21:47,2026-07-19 20:29:34,"Credimas","","","",""
credimasbcs-prod,7927758156234593,355436691401977,,PREPAID,Active,2026-07-14 14:58:45,2026-07-14 15:02:48,KnoxGuard,SAMSUNG,SM-A165M,Reload,"",bardha.korqaj@tenton.co,2026-07-14 15:09:16,2026-07-14 15:08:59,2026-07-21 15:08:18,"Credimas","","","",""
credimasbcs-prod,7932411113373828,350601366875210,,PREPAID,Active,2026-06-01 13:48:31,2026-06-01 13:53:00,KnoxGuard,SAMSUNG,SM-A266M/DS,Reload,"",bardha.korqaj@tenton.co,2026-07-15 14:14:46,2026-07-16 08:38:19,2026-07-22 14:38:15,"Credimas","","","",""
credimasbcs-prod,7938233879632727,351755483393793,,PREPAID,Active,2026-06-16 19:18:55,2026-06-16 19:27:53,KnoxGuard,SAMSUNG,SM-A075M,Unlock,"",bardha.korqaj@tenton.co,2026-07-15 23:48:22,2026-07-15 23:47:50,2026-07-22 23:46:59,"Credimas","","","",""
credimasbcs-prod,7971251791832241,351755482911371,,PREPAID,Active,2026-04-29 16:35:24,2026-04-29 16:37:26,KnoxGuard,SAMSUNG,SM-A075M,Unlock,"",bardha.korqaj@tenton.co,2026-07-14 13:38:11,2026-07-16 01:10:20,2026-07-21 13:35:38,"Credimas","","","",""
credimasbcs-prod,8032386025673519,350525790911061,,PREPAID,Active,2026-04-21 18:05:07,2026-04-21 18:10:56,KnoxGuard,SAMSUNG,SM-A166M/DS,Reload,"",bardha.korqaj@tenton.co,2026-07-12 14:28:19,2026-07-12 14:29:10,2026-07-21 18:15:27,"Credimas","","","",""
credimasbcs-prod,8044521568701224,351755482881228,,PREPAID,Active,2026-05-03 18:01:44,2026-05-03 18:09:01,KnoxGuard,SAMSUNG,SM-A075M,Unlock,"",bardha.korqaj@tenton.co,2026-07-17 21:54:06,2026-07-19 22:37:31,2026-07-24 21:53:07,"Credimas","","","",""
credimasbcs-prod,8048839275511846,351755483159376,,PREPAID,Active,2026-04-21 18:06:22,2026-04-21 18:10:38,KnoxGuard,SAMSUNG,SM-A075M,Reload,"",bardha.korqaj@tenton.co,2026-07-16 15:19:59,2026-07-19 15:45:38,2026-07-30 14:09:31,"Credimas","","","",""
credimasbcs-prod,8049795814849544,359679326337852,,PREPAID,Active,2026-05-29 19:13:45,2026-05-29 19:17:53,Motosafe,MOTOROLA,XT2343-1,Reload,"",bardha.korqaj@tenton.co,2026-07-17 19:35:40,2026-07-18 19:35:46,2026-07-24 19:46:48,"Credimas","","","",""
credimasbcs-prod,8085450322431543,351755483392845,,PREPAID,Locked,2026-06-26 11:49:44,2026-06-26 11:54:45,KnoxGuard,SAMSUNG,SM-A075M,Lock,"",system@trustonic.com,2026-07-19 18:25:39,2026-07-19 06:55:19,2026-07-19 18:16:34,"Credimas","","","",""
credimasbcs-prod,8087852683579016,353417142464626,,PREPAID,Locked,2026-05-18 14:21:20,2026-05-18 14:32:15,Motosafe,MOTOROLA,XT2333-1,Lock,"",system@trustonic.com,2026-07-11 19:40:39,2026-07-08 21:31:48,2026-07-11 19:36:10,"Credimas","","","",""
credimasbcs-prod,8092438009505660,351755483373571,,PREPAID,Active,2026-06-12 12:19:24,2026-06-12 12:43:58,KnoxGuard,SAMSUNG,SM-A075M,Reload,"",bardha.korqaj@tenton.co,2026-07-17 15:38:50,2026-07-19 17:39:04,2026-07-24 16:06:04,"Credimas","","","",""
credimasbcs-prod,8093439831852826,355436691648775,,PREPAID,Active,2026-05-17 17:16:31,2026-05-17 17:22:47,KnoxGuard,SAMSUNG,SM-A165M,Unlock,"",bardha.korqaj@tenton.co,2026-07-19 13:02:16,2026-07-15 23:54:24,2026-07-26 13:01:13,"Credimas","","","",""
credimasbcs-prod,8108367543609184,353417142469344,,PREPAID,Locked,2026-06-28 19:02:25,2026-06-28 19:04:46,Motosafe,MOTOROLA,XT2333-1,Lock,"",system@trustonic.com,2026-07-05 19:25:31,2026-06-28 19:10:52,2026-07-05 19:10:45,"Credimas","","","",""
credimasbcs-prod,8118893994957119,351755484933563,,PREPAID,Active,2026-07-11 15:58:23,2026-07-11 16:04:54,KnoxGuard,SAMSUNG,SM-A075M,Reload,"",bardha.korqaj@tenton.co,2026-07-17 21:07:12,2026-07-19 21:53:37,2026-07-25 16:08:59,"Credimas","","","",""
credimasbcs-prod,8121853777575504,351755483393918,,PREPAID,Active,2026-06-13 17:09:51,2026-06-13 17:19:15,KnoxGuard,SAMSUNG,SM-A075M,Reload,"",bardha.korqaj@tenton.co,2026-07-18 19:49:49,2026-07-19 19:49:21,2026-07-25 21:10:25,"Credimas","","","",""
credimasbcs-prod,8130131219588293,350901800523685,,PREPAID,Active,2026-06-22 16:37:12,2026-06-22 16:39:21,KnoxGuard,SAMSUNG,SM-A175F/DS,Reload,"",bardha.korqaj@tenton.co,2026-07-13 16:25:21,2026-07-15 16:25:01,2026-07-20 16:46:56,"Credimas","","","",""
credimasbcs-prod,8138771809304856,351755482824384,,PREPAID,Active,2026-06-10 12:13:31,2026-06-10 12:20:26,KnoxGuard,SAMSUNG,SM-A075M,Reload,"",bardha.korqaj@tenton.co,2026-07-13 11:37:16,2026-07-15 11:36:35,2026-07-22 18:46:14,"Credimas","","","",""
credimasbcs-prod,8172109822060414,351755482884750,,PREPAID,Active,2026-07-11 19:07:27,2026-07-11 19:15:12,KnoxGuard,SAMSUNG,SM-A075M,Unlock,"",bardha.korqaj@tenton.co,2026-07-19 12:24:00,2026-07-19 13:30:17,2026-07-26 12:22:51,"Credimas","","","",""
credimasbcs-prod,8174601335245969,351755484136175,,PREPAID,Active,2026-06-26 18:05:47,2026-06-26 18:12:06,KnoxGuard,SAMSUNG,SM-A075M,Unlock,"",bardha.korqaj@tenton.co,2026-07-15 16:16:23,2026-07-15 16:15:45,2026-07-22 16:14:46,"Credimas","","","",""
credimasbcs-prod,8191567815381617,355436691642034,,PREPAID,Ready For Use,2026-07-19 18:26:06,,KnoxGuard,SAMSUNG,SM-A165M,Register,"",bardha.korqaj@tenton.co,2026-07-19 18:26:06,,,"Credimas","","","",""
credimasbcs-prod,8249928609432778,356214264322238,,PREPAID,Active,2026-05-30 17:02:18,2026-05-30 17:06:26,Motosafe,MOTOROLA,XT2363-1,Reload,"",bardha.korqaj@tenton.co,2026-07-18 15:43:41,2026-07-19 19:21:04,2026-07-25 18:03:38,"Credimas","","","",""
credimasbcs-prod,8250170641925944,355436690414781,,PREPAID,Active,2026-06-22 13:40:42,2026-06-22 13:44:36,KnoxGuard,SAMSUNG,SM-A165M,Reload,"",bardha.korqaj@tenton.co,2026-07-15 01:24:29,2026-07-16 01:24:09,2026-08-03 20:27:42,"Credimas","","","",""
credimasbcs-prod,8261638160668820,355436691640749,,PREPAID,Active,2026-07-06 13:56:21,2026-07-06 14:00:02,KnoxGuard,SAMSUNG,SM-A165M,Reload,"",bardha.korqaj@tenton.co,2026-07-18 11:03:36,2026-07-19 14:34:02,2026-07-27 14:15:11,"Credimas","","","",""
credimasbcs-prod,8287799503623240,356700840012368,,PREPAID,Active,2026-07-02 16:52:40,2026-07-02 16:58:02,KnoxGuard,SAMSUNG,SM-A366E/DS,Reload,"",bardha.korqaj@tenton.co,2026-07-16 19:13:50,2026-07-19 10:25:18,2026-07-23 19:23:21,"Credimas","","","",""
credimasbcs-prod,8290125597331124,351755483375170,,PREPAID,Active,2026-07-18 18:31:40,2026-07-18 18:33:57,KnoxGuard,SAMSUNG,SM-A075M,Reload,"",bardha.korqaj@tenton.co,2026-07-18 19:32:05,2026-07-19 19:32:02,2026-07-25 19:31:03,"Credimas","","","",""
credimasbcs-prod,8308577052339766,356700840009455,,PREPAID,Active,2026-07-05 18:11:15,2026-07-05 18:23:32,KnoxGuard,SAMSUNG,SM-A366E/DS,Reload,"",bardha.korqaj@tenton.co,2026-07-19 19:23:42,2026-07-19 19:47:19,2026-07-27 08:02:58,"Credimas","","","",""
credimasbcs-prod,8330961164859557,351755482887514,,PREPAID,Locked,2026-06-02 17:31:18,2026-06-02 17:46:01,KnoxGuard,SAMSUNG,SM-A075M,Lock,"",system@trustonic.com,2026-07-03 16:40:43,2026-06-29 10:22:05,2026-07-03 16:35:48,"Credimas","","","",""
credimasbcs-prod,8335503701633871,865092084951582,,PREPAID,Locked,2026-07-02 16:30:55,2026-07-02 16:33:02,G-LOCK,HONOR,BRP-NX3,Lock,"",system@trustonic.com,2026-07-09 16:40:42,2026-07-12 21:32:10,2026-07-09 16:40:01,"Credimas","","","",""
credimasbcs-prod,8339822583590497,353417142463255,,PREPAID,Locked,2026-07-18 15:27:25,2026-07-18 15:38:44,Motosafe,MOTOROLA,XT2333-1,Lock,"",bardha.korqaj@tenton.co,2026-07-19 21:30:58,2026-07-19 21:32:50,2026-07-19 21:30:54,"Credimas","","","",""
credimasbcs-prod,8344427283020297,355436691641846,,PREPAID,Active,2026-05-12 16:15:07,2026-05-12 16:21:25,KnoxGuard,SAMSUNG,SM-A165M,Unlock,"",bardha.korqaj@tenton.co,2026-07-14 23:36:42,2026-07-15 07:59:25,2026-07-21 23:35:31,"Credimas","","","",""
credimasbcs-prod,8348124055692345,354499630543441,,PREPAID,Active,2026-06-19 17:57:22,2026-06-19 18:02:50,KnoxGuard,SAMSUNG,SM-A175F,Reload,"",bardha.korqaj@tenton.co,2026-07-17 18:13:45,2026-07-19 14:18:50,2026-07-24 18:15:16,"Credimas","","","",""
credimasbcs-prod,8351361674715388,351755483434621,,PREPAID,Active,2026-06-22 17:14:51,2026-06-22 17:21:33,KnoxGuard,SAMSUNG,SM-A075M,Unlock,"",bardha.korqaj@tenton.co,2026-07-15 18:58:51,2026-07-15 18:58:25,2026-07-22 18:57:53,"Credimas","","","",""
credimasbcs-prod,8354070138305947,354696573753933,,PREPAID,Active,2026-06-28 19:51:38,2026-06-28 19:54:43,Motosafe,MOTOROLA,XT2333-1,Unlock,"",bardha.korqaj@tenton.co,2026-07-18 09:43:39,2026-07-20 02:21:16,2026-07-25 09:39:16,"Credimas","","","",""
credimasbcs-prod,8384337379016381,353417142462612,,PREPAID,Locked,2026-07-10 09:44:16,2026-07-10 09:53:00,Motosafe,MOTOROLA,XT2333-1,Lock,"",system@trustonic.com,2026-07-17 10:10:43,2026-07-16 23:58:15,2026-07-17 10:00:50,"Credimas","","","",""
credimasbcs-prod,8385099405805254,351755484988815,,PREPAID,Active,2026-05-18 10:28:41,2026-05-18 10:34:54,KnoxGuard,SAMSUNG,SM-A075M,Reload,"",bardha.korqaj@tenton.co,2026-07-14 08:18:03,2026-07-16 08:16:58,2026-07-21 19:39:03,"Credimas","","","",""
credimasbcs-prod,8386791360126372,350792390132163,,PREPAID,Active,2026-07-06 13:24:55,2026-07-06 13:26:37,G-LOCK,TECNO,LK7k,Reload,"",bardha.korqaj@tenton.co,2026-07-19 21:25:46,2026-07-19 21:25:47,2026-07-27 13:35:20,"Credimas","","","",""
credimasbcs-prod,8393133139493039,353270602675326,,PREPAID,Locked,2026-07-12 11:12:19,2026-07-12 11:17:05,Motosafe,MOTOROLA,XT2425-1,Lock,"",system@trustonic.com,2026-07-19 11:25:40,2026-07-19 12:54:19,2026-07-19 11:23:57,"Credimas","","","",""
credimasbcs-prod,8397718760610664,355436691772047,,PREPAID,Active,2026-07-06 13:23:01,2026-07-06 13:28:50,KnoxGuard,SAMSUNG,SM-A165M,Unlock,"",bardha.korqaj@tenton.co,2026-07-13 18:55:39,2026-07-15 18:57:29,2026-07-20 18:54:33,"Credimas","","","",""
credimasbcs-prod,8431981204744254,353181618036298,,PREPAID,Active,2026-06-08 14:17:25,2026-06-08 14:23:20,KnoxGuard,SAMSUNG,SM-A175F,Reload,"",bardha.korqaj@tenton.co,2026-07-18 21:54:49,2026-07-19 21:57:21,2026-07-27 14:40:11,"Credimas","","","",""
credimasbcs-prod,8450124175024334,351755484906031,,PREPAID,Active,2026-06-26 12:54:31,2026-06-26 13:02:51,KnoxGuard,SAMSUNG,SM-A075M,Reload,"",bardha.korqaj@tenton.co,2026-07-18 14:17:32,2026-07-19 16:01:55,2026-07-27 12:14:34,"Credimas","","","",""
credimasbcs-prod,8465150670812390,353417142467405,,PREPAID,Active,2026-06-30 16:43:22,2026-06-30 16:46:27,Motosafe,MOTOROLA,XT2333-1,Unlock,"",bardha.korqaj@tenton.co,2026-07-14 17:37:10,2026-07-16 02:09:32,2026-07-21 17:37:05,"Credimas","","","",""
credimasbcs-prod,8484778543820774,355436691795626,,PREPAID,Active,2026-05-14 21:36:58,2026-05-24 20:39:06,KnoxGuard,SAMSUNG,SM-A165M,Reload,"",bardha.korqaj@tenton.co,2026-07-17 11:41:20,2026-07-20 01:56:05,2026-07-24 13:04:09,"Credimas","","","",""
credimasbcs-prod,8493398882110540,356034165366039,,PREPAID,Locked,2026-07-16 19:46:51,2026-07-16 19:52:43,KnoxGuard,SAMSUNG,SM-A165M,Lock,"",bardha.korqaj@tenton.co,2026-07-18 19:00:03,2026-07-17 23:35:04,2026-07-18 18:57:40,"Credimas","","","",""
credimasbcs-prod,8497451120671090,355436691794645,,PREPAID,Active,2026-04-24 17:51:05,2026-04-24 17:58:21,KnoxGuard,SAMSUNG,SM-A165M,Reload,"",bardha.korqaj@tenton.co,2026-07-18 13:55:35,2026-07-19 13:55:03,2026-07-25 18:28:02,"Credimas","","","",""
credimasbcs-prod,8498448008687591,355436691783622,,PREPAID,Active,2026-07-04 16:39:09,2026-07-04 16:43:11,KnoxGuard,SAMSUNG,SM-A165M,Reload,"",bardha.korqaj@tenton.co,2026-07-18 13:41:54,2026-07-19 13:38:47,2026-07-25 17:22:22,"Credimas","","","",""
credimasbcs-prod,8509969525571689,354696572739396,,PREPAID,Active,2026-06-14 17:07:33,2026-06-14 17:16:22,Motosafe,MOTOROLA,XT2333-1,Reload,"",bardha.korqaj@tenton.co,2026-07-19 12:34:32,2026-07-19 12:34:33,2026-07-26 17:39:42,"Credimas","","","",""
credimasbcs-prod,8517844088146128,353417142468213,,PREPAID,Active,2026-07-12 13:18:36,2026-07-12 13:26:38,Motosafe,MOTOROLA,XT2333-1,Unlock,"",bardha.korqaj@tenton.co,2026-07-19 17:11:48,2026-07-19 17:11:49,2026-07-26 17:10:50,"Credimas","","","",""
credimasbcs-prod,8529964865497221,353417142467785,,PREPAID,Active,2026-06-30 12:39:41,2026-06-30 12:55:20,Motosafe,MOTOROLA,XT2333-1,Unlock,"",bardha.korqaj@tenton.co,2026-07-16 20:46:11,2026-07-19 20:57:20,2026-07-23 20:21:56,"Credimas","","","",""
credimasbcs-prod,8540383964472986,351755482887399,,PREPAID,Released,2026-04-25 20:46:37,2026-04-25 20:55:48,KnoxGuard,SAMSUNG,SM-A075M,Release,"",bardha.korqaj@tenton.co,2026-07-10 21:22:01,2026-07-10 20:17:19,2026-07-23 21:41:52,"Credimas","","","",""
credimasbcs-prod,8543810879015499,351755482881657,,PREPAID,Active,2026-06-10 16:59:27,2026-06-10 17:11:43,KnoxGuard,SAMSUNG,SM-A075M,Reload,"",bardha.korqaj@tenton.co,2026-07-16 16:13:33,2026-07-19 13:03:03,2026-07-23 17:11:26,"Credimas","","","",""
credimasbcs-prod,8590196335448330,351755482900838,,PREPAID,Active,2026-05-10 13:49:42,2026-05-10 13:56:20,KnoxGuard,SAMSUNG,SM-A075M,Reload,"",bardha.korqaj@tenton.co,2026-07-12 11:29:18,2026-07-12 11:51:20,2026-07-20 15:57:07,"Credimas","","","",""
credimasbcs-prod,8609311710176656,351755484964444,,PREPAID,Active,2026-06-14 12:24:33,2026-06-14 12:28:30,KnoxGuard,SAMSUNG,SM-A075M,Unlock,"",bardha.korqaj@tenton.co,2026-07-14 20:07:26,2026-07-15 18:14:50,2026-07-21 20:06:27,"Credimas","","","",""
credimasbcs-prod,8610184378691120,354499630103253,,PREPAID,Active,2026-07-05 13:48:08,2026-07-05 13:52:41,KnoxGuard,SAMSUNG,SM-A175F,Reload,"",bardha.korqaj@tenton.co,2026-07-19 09:23:42,2026-07-19 20:48:47,2026-07-26 14:01:33,"Credimas","","","",""
credimasbcs-prod,8626163933892692,353417142464634,,PREPAID,Ready For Use,2026-07-05 17:18:41,,Motosafe,MOTOROLA,XT2333-1,Register,"",bardha.korqaj@tenton.co,2026-07-05 17:18:41,,,"Credimas","","","",""
credimasbcs-prod,8631660354076089,355436691797242,,PREPAID,Active,2026-06-28 15:53:36,2026-06-28 15:59:30,KnoxGuard,SAMSUNG,SM-A165M,Reload,"",bardha.korqaj@tenton.co,2026-07-18 18:56:57,2026-07-19 20:44:11,2026-07-26 16:12:27,"Credimas","","","",""
credimasbcs-prod,8646497883270400,351755483393710,,PREPAID,Locked,2026-07-12 20:03:40,2026-07-12 20:10:57,KnoxGuard,SAMSUNG,SM-A075M,Lock,"",system@trustonic.com,2026-07-19 20:25:32,2026-07-19 15:18:56,2026-07-19 20:23:31,"Credimas","","","",""
credimasbcs-prod,8653763666155064,354944600074448,,PREPAID,Active,2026-06-24 20:08:05,2026-06-24 20:23:52,G-LOCK,INFINIX,X6730B,Unlock,"",bardha.korqaj@tenton.co,2026-07-15 22:16:09,2026-07-15 22:16:11,2026-07-22 22:16:02,"Credimas","","","",""
credimasbcs-prod,8659975337078606,351755483249722,,PREPAID,Locked,2026-06-07 20:21:02,2026-06-07 20:25:43,KnoxGuard,SAMSUNG,SM-A075M,Lock,"",system@trustonic.com,2026-07-18 15:55:35,2026-07-18 13:48:02,2026-07-18 15:51:37,"Credimas","","","",""
credimasbcs-prod,8668510051274310,351755481068272,,PREPAID,Active,2026-06-15 16:55:30,2026-06-15 16:58:54,KnoxGuard,SAMSUNG,SM-A075M,Reload,"",bardha.korqaj@tenton.co,2026-07-04 20:22:16,2026-07-05 20:22:36,2026-07-25 19:00:35,"Credimas","","","",""
credimasbcs-prod,8694153112081686,353417142467447,,PREPAID,Active,2026-06-13 20:41:29,2026-06-13 20:45:11,Motosafe,MOTOROLA,XT2333-1,Reload,"",bardha.korqaj@tenton.co,2026-07-19 19:56:35,2026-07-19 19:56:35,2026-07-26 11:56:44,"Credimas","","","",""
credimasbcs-prod,8696126995687458,356034168144128,,PREPAID,Active,2026-05-19 19:52:36,2026-05-19 19:57:17,KnoxGuard,SAMSUNG,SM-A165M,Reload,"",bardha.korqaj@tenton.co,2026-07-15 19:08:36,2026-07-15 19:20:22,2026-07-22 19:12:51,"Credimas","","","",""
credimasbcs-prod,8696461780016371,356034168526126,,PREPAID,Active,2026-06-17 19:06:17,2026-06-17 19:12:56,KnoxGuard,SAMSUNG,SM-A165M,Unlock,"",bardha.korqaj@tenton.co,2026-07-18 23:07:51,2026-07-19 12:03:25,2026-07-25 23:06:44,"Credimas","","","",""
credimasbcs-prod,8703147191509015,352335289971198,,PREPAID,Active,2026-05-31 12:35:23,2026-05-31 12:36:21,KnoxGuard,SAMSUNG,SM-G991U1,Reload,"",bardha.korqaj@tenton.co,2026-07-18 17:50:23,2026-07-18 17:49:35,2026-07-26 12:52:31,"Credimas","","","",""
credimasbcs-prod,8703286517728145,355436690409666,,PREPAID,Active,2026-06-07 12:27:02,2026-06-07 12:38:00,KnoxGuard,SAMSUNG,SM-A165M,Unlock,"",bardha.korqaj@tenton.co,2026-07-16 12:37:37,2026-07-19 18:51:10,2026-07-23 12:36:27,"Credimas","","","",""
credimasbcs-prod,8714426777106690,353485921417107,,PREPAID,Active,2026-07-01 13:47:01,2026-07-01 13:50:25,KnoxGuard,SAMSUNG,SM-A366E/DS,Unlock,"",bardha.korqaj@tenton.co,2026-07-17 13:57:29,2026-07-20 00:06:29,2026-07-24 13:55:17,"Credimas","","","",""
credimasbcs-prod,8714474422772714,357617702585035,,PREPAID,Active,2026-05-05 15:53:20,2026-05-05 15:54:15,KnoxGuard,SAMSUNG,SM-A266M/DS,Reload,"",bardha.korqaj@tenton.co,2026-07-14 17:45:13,2026-07-15 17:44:33,2026-07-21 18:02:42,"Credimas","","","",""
credimasbcs-prod,8755077296944604,351755484935212,,PREPAID,Active,2026-06-03 13:14:19,2026-06-03 13:16:58,KnoxGuard,SAMSUNG,SM-A075M,Unlock,"",bardha.korqaj@tenton.co,2026-07-18 12:11:09,2026-07-20 00:12:49,2026-07-25 12:08:43,"Credimas","","","",""
credimasbcs-prod,8767382007544294,355436691775404,,PREPAID,Active,2026-04-26 15:24:39,2026-04-26 15:29:47,KnoxGuard,SAMSUNG,SM-A165M,Unlock,"",bardha.korqaj@tenton.co,2026-07-13 19:18:18,2026-07-15 19:17:55,2026-07-20 19:16:52,"Credimas","","","",""
credimasbcs-prod,8782092020919293,351755483433565,,PREPAID,Active,2026-06-03 19:16:24,2026-06-03 19:22:20,KnoxGuard,SAMSUNG,SM-A075M,Unlock,"",bardha.korqaj@tenton.co,2026-07-18 11:31:07,2026-07-19 11:30:29,2026-07-25 11:29:14,"Credimas","","","",""
credimasbcs-prod,8812416013976490,352000537394797,,PREPAID,Active,2026-07-16 13:04:47,2026-07-16 13:10:33,Motosafe,MOTOROLA,XT2341-2,Reload,"",bardha.korqaj@tenton.co,2026-07-16 13:24:57,2026-07-19 17:15:03,2026-07-30 13:20:10,"Credimas","","","",""
credimasbcs-prod,8836286954749188,355436690412256,,PREPAID,Active,2026-06-07 16:45:52,2026-06-07 17:07:16,KnoxGuard,SAMSUNG,SM-A165M,Unlock,"",bardha.korqaj@tenton.co,2026-07-18 19:36:27,2026-07-19 20:16:04,2026-07-25 19:35:09,"Credimas","","","",""
credimasbcs-prod,8869680905801874,356034165882381,,PREPAID,Active,2026-07-07 20:35:03,2026-07-07 20:38:45,KnoxGuard,SAMSUNG,SM-A165M,Unlock,"",bardha.korqaj@tenton.co,2026-07-18 19:01:24,2026-07-19 18:59:37,2026-07-25 18:58:36,"Credimas","","","",""
credimasbcs-prod,8873148771278596,351755481151078,,PREPAID,Active,2026-06-14 14:03:22,2026-06-14 14:09:15,KnoxGuard,SAMSUNG,SM-A075M,Unlock,"",bardha.korqaj@tenton.co,2026-07-15 19:44:41,2026-06-28 14:55:02,2026-07-22 19:43:28,"Credimas","","","",""
credimasbcs-prod,8875772091699125,351755483612242,,PREPAID,Active,2026-06-25 19:15:11,2026-06-25 19:22:05,KnoxGuard,SAMSUNG,SM-A075M,Reload,"",bardha.korqaj@tenton.co,2026-07-18 17:19:23,2026-07-20 01:37:49,2026-07-27 09:56:57,"Credimas","","","",""
credimasbcs-prod,8919681474773492,353417142466472,,PREPAID,Active,2026-06-27 16:44:00,2026-06-27 16:46:17,Motosafe,MOTOROLA,XT2333-1,Reload,"",bardha.korqaj@tenton.co,2026-07-17 16:02:21,2026-07-17 16:12:50,2026-07-25 16:54:21,"Credimas","","","",""
credimasbcs-prod,8948986217434075,353417142469807,,PREPAID,Active,2026-06-28 15:32:59,2026-06-28 15:35:55,Motosafe,MOTOROLA,XT2333-1,Reload,"",bardha.korqaj@tenton.co,2026-07-19 15:41:14,2026-07-19 15:41:14,2026-07-26 15:40:38,"Credimas","","","",""
credimasbcs-prod,8953370113195569,351755484908367,,PREPAID,Active,2026-06-19 21:34:20,2026-06-19 21:39:15,KnoxGuard,SAMSUNG,SM-A075M,Unlock,"",bardha.korqaj@tenton.co,2026-07-18 14:43:37,2026-07-19 14:42:59,2026-07-25 14:42:14,"Credimas","","","",""
credimasbcs-prod,8953644971930443,351755482887548,,PREPAID,Released,2026-04-26 17:59:58,2026-04-26 18:05:16,KnoxGuard,SAMSUNG,SM-A075M,Release,"",bardha.korqaj@tenton.co,2026-07-16 21:11:11,2026-07-16 01:55:33,2026-07-26 18:12:37,"Credimas","","","",""
credimasbcs-prod,8957931850433996,355436691832767,,PREPAID,Locked,2026-05-10 11:58:42,2026-05-10 12:06:00,KnoxGuard,SAMSUNG,SM-A165M,Lock,"",system@trustonic.com,2026-07-03 22:10:38,2026-06-30 04:09:18,2026-07-03 21:57:46,"Credimas","","","",""
credimasbcs-prod,8960058581582671,351755483397190,,PREPAID,Active,2026-06-20 15:59:07,2026-06-20 16:01:15,KnoxGuard,SAMSUNG,SM-A075M,Unlock,"",bardha.korqaj@tenton.co,2026-07-13 13:58:20,2026-07-15 14:04:35,2026-07-20 13:56:29,"Credimas","","","",""
credimasbcs-prod,8971962180360108,354696573560114,,PREPAID,Locked,2026-06-23 17:21:48,2026-06-23 17:40:00,Motosafe,MOTOROLA,XT2333-1,Lock,"",system@trustonic.com,2026-07-14 19:40:33,2026-07-16 06:16:11,2026-07-14 19:27:43,"Credimas","","","",""
credimasbcs-prod,8980723043265203,351755481905366,,PREPAID,Active,2026-06-02 11:40:44,2026-06-02 11:46:15,KnoxGuard,SAMSUNG,SM-A075M,Reload,"",bardha.korqaj@tenton.co,2026-07-16 12:22:28,2026-07-18 21:04:10,2026-08-18 14:03:06,"Credimas","","","",""
credimasbcs-prod,8985369266516214,351755482182254,,PREPAID,Locked,2026-04-25 15:52:19,2026-04-25 15:52:48,KnoxGuard,SAMSUNG,SM-A075M,Lock,"",system@trustonic.com,2026-07-18 13:25:38,2026-07-18 13:24:39,2026-07-18 13:21:42,"Credimas","","","",""
credimasbcs-prod,8990474597130981,352000537400610,,PREPAID,Active,2026-07-11 16:33:17,2026-07-11 16:36:52,Motosafe,MOTOROLA,XT2341-2,Reload,"",bardha.korqaj@tenton.co,2026-07-18 15:16:12,2026-07-19 16:58:55,2026-07-25 16:42:18,"Credimas","","","",""
credimasbcs-prod,8995753501038877,351755483393280,,PREPAID,Locked,2026-05-19 19:00:41,2026-05-19 19:05:13,KnoxGuard,SAMSUNG,SM-A075M,Lock,"",system@trustonic.com,2026-07-18 20:25:36,2026-07-18 03:05:36,2026-07-18 20:23:33,"Credimas","","","",""
credimasbcs-prod,9002556744425284,355436691646373,,PREPAID,Active,2026-07-12 15:07:36,2026-07-12 15:13:47,KnoxGuard,SAMSUNG,SM-A165M,Reload,"",bardha.korqaj@tenton.co,2026-07-19 14:34:50,2026-07-19 14:35:48,2026-07-26 15:23:09,"Credimas","","","",""
credimasbcs-prod,9014069094426533,351755483612267,,PREPAID,Active,2026-07-18 16:27:51,2026-07-18 16:33:00,KnoxGuard,SAMSUNG,SM-A075M,Reload,"",bardha.korqaj@tenton.co,2026-07-18 16:42:37,2026-07-18 23:26:21,2026-07-25 16:41:25,"Credimas","","","",""
credimasbcs-prod,9021282713363848,355436691646050,,PREPAID,Active,2026-05-16 18:11:26,2026-05-16 18:18:48,KnoxGuard,SAMSUNG,SM-A165M,Reload,"",bardha.korqaj@tenton.co,2026-07-18 13:27:14,2026-07-19 16:05:10,2026-07-25 19:16:12,"Credimas","","","",""
credimasbcs-prod,9021647055734598,351755483612002,,PREPAID,Active,2026-07-11 16:10:03,2026-07-11 16:16:04,KnoxGuard,SAMSUNG,SM-A075M,Reload,"",bardha.korqaj@tenton.co,2026-07-18 16:10:17,2026-07-19 19:16:16,2026-07-25 16:25:11,"Credimas","","","",""
credimasbcs-prod,9029835076308651,353417142463461,,PREPAID,Active,2026-07-16 15:32:02,2026-07-16 15:35:43,Motosafe,MOTOROLA,XT2333-1,Unlock,"",bardha.korqaj@tenton.co,2026-07-18 11:34:47,2026-07-19 10:56:40,2026-07-23 15:45:49,"Credimas","","","",""
credimasbcs-prod,9036085845672461,359679324877297,,PREPAID,Active,2026-06-07 14:37:07,2026-06-07 14:41:01,Motosafe,MOTOROLA,XT2343-1,Unlock,"",bardha.korqaj@tenton.co,2026-07-13 13:25:08,2026-07-15 15:51:37,2026-07-20 13:25:01,"Credimas","","","",""
credimasbcs-prod,9055268000880815,353417142463875,,PREPAID,Locked,2026-07-08 19:12:58,2026-07-08 19:20:15,Motosafe,MOTOROLA,XT2333-1,Lock,"",system@trustonic.com,2026-07-15 19:55:32,2026-07-13 23:32:35,2026-07-15 19:44:31,"Credimas","","","",""
credimasbcs-prod,9061446572932197,354844850703805,,PREPAID,Ready For Use,2026-07-09 14:50:56,,KnoxGuard,SAMSUNG,SM-A376B/DS,Register,"",bardha.korqaj@tenton.co,2026-07-09 14:50:56,,,"Credimas","","","",""
credimasbcs-prod,9073329114088576,353270602675136,,PREPAID,Locked,2026-06-13 18:15:22,2026-06-13 18:20:23,Motosafe,MOTOROLA,XT2425-1,Lock,"",system@trustonic.com,2026-07-18 18:55:36,2026-07-19 08:01:37,2026-07-18 18:42:43,"Credimas","","","",""
credimasbcs-prod,9090620669321780,354499630556203,,PREPAID,Active,2026-07-16 16:22:43,2026-07-16 16:26:29,KnoxGuard,SAMSUNG,SM-A175F,Reload,"",bardha.korqaj@tenton.co,2026-07-16 16:45:54,2026-07-19 16:46:18,2026-07-23 16:45:00,"Credimas","","","",""
credimasbcs-prod,9094262961467960,356034166389337,,PREPAID,Active,2026-06-16 19:23:00,2026-06-16 19:29:31,KnoxGuard,SAMSUNG,SM-A165M,Reload,"",bardha.korqaj@tenton.co,2026-07-14 22:08:11,2026-07-15 22:07:38,2026-07-22 19:05:43,"Credimas","","","",""
credimasbcs-prod,9109787457208777,356034168528130,,PREPAID,Active,2026-06-12 13:51:48,2026-06-12 14:00:02,KnoxGuard,SAMSUNG,SM-A165M,Unlock,"",bardha.korqaj@tenton.co,2026-07-13 13:00:48,2026-07-15 11:37:58,2026-07-20 12:59:34,"Credimas","","","",""
credimasbcs-prod,9115533414143884,359679324875770,,PREPAID,Active,2026-04-24 12:29:34,2026-06-06 15:34:45,Motosafe,MOTOROLA,XT2343-1,Reload,"",bardha.korqaj@tenton.co,2026-07-18 17:48:03,2026-07-20 02:34:33,2026-07-25 21:23:22,"Credimas","","","",""
credimasbcs-prod,9121302525904641,354944600072913,,PREPAID,Locked,2026-06-28 12:33:01,2026-06-28 12:36:42,G-LOCK,INFINIX,X6730B,Lock,"",system@trustonic.com,2026-07-19 13:55:41,2026-07-19 13:32:25,2026-07-19 13:50:45,"Credimas","","","",""
credimasbcs-prod,9142675803630856,359679326523030,,PREPAID,Active,2026-06-17 16:22:24,2026-06-17 16:39:49,Motosafe,MOTOROLA,XT2343-1,Unlock,"",bardha.korqaj@tenton.co,2026-07-17 23:33:59,2026-07-20 05:59:55,2026-07-23 17:07:41,"Credimas","","","",""
credimasbcs-prod,9185621565367674,356214264334977,,PREPAID,Active,2026-07-11 15:13:48,2026-07-11 15:20:21,Motosafe,MOTOROLA,XT2363-1,Reload,"",bardha.korqaj@tenton.co,2026-07-17 23:52:12,2026-07-20 02:52:34,2026-07-25 15:26:57,"Credimas","","","",""
credimasbcs-prod,9193664704784700,359679326460191,,PREPAID,Active,2026-07-14 12:55:32,2026-07-14 13:00:37,Motosafe,MOTOROLA,XT2343-1,Unlock,"",bardha.korqaj@tenton.co,2026-07-15 16:27:08,2026-07-15 17:55:41,2026-07-28 13:05:17,"Credimas","","","",""
credimasbcs-prod,9202226550711773,356034163659898,,PREPAID,Active,2026-07-01 11:50:49,2026-07-01 11:56:21,KnoxGuard,SAMSUNG,SM-A165M,Reload,"",bardha.korqaj@tenton.co,2026-07-18 14:17:33,2026-07-19 14:17:11,2026-07-25 13:49:42,"Credimas","","","",""
credimasbcs-prod,9209936589715697,350525790907176,,PREPAID,Locked,2026-04-21 15:41:27,2026-04-21 15:46:24,KnoxGuard,SAMSUNG,SM-A166M/DS,Lock,"",system@trustonic.com,2026-07-08 20:10:48,2026-06-17 15:25:24,2026-07-08 20:09:46,"Credimas","","","",""
credimasbcs-prod,9225186540601642,351755482172339,,PREPAID,Active,2026-04-26 14:02:43,2026-04-26 14:06:37,KnoxGuard,SAMSUNG,SM-A075M,Reload,"",bardha.korqaj@tenton.co,2026-07-15 14:23:16,2026-07-15 14:22:43,2026-07-22 14:21:16,"Credimas","","","",""
credimasbcs-prod,9233406295994838,353548750575640,,PREPAID,Active,2026-05-18 17:45:15,2026-05-18 17:47:33,KnoxGuard,SAMSUNG,SM-A256E/DSN,Reload,"",bardha.korqaj@tenton.co,2026-07-13 15:33:32,2026-07-15 15:33:17,2026-07-20 21:44:49,"Credimas","","","",""
credimasbcs-prod,9278297250708045,353417142462315,,PREPAID,Active,2026-07-03 14:03:04,2026-07-03 14:33:42,Motosafe,MOTOROLA,XT2333-1,Unlock,"",bardha.korqaj@tenton.co,2026-07-18 12:00:34,2026-07-19 08:09:52,2026-07-25 12:00:28,"Credimas","","","",""
credimasbcs-prod,9302740574124181,356214264320273,,PREPAID,Active,2026-07-10 19:58:03,2026-07-10 20:00:38,Motosafe,MOTOROLA,XT2363-1,Reload,"",bardha.korqaj@tenton.co,2026-07-17 19:08:54,2026-07-20 06:13:51,2026-07-31 20:06:30,"Credimas","","","",""
credimasbcs-prod,9348772469424925,353417142462901,,PREPAID,Active,2026-07-13 20:12:51,2026-07-13 20:15:19,Motosafe,MOTOROLA,XT2333-1,Reload,"",bardha.korqaj@tenton.co,2026-07-18 19:51:08,2026-07-20 04:59:08,2026-07-27 20:23:35,"Credimas","","","",""
credimasbcs-prod,9353083536867855,862118080930321,,PREPAID,Active,2026-05-15 14:30:15,2026-05-15 14:37:40,G-LOCK,HONOR,LGN-LX3,Reload,"",bardha.korqaj@tenton.co,2026-07-10 21:36:19,2026-07-12 21:39:52,2026-07-21 21:03:48,"Credimas","","","",""
credimasbcs-prod,9354697121047707,352335289969705,,PREPAID,Active,2026-07-13 11:56:38,2026-07-13 12:01:59,KnoxGuard,SAMSUNG,SM-G991U1,Reload,"",bardha.korqaj@tenton.co,2026-07-18 17:17:43,2026-07-19 17:17:01,2026-07-27 12:28:42,"Credimas","","","",""
credimasbcs-prod,9364939397287918,351755482899949,,PREPAID,Active,2026-05-04 20:29:07,2026-05-04 20:39:08,KnoxGuard,SAMSUNG,SM-A075M,Unlock,"",bardha.korqaj@tenton.co,2026-07-13 21:52:41,2026-07-15 18:18:28,2026-07-20 21:51:26,"Credimas","","","",""
credimasbcs-prod,9376583446882970,357764830104402,,PREPAID,Active,2026-06-13 16:36:08,2026-06-13 16:40:09,KnoxGuard,SAMSUNG,SM-A266M/DS,Reload,"",bardha.korqaj@tenton.co,2026-07-18 14:26:11,2026-07-19 14:56:40,2026-07-25 16:46:19,"Credimas","","","",""
credimasbcs-prod,9405910386995849,355436691775685,,PREPAID,Active,2026-04-28 19:53:14,2026-04-28 20:15:18,KnoxGuard,SAMSUNG,SM-A165M,Unlock,"",bardha.korqaj@tenton.co,2026-07-15 18:10:23,2026-07-15 18:09:55,2026-07-22 18:08:54,"Credimas","","","",""
credimasbcs-prod,9406595358165478,355436690283426,,PREPAID,Active,2026-07-11 15:25:50,2026-07-11 15:32:03,KnoxGuard,SAMSUNG,SM-A165M,Reload,"",bardha.korqaj@tenton.co,2026-07-18 15:12:26,2026-07-19 15:12:05,2026-07-25 15:44:25,"Credimas","","","",""
credimasbcs-prod,9467476570446714,351755482507641,,PREPAID,Active,2026-05-11 12:04:31,2026-05-11 12:08:53,KnoxGuard,SAMSUNG,SM-A075M,Unlock,"",bardha.korqaj@tenton.co,2026-07-16 20:41:00,2026-07-18 18:53:45,2026-07-23 20:39:51,"Credimas","","","",""
credimasbcs-prod,9496549680622670,350525790834750,,PREPAID,Active,2026-04-25 14:39:29,2026-04-25 14:42:41,KnoxGuard,SAMSUNG,SM-A166M/DS,Reload,"",bardha.korqaj@tenton.co,2026-07-19 19:29:30,2026-07-19 19:29:08,2026-07-26 19:35:50,"Credimas","","","",""
credimasbcs-prod,9522995831982575,355436691780115,,PREPAID,Active,2026-05-25 19:45:12,2026-05-25 19:51:34,KnoxGuard,SAMSUNG,SM-A165M,Reload,"",bardha.korqaj@tenton.co,2026-07-13 19:06:11,2026-07-16 05:18:39,2026-07-20 20:01:30,"Credimas","","","",""
credimasbcs-prod,9546481658154283,356034165862888,,PREPAID,Active,2026-07-08 14:24:42,2026-07-08 14:29:02,KnoxGuard,SAMSUNG,SM-A165M,Reload,"",bardha.korqaj@tenton.co,2026-07-15 13:22:22,2026-07-15 13:22:19,2026-07-22 14:36:28,"Credimas","","","",""
credimasbcs-prod,9547814347292083,356034168527744,,PREPAID,Active,2026-04-29 13:25:50,2026-04-29 13:30:00,KnoxGuard,SAMSUNG,SM-A165M,Unlock,"",bardha.korqaj@tenton.co,2026-07-19 14:52:28,2026-07-19 15:18:58,2026-07-26 14:51:03,"Credimas","","","",""
credimasbcs-prod,9610848904500946,355436691643735,,PREPAID,Active,2026-05-12 13:03:53,2026-05-12 13:10:22,KnoxGuard,SAMSUNG,SM-A165M,Reload,"",bardha.korqaj@tenton.co,2026-07-15 12:14:09,2026-07-15 12:13:48,2026-07-22 13:12:12,"Credimas","","","",""
credimasbcs-prod,9626886620506738,355913382758782,,PREPAID,Active,2026-06-18 14:12:43,2026-06-18 14:32:09,Motosafe,MOTOROLA,XT2425-1,Unlock,"",bardha.korqaj@tenton.co,2026-07-14 16:32:44,2026-07-15 14:56:32,2026-07-21 16:32:39,"Credimas","","","",""
credimasbcs-prod,9627806838219641,352041714980081,,PREPAID,Active,2026-07-05 17:46:34,2026-07-05 17:49:03,KnoxGuard,SAMSUNG,SM-A366E/DS,Reload,"",bardha.korqaj@tenton.co,2026-07-19 13:35:01,2026-07-19 20:17:01,2026-07-26 17:52:29,"Credimas","","","",""
credimasbcs-prod,9656273241015567,351755483357053,,PREPAID,Active,2026-06-20 11:12:08,2026-06-20 11:16:25,KnoxGuard,SAMSUNG,SM-A075M,Reload,"",bardha.korqaj@tenton.co,2026-07-18 17:02:24,2026-07-19 18:12:27,2026-07-25 19:12:56,"Credimas","","","",""
credimasbcs-prod,9689588432073195,353417142463479,,PREPAID,Active,2026-07-04 12:06:48,2026-07-04 12:11:57,Motosafe,MOTOROLA,XT2333-1,Reload,"",bardha.korqaj@tenton.co,2026-07-18 11:29:58,2026-07-20 06:11:34,2026-07-26 10:46:46,"Credimas","","","",""
credimasbcs-prod,9694919512716708,355436690285801,,PREPAID,Active,2026-07-15 18:35:25,2026-07-15 18:39:43,KnoxGuard,SAMSUNG,SM-A165M,Unlock,"",bardha.korqaj@tenton.co,2026-07-16 20:35:16,2026-07-19 23:30:31,2026-07-22 18:47:09,"Credimas","","","",""
credimasbcs-prod,9697424507002570,353417142463669,,PREPAID,Active,2026-07-05 12:19:22,2026-07-05 12:38:34,Motosafe,MOTOROLA,XT2333-1,Unlock,"",bardha.korqaj@tenton.co,2026-07-19 19:34:16,2026-07-19 19:34:16,2026-07-26 19:33:57,"Credimas","","","",""
credimasbcs-prod,9703538650945567,355436691783051,,PREPAID,Active,2026-07-03 14:36:24,2026-07-06 13:42:27,KnoxGuard,SAMSUNG,SM-A165M,Unlock,"",bardha.korqaj@tenton.co,2026-07-15 14:44:28,2026-07-15 15:47:15,2026-07-22 14:43:04,"Credimas","","","",""
credimasbcs-prod,9739186970797269,351755485007052,,PREPAID,Locked,2026-06-29 15:56:59,2026-06-29 15:59:20,KnoxGuard,SAMSUNG,SM-A075M,Lock,"",system@trustonic.com,2026-07-13 20:25:36,2026-07-06 21:49:01,2026-07-13 20:14:25,"Credimas","","","",""
credimasbcs-prod,9841622408037502,356700840009463,,PREPAID,Active,2026-07-06 17:42:16,2026-07-06 17:46:38,KnoxGuard,SAMSUNG,SM-A366E/DS,Unlock,"",bardha.korqaj@tenton.co,2026-07-13 18:10:46,2026-07-15 20:06:30,2026-07-20 18:09:37,"Credimas","","","",""
credimasbcs-prod,9849813607747638,359679326452776,,PREPAID,Active,2026-07-12 16:35:46,2026-07-12 16:37:23,Motosafe,MOTOROLA,XT2343-1,Reload,"",bardha.korqaj@tenton.co,2026-07-19 15:06:21,2026-07-19 15:06:21,2026-07-26 16:46:40,"Credimas","","","",""
credimasbcs-prod,9854252321962217,351755481975443,,PREPAID,Locked,2026-05-11 13:54:37,2026-05-11 13:56:49,KnoxGuard,SAMSUNG,SM-A075M,Lock,"",system@trustonic.com,2026-07-13 20:10:36,2026-07-06 20:02:35,2026-07-13 20:02:09,"Credimas","","","",""
credimasbcs-prod,9860621158382266,352000538669213,,PREPAID,Active,2026-07-14 20:34:49,2026-07-14 20:35:40,Motosafe,MOTOROLA,XT2341-2,Reload,"",bardha.korqaj@tenton.co,2026-07-14 20:44:49,2026-07-16 03:29:52,2026-07-21 20:44:43,"Credimas","","","",""
credimasbcs-prod,9864560872710498,862118080925685,,PREPAID,Active,2026-07-08 17:24:08,2026-07-08 17:33:44,G-LOCK,HONOR,LGN-LX3,Unlock,"",bardha.korqaj@tenton.co,2026-07-16 10:23:15,2026-07-19 10:33:54,2026-07-23 10:23:09,"Credimas","","","",""
credimasbcs-prod,9873069366746475,357617702567827,,PREPAID,Active,2026-05-14 12:34:49,2026-05-14 12:39:16,KnoxGuard,SAMSUNG,SM-A266M/DS,Unlock,"",bardha.korqaj@tenton.co,2026-07-15 16:17:36,2026-07-15 18:49:23,2026-07-22 16:16:37,"Credimas","","","",""
credimasbcs-prod,9885597340873508,353417142468965,,PREPAID,Active,2026-07-04 21:02:53,2026-07-04 21:05:15,Motosafe,MOTOROLA,XT2333-1,Reload,"",bardha.korqaj@tenton.co,2026-07-16 20:05:09,2026-07-19 21:41:54,2026-07-29 21:12:22,"Credimas","","","",""
credimasbcs-prod,9888206681974070,351755483268722,,PREPAID,Locked,2026-06-22 12:17:12,2026-06-22 12:20:55,KnoxGuard,SAMSUNG,SM-A075M,Lock,"",system@trustonic.com,2026-07-14 22:25:35,2026-07-10 17:25:46,2026-07-14 22:16:57,"Credimas","","","",""
credimasbcs-prod,9904463528378086,351755482180225,,PREPAID,Active,2026-05-29 18:36:00,2026-05-29 18:48:34,KnoxGuard,SAMSUNG,SM-A075M,Reload,"",bardha.korqaj@tenton.co,2026-07-17 19:15:55,2026-07-19 19:16:32,2026-07-25 14:36:51,"Credimas","","","",""
credimasbcs-prod,9913465107748784,351755484220912,,PREPAID,Locked,2026-06-07 19:52:48,2026-06-07 20:05:17,KnoxGuard,SAMSUNG,SM-A075M,Lock,"",system@trustonic.com,2026-07-06 20:10:35,2026-07-04 22:35:25,2026-07-06 20:07:26,"Credimas","","","",""
credimasbcs-prod,9915769644672388,351755483394833,,PREPAID,Active,2026-05-26 15:55:06,2026-05-26 16:06:12,KnoxGuard,SAMSUNG,SM-A075M,Unlock,"",bardha.korqaj@tenton.co,2026-07-15 00:01:37,2026-07-16 00:03:21,2026-07-22 00:00:32,"Credimas","","","",""
credimasbcs-prod,9925437277190287,353270602641773,,PREPAID,Active,2026-06-29 20:45:58,2026-06-29 20:53:33,Motosafe,MOTOROLA,XT2425-1,Reload,"",bardha.korqaj@tenton.co,2026-07-13 19:01:02,2026-07-15 19:09:49,2026-07-20 21:32:06,"Credimas","","","",""
credimasbcs-prod,9937089128028232,352041714100607,,PREPAID,Active,2026-06-28 20:37:15,2026-06-28 20:40:23,KnoxGuard,SAMSUNG,SM-A366E/DS,Unlock,"",bardha.korqaj@tenton.co,2026-07-13 17:05:59,2026-07-15 10:42:44,2026-07-20 17:05:06,"Credimas","","","",""
credimasbcs-prod,9939173681901019,351755481805137,,PREPAID,Active,2026-05-10 16:21:51,2026-05-10 16:26:18,KnoxGuard,SAMSUNG,SM-A075M,Reload,"",bardha.korqaj@tenton.co,2026-07-16 09:01:16,2026-07-16 09:11:18,2026-07-23 12:17:04,"Credimas","","","",""
credimasbcs-prod,9944965912693038,359679326517362,,PREPAID,Ready For Use,2026-07-06 11:47:33,,Motosafe,MOTOROLA,XT2343-1,Register,"",bardha.korqaj@tenton.co,2026-07-06 11:47:33,,,"Credimas","","","",""
credimasbcs-prod,9949298841132794,352000537408811,,PREPAID,Active,2026-07-08 16:15:45,2026-07-08 16:26:55,Motosafe,MOTOROLA,XT2341-2,Unlock,"",bardha.korqaj@tenton.co,2026-07-15 21:01:18,2026-07-15 21:01:19,2026-07-22 18:21:10,"Credimas","","","",""
credimasbcs-prod,9959471164702621,355436691641838,,PREPAID,Active,2026-05-16 18:54:25,2026-05-16 18:59:04,KnoxGuard,SAMSUNG,SM-A165M,Reload,"",bardha.korqaj@tenton.co,2026-07-18 21:00:14,2026-07-20 06:49:37,2026-07-25 21:13:06,"Credimas","","","",""
credimasbcs-prod,9964254512522289,351755483743922,,PREPAID,Active,2026-06-25 18:55:15,2026-06-25 18:59:40,KnoxGuard,SAMSUNG,SM-A075M,Reload,"",bardha.korqaj@tenton.co,2026-07-15 16:43:26,2026-07-15 16:42:52,2026-07-23 19:11:55,"Credimas","","","",""
credimasbcs-prod,9981542929203730,356034166297043,,PREPAID,Active,2026-06-06 14:48:19,2026-06-06 14:52:47,KnoxGuard,SAMSUNG,SM-A165M,Reload,"",bardha.korqaj@tenton.co,2026-07-18 14:30:58,2026-07-19 14:41:12,2026-07-25 20:34:57,"Credimas","","","",""
